<?xml version="1.0" encoding="utf-8"?>
<resources xmlns:tools="http://schemas.android.com/tools">
	<string name="peq_app_name">Poweramp Ekvalizér</string>
	<string name="pref_known_players">Známé Přehrávače</string>
	<string name="pref_summary_known_players">Povolit/zakázat ekvalizaci pro přehrávače</string>
	<string name="pref_known_players_hint">Přehrajte cokoliv v jakémkoliv přehrávači (pokud je ekvalizavce zpozorována) aplikace se objeví zde</string>
	<string name="pref_known_players_hint2">Některé přehrávače mohou vyžadovat výběr nové skladby nebo pozastavit a restartovat pro spuštění ekvalizace</string>
	<string name="pref_known_players_hint3">Po restartu, může být ekvalizace prodlevu o 1-2 minuty. Povolením automatického spuštění Poweramp Ekvalizéru po startu zkrátíte prodlevu</string>
	<string name="pref_known_players_hint4">Přehrávač Poweramp je ignorován</string>
	<string name="pref_enable_for_app">Povolit pro aplikaci</string>
	<string name="pref_last_time_seen">Poslední čas spatření</string>
	<string name="pref_summary_eq_disable_dvc">Vypnout Přímé Ovládání Hlasitosti pro toto zařízení</string>
	<string name="pref_summary_eq_opt_player_restart">V závislosti na vybraném přehrávači, tato možnost se může projevit až po výběru následující skladby, restartování přehrávače, atd.</string>
	<string name="pref_summary_eq_player_fade">Dočasně ztlumit přehrávač po vytvoření relace aby se předešlo zvukovým artefaktů</string>
	<string name="pref_summary_eq_player_fade_msg">Pomáhá zmírnit chybu přehrávače s konstantní rekreací zvukových relací: při změně skladby, při hledání, atd.</string>
	<string name="volume_and_tweaks">Hlasitost a úpravy</string>
	<string name="pref_app_session_is_buggy_icon">Tato aplikace má známé chyby</string>
	<string name="pref_app_session_is_buggy">Tato aplikace má známou chybu, která nesprávně hlásí Audio relaci pro ekvalizér</string>
	<string name="pref_app_multiple_sessions_bug">Tato aplikace má známou chybu, ve které vzniká více aktivních zvukových relací</string>
	<string name="hint_session_com_google_android_apps_youtube_music"><![CDATA[Řešení chyby "Nepřehrávat hudební video" v nastavení YouTube Music může pomoci přepnutí mezi video/zvukovou verzí skladby]]></string>
	<string name="pref_report_bug_from_player">Prosím nahlaste chybu přímo z aplikace přehrávače!</string>
	<string name="pref_press_for_bug_desc">Stiskněte zde pro zkopírování popisu chyby</string>
	<string name="enable_vis">Povolit Vizualizace</string>
	<string name="enable_vis_perm_required">Oprávnění požadováno k povolení Vizualizace</string>
	<string name="enable_vis_perm_no_mic">Poweramp Ekvalizér nikdy nenahrává zvuk nebo nepoužívá mikrofón, navzdory názvu oprávnění</string>
	<string name="enable_vis_perm_later">Vizualizace můžete povolit později v Nastavení</string>
	<string name="pref_enable_dvc_for_bt">Povolit DVC pro Bluetooth</string>
	<string name="pref_summary_enable_dvc_for_bt">DVC pro Bluetooth vyžaduje Absolutní Hlasitost/Synchronizaci Hlasitosti Medii v systémovém nastavení vypnutou</string>
	<string name="pref_summary_peq_equalizer">Nastavení Ekvalizéru, známé přehrávače, DVC</string>
	<string name="pref_summary_peq_look_and_feel">Skin, jazyk, upozornění</string>
	<string name="pref_utils">Nástroje</string>
	<string name="pref_summary_utils">Obnovit po připojení headsetu, ovládání tlačítek hlasitosti, úprav</string>
	<string name="pref_volume_keys">Tlačítka Hlasitosti</string>
	<string name="pref_peq_volume_keys_long_press_hint">Změna skladby pomocí dlouhého stisku tlačítek Hlasitosti. Tato operace používá polo-oficiální Android 8+ API, kterou lze aktivovat pouze pomocí ADB (nebo shell) příkazu (jeden řádek, klikněte zde ke zkopírování příkazu):</string>
	<string name="pref_long_volume_resume">Také Pokračovat po Dlouhé-Stisku tlačítek Hlasitosti</string>
	<string name="pref_summary_long_volume_resume">Příkaz Poslat a Pokračovat, také začít přehrávat pro nedávno použitý přehrávač</string>
	<string name="h_first_start_msg">Pro povolení ekvalizace pro přehrávač, který je spuštěn před instalací Poweramp Ekvalizéru/první spuštění, budete možná muset <b>pozastavit</b> a <b>restartovat</b> jednou skrze poslední aplikace</string>
	<string name="pref_notification_type_micro">Mikro</string>
	<string name="pref_summary_notification_type_micro">Upozornění, které zabírá co nejmíň možného místa</string>
	<string name="pref_notification_type_standard">Standardní</string>
	<string name="pref_summary_notification_type_standard">Standardní velikost upozornění</string>
	<string name="pref_peq_notification_msg1">Upozornění je vyžadováno pro ponechání Poweramp Ekvalizéu naživu</string>
	<string name="pref_peq_notification_msg2">Upozornění je obzvláště důležité na některých zařízeních pro předčasně ukončení aplikace, nebo když Poweramp Ekvalizér by měl být naživu po celou dobu, například, ke zpracování tlačítek hlasitosti nebo po připojení headsetu</string>
	<string name="pref_peq_notification_msg3"><![CDATA[Doporučená cesta ke skrytí upozornění je skrze <a href="android_notif_settings">Nastavení Upozornění Android</a>"]]></string>
	<string name="pref_summary_peq_keep_notification_always">Upozornění zůstává i když aplikace přehrávače nic nepřehrává, ponechává Poweramp Ekvalizér připravený pro další přehrávání</string>
	<string name="pref_summary_peq_keep_notification_always_msg">Pokid je zakázáno, upozornění je odstraněno po nějaké době od zavření přehrávače, které dále nevyžadují ekvalizaci</string>
	<string name="pref_summary_peq_no_keep_notif_on_dscn">Upozornění je odebráno při odpojení Headsetu/BT</string>
	<string name="pref_peq_buy">Koupit Poweramp Ekvalizér</string>
	<string name="pref_peq_long_close_delay">Ponechat Relaci Ekvalizéru</string>
	<string name="pref_summary_peq_long_close_delay">Ponechat aktivní relaci pro přehrávač. Potřebné pro přehrávače, které ruší relaci ekvalizece při pozastavení, toto způsobuje zvukové artefakty při pokračování</string>
	<string name="pref_peq_doesnt_increase_res_usage">Nezvyšovat využívání zdrojů, ale udržet Poweramp Ekvalizér naživu déle</string>
	<string name="pref_peq_increases_res_usage">Zvýšit využívání zdrojů</string>
	<string name="pref_test_build">Testovací sestavení</string>
	<string name="test_build_expired">Testovací Sestavení Vypršelo</string>
	<string name="update_app">Prosím aktualizujte aplikaci</string>
	<string name="thanks_for_testing">Děkuji za testování!</string>
	<string name="pref_peq_blocksize">Velikost Bloku</string>
	<string name="pref_summary_peq_blocksize">Definuje počet vzorkových bloků pro zpracování, Vetší velikost bloků zvyšuje rozlišení frekvence, ale také zvyšuje využívání CPU. Snižte pokud zvuk přeskakuje</string>
	<string name="pref_peq_blocksize_hires">Velikost Bloku pro Hi-Res</string>
	<string name="pref_summary_peq_blocksize_hires">Velikost bloku pro Hi-Res zvuk může být zredukován pokud zvuk přeskakuje například pro Hi-Res/LDAC přehrávání</string>
	<string name="pref_peq_blocksize_hires_msg">Většina streamovacích přehrávačů využívá 44,1kHz/48kHz je doporučeno nastavit 44,1/48kHz pro LDAC (nebo pro Hi-Res výstupy) a také pro vyhnutí se extra převzorkování a/nebo zvýšení využítí CPU</string>
	<string name="pref_peq_blocksize_msg_android_9">Android 9 má chybu, která vyžaduje větší velikost bloku k předejití korelovaným basovým klikům při zvýšení basů</string>
	<string name="pref_peq_multi_session">Více-relační</string>
	<string name="pref_summary_peq_multi_session">Řešení pro chybu, když aplikace přehrávače vytvoří více aktivních audio relací</string>
	<!-- I.e. playback audio session -->
	<string name="audio_session">Zvuková relace</string>
	<string name="samples_d">Příklady: %d</string>
	<string name="compressor">Kompresor</string>
	<string name="h_compressor">Komprese Dynamického rozsahu</string>
	<string name="pref_summary_peq_compressor">Další parametry komprese</string>
	<!-- %.1 is replaced to a number of milliseconds -->
	<string name="f1_ms">%.1fms</string>
	<!-- %.0 is replaced to a number of milliseconds -->
	<string name="f0_ms">%.0fms</string>
	<!-- (Compressor) Attack time -->
	<string name="compr_attack">Attack</string>
	<!-- (Compressor) Release time -->
	<string name="compr_release">Uvolnění</string>
	<!-- (Compressor) Ratio -->
	<string name="compr_ratio">Poměr</string>
	<!-- (Compressor) Knee -->
	<string name="compr_knee">Knee</string>
	<!-- (Compressor) Threshold -->
	<string name="compr_thr">Práh</string>
	<!-- (Compressor) Gain -->
	<string name="compr_gain">Zisk</string>
	<!-- (Compressor) Frequency -->
	<string name="compr_freq">Frekvence</string>
	<!-- (Compressor) Expand Ratio -->
	<string name="compr_expand_ratio">Rozšířit Poměr</string>
	<!-- (Compressor) Noise Gate -->
	<string name="compr_noise_gate">Hluková Brána</string>
	<!-- (Compressor) Pre-gain -->
	<string name="compr_pregain">Před-zisk</string>
	<string name="recently_rebooted">Nedávno Restartováno</string>
	<string name="recently_rebooted_msg">Ekvalizace může začít až s minutovým zpožděním po restartu, kvůli limitaci OS</string>
	<string name="pref_peq_enable">Povolit Zpracování Zvuku</string>
	<string name="pref_summary_peq_enable">Pokud je zakázáno, žádné zvuky nejsou zpracovány</string>
	<string name="audio_processing_disabled">Zpracování Zvuku Zakázáno</string>
	<string name="peq_enable_press_to_reenable"><![CDATA[<a href="settings/peq_equ#peq_enable">Stiskněte zde pro znovu-povolení</a>]]></string>
	<!-- Icon -->
	<string name="black_equ">Černý Ekvalizér</string>
	<!-- Icon -->
	<string name="white_equ">Bílý Ekvalizér</string>
	<string name="active_players">Aktivní Přehrávače</string>
	<string name="pref_about_peq">O Ekvalizéru Poweramp</string>
	<string name="h_recognized_active_players">Rozpoznat aktivní přehrávače</string>
	<string name="pref_advanced_player_tracking">Pokročilé Sledování Přehrávače</string>
	<string name="pref_summary_advanced_player_tracking">Povolí ekvalizaci v téměř jakémkoliv přehrávači, ale vyžaduje přídavná oprávnění</string>
	<!-- "DUMP" is probably shoud not be translated -->
	<string name="pref_dump_permission">DUMP Oprávnění</string>
	<!-- "DUMP", "ADB" - probably shoud not be translated, "shell" - means shell command console -->
	<string name="pref_dump_permission_hint">DUMP oprávnění je použité ke získání seznamu všech audio přehrávacích zdrojů. Toto může být aktivováno přes ADB (nebo shell) příkaz (klikněte zde ke zkopírování jednořádkového příkazu):</string>
	<string name="pref_notification_listener_permission">Oznámení Oprávnění Naslouchání</string>
	<string name="pref_notification_listener_permission_hint">Oznámení oprávnění naslouchání je použito, když přehrávače zveřejní jejich oznámení a/nebo změní svůj status přehrávání/pauze</string>
	<string name="pref_notification_listener_permission_hint2">Poweramp Ekvalizér používá pouze oznámení od mediálních přehrávačů</string>
	<string name="pref_enable_player_tracking">Povolit Sledování Přehrávačů</string>
	<string name="pref_requires_two_permissions">Dvě oprávnění vyžadována</string>
	<string name="pref_advanced_experimental_feature">Toto je pokročilá experimentální funkce</string>
</resources>
