<?xml version="1.0" encoding="utf-8"?>
<resources>
    <string name="paid_welcome_line1">Děkujeme za Váš nákup!</string>
    <string name="please_install_poweramp">Prosím nainstalujte <b>Poweramp (Trial)</b> - je to hlavní aplikace.</string>
    <string name="install_trial_version_msg">Plná verze,
unlocker je plugin pro Poweramp (Trial), který Vám ho změní na plnou verzi.</string>
    <string name="unlocker_can_hide_icon">Unlocker nepotřebuje ikonu v launcheru, můžete ji skrýt</string>
    <string name="unlocker_remove_msg">Unlocker můžete odinstalovat do <b>2 dní</b> po nákupu/instalaci pokud chcete</string>
    <string name="unlocker_free_reinstall_msg">Unlocker můžete vždy přeinstalovat z Google Play zadarmo</string>
    <string name="install">Nainstalujte si Poweramp</string>
    <string name="hide_icon">Skrýt Ikonu plné verze Přehráveče</string>
    <string name="start_poweramp">Spustit Poweramp</string>
    <string name="icon_hidden">Ikona může zmizet až po restartu aplikace</string>
    <string name="icon_shown">Ikona se nemusí objevit do restartu aplikace</string>
</resources>
