<?xml version="1.0" encoding="utf-8"?>
<resources xmlns:tools="http://schemas.android.com/tools">
	<string name="peq_app_name">Poweramp 均衡器</string>
	<string name="pref_known_players">已知播放器</string>
	<string name="pref_summary_known_players">为已知播放器应用启用/禁用均衡器</string>
	<string name="pref_known_players_hint">在任意播放器应用中播放内容后，该应用（如果支持均衡器）会在此处出现</string>
	<string name="pref_known_players_hint2">某些播放器可能要求选择新单轨或暂停并重新开始以开始使用均衡器</string>
	<string name="pref_known_players_hint3">重启后，均衡器可能会延迟1-2分钟。允许 Poweramp 均衡器开机自动启动可降低延迟</string>
	<string name="pref_known_players_hint4">Poweramp 播放器被忽略</string>
	<string name="pref_enable_for_app">启用的应用</string>
	<string name="pref_last_time_seen">上一次出现</string>
	<string name="pref_summary_eq_disable_dvc">为这些应用禁用直接音量控制</string>
	<string name="pref_summary_eq_opt_player_restart">取决于播放器，此选项可能在选择新音轨或重启播放器等操作之后才会生效</string>
	<string name="pref_summary_eq_player_fade">重新创建会话时临时淡入播放器以避免音频噪音</string>
	<string name="pref_summary_eq_player_fade_msg">通过持续不断的音频会话重建有助于缓解播放器问题：更改曲目，搜索时等。</string>
	<string name="volume_and_tweaks">音量与调整</string>
	<string name="pref_app_session_is_buggy_icon">该应用有已知问题</string>
	<string name="pref_app_session_is_buggy">该应用有已知问题：无法将音频会话汇报给均衡器</string>
	<string name="pref_app_multiple_sessions_bug">该应用有已知问题：无法创建多个活动的音频会话</string>
	<string name="hint_session_com_google_android_apps_youtube_music"><![CDATA[为了解决这个问题，可尝试使用 YouTube Music 设置中的“不播放音乐视频”选项，或者/并且在音轨的视频/音频版本间切换]]></string>
	<string name="pref_report_bug_from_player">请在播放器应用内上报该问题！</string>
	<string name="pref_press_for_bug_desc">按此处复制问题描述</string>
	<string name="enable_vis">启用可视化</string>
	<string name="enable_vis_perm_required">启用可视化需要权限</string>
	<string name="enable_vis_perm_no_mic">虽然有要求权限，但 Poweramp 均衡器不会录制音频或使用麦克风</string>
	<string name="enable_vis_perm_later">您稍后可在设置中启用可视化</string>
	<string name="pref_enable_dvc_for_bt">为蓝牙启用 DVC</string>
	<string name="pref_summary_enable_dvc_for_bt">蓝牙的 DVC 需要关闭绝对音量/媒体音量同步系统选项</string>
	<string name="pref_summary_peq_equalizer">均衡器设置、已知播放器、DVC</string>
	<string name="pref_summary_peq_look_and_feel">皮肤、语言、通知</string>
	<string name="pref_utils">工具</string>
	<string name="pref_summary_utils">连接耳机时恢复播放、音量键控制、微调</string>
	<string name="pref_volume_keys">音量键</string>
	<string name="pref_peq_volume_keys_long_press_hint">长按音量键来切换曲目。此选项使用 Android 8+ 半官方的API，需通过以下 ADB（或 shell）命令来启用（一行，点击此处复制命令）：</string>
	<string name="pref_long_volume_resume">同时长按音量键可恢复播放</string>
	<string name="pref_summary_long_volume_resume">同时发送继续播放的命令以在最近使用的播放器中开始播放</string>
	<string name="h_first_start_msg">要在 Poweramp 均衡器安装/首次执行前就已经启动的播放器中启用均衡器，您可能需要<b>暂停</b>并在最近使用的应用列表中去掉它，再<b>重启</b>一次</string>
	<string name="pref_notification_type_micro">小</string>
	<string name="pref_summary_notification_type_micro">通知会占用尽量少的空间</string>
	<string name="pref_notification_type_standard">标准</string>
	<string name="pref_summary_notification_type_standard">标准大小的通知</string>
	<string name="pref_peq_notification_msg1">为了保证 Poweramp 均衡器能够持续运行，必须显示此通知</string>
	<string name="pref_peq_notification_msg2">有的设备会过于积极地终止应用，因此在此类设备上显示此通知尤为重要。对于 Poweramp 均衡器需要持续运行的情形，如响应音量键长按和耳机连接，此通知也是必须的</string>
	<string name="pref_peq_notification_msg3"><![CDATA[如需隐藏通知，建议通过<a href="android_notif_settings">Android通知设置</a>进行]]></string>
	<string name="pref_summary_peq_keep_notification_always">即使播放器应用没有播放音乐，通知依然会继续显示，使得 Poweramp 均衡器为下一次播放做好准备</string>
	<string name="pref_summary_peq_keep_notification_always_msg">如果被禁用，通知会在播放器关闭一段时间后被移除，因此后续不再发起均衡器请求</string>
	<string name="pref_summary_peq_no_keep_notif_on_dscn">通知消息会在耳机/蓝牙断开后被移除</string>
	<string name="pref_peq_buy">购买 Poweramp 均衡器</string>
	<string name="pref_peq_long_close_delay">保持均衡器会话</string>
	<string name="pref_summary_peq_long_close_delay">为播放器保持活动的会话。部分播放器会在暂停时关闭均衡器会话，导致恢复播放时出现杂音。对于此类播放器，需要启用此选项</string>
	<string name="pref_peq_doesnt_increase_res_usage">不会增加资源使用量，但能让 Poweramp 均衡器持续运行更久</string>
	<string name="pref_peq_increases_res_usage">会增加资源使用量</string>
	<string name="pref_test_build">测试版</string>
	<string name="test_build_expired">测试版已过期</string>
	<string name="update_app">请更新应用</string>
	<string name="thanks_for_testing">感谢您的测试！</string>
	<string name="pref_peq_blocksize">块大小</string>
	<string name="pref_summary_peq_blocksize">定义在处理区块内的样本数。较大的区块可以提频率分辨率，但也会耗用更多CPU。如果出现声音跳过的状况，请降低它</string>
	<string name="pref_peq_blocksize_hires">Hi-Res 的区块大小</string>
	<string name="pref_summary_peq_blocksize_hires">如果出现声音跳过的情况，例如在播放 Hi-Res/LDAC 时，可以降低用于 Hi-Res 音频的区块大小</string>
	<string name="pref_peq_blocksize_hires_msg">因为多数串流播放器使用 44.1kHz/48kHz，LDAC（或其他Hi-Res输出）也建议使用 44.1kHz/48kHz，以避免额外的重新采样和 CPU 消耗</string>
	<string name="pref_peq_blocksize_msg_android_9">Android 9有个问题，导致需要使用较大的区块来避免放大低音时产生相关杂音</string>
	<string name="pref_peq_multi_session">多会话</string>
	<string name="pref_summary_peq_multi_session">可解决播放器应用创建多个活动音频会话时的问题</string>
	<!-- I.e. playback audio session -->
	<string name="audio_session">音频会话</string>
	<string name="samples_d">采样：%d</string>
	<string name="compressor">压缩器</string>
	<string name="h_compressor">动态范围压缩</string>
	<string name="pref_summary_peq_compressor">额外的压缩器参数</string>
	<!-- %.1 is replaced to a number of milliseconds -->
	<string name="f1_ms">%.1fms</string>
	<!-- %.0 is replaced to a number of milliseconds -->
	<string name="f0_ms">%.0fms</string>
	<!-- (Compressor) Attack time -->
	<string name="compr_attack">开始</string>
	<!-- (Compressor) Release time -->
	<string name="compr_release">释放</string>
	<!-- (Compressor) Ratio -->
	<string name="compr_ratio">比率</string>
	<!-- (Compressor) Knee -->
	<string name="compr_knee">转折</string>
	<!-- (Compressor) Threshold -->
	<string name="compr_thr">临界值</string>
	<!-- (Compressor) Gain -->
	<string name="compr_gain">增益</string>
	<!-- (Compressor) Frequency -->
	<string name="compr_freq">频率</string>
	<!-- (Compressor) Expand Ratio -->
	<string name="compr_expand_ratio">扩展比率</string>
	<!-- (Compressor) Noise Gate -->
	<string name="compr_noise_gate">噪音门</string>
	<!-- (Compressor) Pre-gain -->
	<string name="compr_pregain">前增益</string>
	<string name="recently_rebooted">最近一次重启</string>
	<string name="recently_rebooted_msg">因系统限制，均衡器可能在系统重启后延迟几分钟启动</string>
	<string name="pref_peq_enable">启用音频处理</string>
	<string name="pref_summary_peq_enable">如果禁用，不会处理任何音频</string>
	<string name="audio_processing_disabled">音频处理已关闭</string>
	<string name="peq_enable_press_to_reenable"><![CDATA[<a href="settings/peq_equ#peq_enable">点击此处重新启用</a>]]></string>
	<!-- Icon -->
	<string name="black_equ">黑色均衡器</string>
	<!-- Icon -->
	<string name="white_equ">白色均衡器</string>
	<string name="active_players">活动的播放器</string>
	<string name="pref_about_peq">关于 Poweramp 均衡器</string>
	<string name="h_recognized_active_players">已识别的活动播放器</string>
	<string name="pref_advanced_player_tracking">高级播放器追踪</string>
	<string name="pref_summary_advanced_player_tracking">可以在几乎所有的播放器中启用均衡器，但是需要额外的权限</string>
	<!-- "DUMP" is probably shoud not be translated -->
	<string name="pref_dump_permission">DUMP 权限</string>
	<!-- "DUMP", "ADB" - probably shoud not be translated, "shell" - means shell command console -->
	<string name="pref_dump_permission_hint">DUMP 权限用于获取所有正在播放的音频会话，需通过 ADB（或 shell）命令启用此权限（点击此处复制这个单行命令）：</string>
	<string name="pref_notification_listener_permission">通知监听权限</string>
	<string name="pref_notification_listener_permission_hint">通知监听权限用于追踪播放器发出通知，以及/或追踪播放器播放/暂停状态的变化</string>
	<string name="pref_notification_listener_permission_hint2">Poweramp 均衡器只会访问媒体播放器的通知</string>
	<string name="pref_enable_player_tracking">启用播放器追踪</string>
	<string name="pref_requires_two_permissions">需要授予两个权限</string>
	<string name="pref_advanced_experimental_feature">这是一个高级实验性功能</string>
</resources>
