<?xml version="1.0" encoding="utf-8"?>
<resources>
    <string name="paid_welcome_line1">感谢您购买！</string>
    <string name="please_install_poweramp">请安装试用版 <b>Poweramp</b>，即主应用</string>
    <string name="install_trial_version_msg">Full Version Unlocker 为试用版 Poweramp 的解锁器，它可以将 Poweramp 转换成完整版</string>
    <string name="unlocker_can_hide_icon">Unlocker 不需要启动器图标，您可以将其隐藏</string>
    <string name="unlocker_remove_msg">您可以在购买/安装 Unlocker <b>2 天</b>后随意将其卸载</string>
    <string name="unlocker_free_reinstall_msg">您始终可以从 Play Store 免费重新安装 Unlocker</string>
    <string name="install">安装 Poweramp</string>
    <string name="hide_icon">将 Unlocker 图标从启动器中隐藏</string>
    <string name="start_poweramp">启动 Poweramp</string>
    <string name="icon_hidden">图标在设备重启前可能一直存在</string>
    <string name="icon_shown">图标在设备重启前可能不会出现</string>
</resources>
