<?xml version="1.0" encoding="utf-8"?>
<resources>
    <string name="paid_welcome_line1">Terima kasih atas pembelian Anda!</string>
    <string name="please_install_poweramp">Harap instal <b>Poweramp (Trial)</b> - ini adalah aplikasi utama</string>
    <string name="install_trial_version_msg">Full Version Unlocker adalah kunci untuk Poweramp (Trial) yang mengubahnya menjadi Versi Penuh</string>
    <string name="unlocker_can_hide_icon">Unlocker tidak membutuhkan ikon peluncur, Anda dapat menyembunyikannya</string>
    <string name="unlocker_remove_msg">Anda dapat menghapus Unlocker dalam <b>2 hari</b> setelah pembelian/pemasangan jika Anda inginkan</string>
    <string name="unlocker_free_reinstall_msg">Anda selalu dapat menginstal ulang Unlocker dari Google Play secara gratis</string>
    <string name="install">Instal Poweramp</string>
    <string name="hide_icon">Sembunyikan Ikon Unlocker dari Peluncur</string>
    <string name="start_poweramp">Mulai Poweramp</string>
    <string name="icon_hidden">Ikon mungkin tetap ada hingga dijalankan ulang</string>
    <string name="icon_shown">Ikon mungkin tidak muncul hingga dijalankan ulang</string>
</resources>
