<?xml version="1.0" encoding="utf-8"?>
<resources xmlns:tools="http://schemas.android.com/tools">
	<string name="peq_app_name">Poweramp Equalizer</string>
	<string name="pref_known_players">Pemutar yang Dikenal</string>
	<string name="pref_summary_known_players">Aktifkan/nonaktifkan equalizer untuk beberapa aplikasi pemutar</string>
	<string name="pref_known_players_hint">Putar sesuatu di aplikasi pemutar apa saja dan (jika equalizer mendukung) aplikasi akan muncul di sini</string>
	<string name="pref_known_players_hint2">Beberapa pemutar mungkin perlu memutar trek baru atau menjeda dan memulai ulang untuk menjalankan equalizer</string>
	<string name="pref_known_players_hint3">Setelah reboot, ekualisasi mungkin akan tertunda 1-2 menit. Mengizinkan Poweramp Equalizer untuk mulai otomatis saat startup dapat mengurangi waktu tunda</string>
	<string name="pref_known_players_hint4">Poweramp player diabaikan</string>
	<string name="pref_enable_for_app">Aktifkan untuk aplikasi</string>
	<string name="pref_last_time_seen">Terakhir dilihat</string>
	<string name="pref_summary_eq_disable_dvc">Nonaktifkan Direct Volume Control untuk aplikasi ini</string>
	<string name="pref_summary_eq_opt_player_restart">Tergantung pada pemutar, opsi ini mungkin akan berefek pada trek selanjutnya dipilih, pemutar diulang, dll.</string>
	<string name="pref_summary_eq_player_fade">Pudarkan pemutar sementara saat sesi dibuat ulang untuk menghindari artefak audio</string>
	<string name="pref_summary_eq_player_fade_msg">Membantu mengurangi bug pemutar dengan pembuatan ulang sesi audio secara konstan: perubahan trek, pencarian, dll.</string>
	<string name="volume_and_tweaks">Volume dan tweak</string>
	<string name="pref_app_session_is_buggy_icon">Aplikasi ini memiliki bug</string>
	<string name="pref_app_session_is_buggy">Aplikasi ini memiliki bug untuk tidak melaporkan Sesi Audio untuk equalizer dengan benar</string>
	<string name="pref_app_multiple_sessions_bug">Aplikasi ini memiliki bug karena membuat beberapa sesi audio aktif sekaligus</string>
	<string name="hint_session_com_google_android_apps_youtube_music"><![CDATA[Sebagai solusi untuk bug ini, memilih "Jangan putar video musik" di setelan YouTube Music dapat membantu atau/dan beralih antara versi video/audio dari sebuah lagu]]></string>
	<string name="pref_report_bug_from_player">Laporkan bug dari dalam aplikasi pemutar!</string>
	<string name="pref_press_for_bug_desc">Tekan di sini untuk menyalin deskripsi bug</string>
	<string name="enable_vis">Aktifkan Visualisasi</string>
	<string name="enable_vis_perm_required">Izin diperlukan untuk mengaktifkan Visualisasi</string>
	<string name="enable_vis_perm_no_mic">Poweramp Equalizer tidak pernah merekam audio atau menggunakan mikrofon, terlepas dari nama izinnya</string>
	<string name="enable_vis_perm_later">Anda bisa mengaktifkan Visualisasi nanti di Pengaturan</string>
	<string name="pref_enable_dvc_for_bt">Aktifkan DVC untuk Bluetooth</string>
	<string name="pref_summary_enable_dvc_for_bt">DVC untuk Bluetooth memerlukan opsi sistem Volume Mutlak/Sinkron Volume Media dimatikan</string>
	<string name="pref_summary_peq_equalizer">Pengaturan equalizer, pemutar yang dikenal, DVC</string>
	<string name="pref_summary_peq_look_and_feel">Tema, bahasa, notifikasi</string>
	<string name="pref_utils">Utilitas</string>
	<string name="pref_summary_utils">Lanjutkan pada koneksi headset, kontrol tombol volume, tweak</string>
	<string name="pref_volume_keys">Tombol Volume</string>
	<string name="pref_peq_volume_keys_long_press_hint">Mengganti trek dengan menekan lama tombol Volume. Pilihan ini menggunakan API Android 8+ semi-resmi yang hanya dapat diaktifkan melalui perintah ADB atau shell (satu baris, klik di sini untuk menyalin perintah):</string>
	<string name="pref_long_volume_resume">Juga Lanjutkan Dengan Menekan Lama Tombol Volume</string>
	<string name="pref_summary_long_volume_resume">Kirim perintah Lanjutkan juga untuk mulai memutar di pemutar yang baru saja digunakan</string>
	<string name="h_first_start_msg">Untuk mengaktifkan equalizer untuk pemutar yang berjalan sebelum Poweramp Equalizer diinstal/pertama kali mulai,
Anda mungkin perlu <b>menjeda</b> dan <b>memulai ulang</b> pemutar sekali dengan menutupnya langsung dari Aplikasi Terbaru</string>
	<string name="pref_notification_type_micro">Mikro</string>
	<string name="pref_summary_notification_type_micro">Notifikasi yang membutuhkan ruang sesedikit mungkin</string>
	<string name="pref_notification_type_standard">Standar</string>
	<string name="pref_summary_notification_type_standard">Notifikasi berukuran standar</string>
	<string name="pref_peq_notification_msg1">Notifikasi diperlukan untuk menjaga Poweramp Equalizer tetap berjalan</string>
	<string name="pref_peq_notification_msg2">Notifikasi ini sangat penting terutama pada perangkat yang mematikan aplikasi terlalu agresif, atau saat Poweramp Equalizer harus selalu hidup, misalnya, untuk merespons tombol volume atau koneksi headset</string>
	<string name="pref_peq_notification_msg3"><![CDATA[Cara yang disarankan untuk menyembunyikan notifikasi ini adalah melalui <a href="android_notif_settings">pengaturan notifikasi Android</a>]]></string>
	<string name="pref_summary_peq_keep_notification_always">Notifikasi tetap ada meskipun aplikasi pemutar tidak sedang memutar, menjaga Poweramp Equalizer siap untuk pemutaran selanjutnya</string>
	<string name="pref_summary_peq_keep_notification_always_msg">Jika dimatikan, notifikasi akan hilang beberapa saat setelah pemutar ditutup dan akibatnya tidak lagi meminta ekualisasi</string>
	<string name="pref_summary_peq_no_keep_notif_on_dscn">Notifikasi dihapus pada pelepasan Headset/BT</string>
	<string name="pref_peq_buy">Beli Poweramp Equalizer</string>
	<string name="pref_peq_long_close_delay">Pertahankan Sesi Equalizer</string>
	<string name="pref_summary_peq_long_close_delay">Pertahankan sesi aktif untuk pemutar. Diperlukan untuk pemutar yang menutup sesi ekualisasi saat jeda, sehingga menyebabkan artefak audio saat lanjut</string>
	<string name="pref_peq_doesnt_increase_res_usage">Tidak meningkatkan penggunaan sumber daya, tetapi membuat Poweramp Equalizer hidup lebih lama</string>
	<string name="pref_peq_increases_res_usage">Meningkatkan penggunaan sumber daya</string>
	<string name="pref_test_build">Build Percobaan</string>
	<string name="test_build_expired">Build Percobaan Kadaluarsa</string>
	<string name="update_app">Silakan perbarui aplikasi</string>
	<string name="thanks_for_testing">Terima kasih atas pengujiannya!</string>
	<string name="pref_peq_blocksize">Ukuran Blok</string>
	<string name="pref_summary_peq_blocksize">Mengatur jumlah sampel di blok yang diproses. Ukuran blok yang lebih besar dapat meningkatkan resolusi frekuensi, tetapi juga meningkatkan penggunaan CPU. Kurangi jika audio tersendat-sendat</string>
	<string name="pref_peq_blocksize_hires">Ukuran Blok Untuk Hi-Res</string>
	<string name="pref_summary_peq_blocksize_hires">Ukuran blok untuk audio Hi-Res dapat dikurangi jika audio tersendat, misalnya untuk pemutaran Hi-Res/LDAC</string>
	<string name="pref_peq_blocksize_hires_msg">Karena sebagian besar pemutar streaming menggunakan 44.1kHz/48kHz, disarankan untuk setel ke 44.1/48kHz untuk LDAC (atau output Hi-Res lainnya) juga untuk menghindari resampling berlebih dan/atau peningkatan penggunaan CPU</string>
	<string name="pref_peq_blocksize_msg_android_9">Android 9 memiliki bug yang membutuhkan ukuran blok yang lebih besar untuk menghindari suara klik pada bass saat diperkuat</string>
	<string name="pref_peq_multi_session">Multi-sesi</string>
	<string name="pref_summary_peq_multi_session">Solusi untuk bug saat aplikasi pemutar membuat beberapa sesi audio aktif</string>
	<!-- I.e. playback audio session -->
	<string name="audio_session">Audio Session</string>
	<string name="samples_d">Sampel: %d</string>
	<string name="compressor">Kompresor</string>
	<string name="h_compressor">Rentang kompresi dinamis</string>
	<string name="pref_summary_peq_compressor">Parameter kompresor tambahan</string>
	<!-- %.1 is replaced to a number of milliseconds -->
	<string name="f1_ms">%.1fmdtk</string>
	<!-- %.0 is replaced to a number of milliseconds -->
	<string name="f0_ms">%.0fmdtk</string>
	<!-- (Compressor) Attack time -->
	<string name="compr_attack">Attack</string>
	<!-- (Compressor) Release time -->
	<string name="compr_release">Release</string>
	<!-- (Compressor) Ratio -->
	<string name="compr_ratio">Rasio</string>
	<!-- (Compressor) Knee -->
	<string name="compr_knee">Knee</string>
	<!-- (Compressor) Threshold -->
	<string name="compr_thr">Threshold</string>
	<!-- (Compressor) Gain -->
	<string name="compr_gain">Gain</string>
	<!-- (Compressor) Frequency -->
	<string name="compr_freq">Frekuensi</string>
	<!-- (Compressor) Expand Ratio -->
	<string name="compr_expand_ratio">Rasio Expand</string>
	<!-- (Compressor) Noise Gate -->
	<string name="compr_noise_gate">Noise Gate</string>
	<!-- (Compressor) Pre-gain -->
	<string name="compr_pregain">Pre-gain</string>
	<string name="recently_rebooted">Baru Saja Reboot</string>
	<string name="recently_rebooted_msg">Ekualisasi mungkin berjalan dengan jeda hingga beberapa menit setelah reboot karena limitasi OS</string>
	<string name="pref_peq_enable">Aktifkan Pemrosesan Audio</string>
	<string name="pref_summary_peq_enable">Jika dinonaktifkan, tidak ada audio yang diproses</string>
	<string name="audio_processing_disabled">Pemrosesan Audio Dinonaktifkan</string>
	<string name="peq_enable_press_to_reenable"><![CDATA[<a href="settings/peq_equ#peq_enable">Tekan di sini untuk mengaktifkan ulang</a>]]></string>
	<!-- Icon -->
	<string name="black_equ">Equalizer Hitam</string>
	<!-- Icon -->
	<string name="white_equ">Equalizer Putih</string>
	<string name="active_players">Pemutar Aktif</string>
	<string name="pref_about_peq">Tentang Poweramp Equalizer</string>
	<string name="h_recognized_active_players">Pemutar aktif yang dikenali</string>
	<string name="pref_advanced_player_tracking">Pelacakan Pemutar Tingkat Lanjut</string>
	<string name="pref_summary_advanced_player_tracking">Memungkinkan equalizer berfungsi di semua pemutar, tetapi butuh izin tambahan</string>
	<!-- "DUMP" is probably shoud not be translated -->
	<string name="pref_dump_permission">Izin DUMP</string>
	<!-- "DUMP", "ADB" - probably shoud not be translated, "shell" - means shell command console -->
	<string name="pref_dump_permission_hint">Izin DUMP digunakan untuk mendaftarkan semua sesi audio yang diputar. Izin ini hanya bisa diaktifkan melalui perintah ADB (atau shell) (klik di sini untuk menyalin satu baris perintah):</string>
	<string name="pref_notification_listener_permission">Izin Pendengar Notifikasi</string>
	<string name="pref_notification_listener_permission_hint">Izin pendengar notifikasi digunakan untuk melacak pemutar ketika memasang notifikasi dan/atau mengubah status putar/jeda mereka</string>
	<string name="pref_notification_listener_permission_hint2">Poweramp Equalizer hanya mengakses notifikasi pemutar media</string>
	<string name="pref_enable_player_tracking">Aktifkan Pelacakan Pemutar</string>
	<string name="pref_requires_two_permissions">Dua izin diperlukan</string>
	<string name="pref_advanced_experimental_feature">Ini adalah fitur eksperimen lanjutan</string>
</resources>
