<?xml version="1.0" encoding="utf-8"?>
<resources xmlns:tools="http://schemas.android.com/tools">
	<string name="peq_app_name">파워앰프 이퀄라이저</string>
	<string name="pref_known_players">알려진 플레이어</string>
	<string name="pref_summary_known_players">플레이어 앱용 이퀄리제이션 활성화/비활성화</string>
	<string name="pref_known_players_hint">(이퀄리제이션이 지원될 경우) 플레이어 앱에서 재생을 할 경우 앱이 여기에 표시됩니다</string>
	<string name="pref_known_players_hint2">일부 플레이어는 이퀄리제이션을 시작하기 위해 새 트랙을 선택하거나 일시 정지 후 재시작하여야 할 수 있습니다</string>
	<string name="pref_known_players_hint3">재부팅 후, 1-2 분 정도 이퀄리제이션이 지연될 수 있습니다. 파워앰프를 부팅 후 자동 시작하도록 허용할 경우 지연을 줄일 수 있습니다</string>
	<string name="pref_known_players_hint4">파워앰프 플레이어가 무시됨</string>
	<string name="pref_enable_for_app">앱에 활성화</string>
	<string name="pref_last_time_seen">최근 조회된 시각</string>
	<string name="pref_summary_eq_disable_dvc">이 앱에서 다이렉트 볼륨 컨트롤 비활성화</string>
	<string name="pref_summary_eq_opt_player_restart">플레이어에 따라, 이 옵션은 다음 선택 트랙이나 플레이어 재시작 등에서 영향을 미칠 수 있습니다</string>
	<string name="pref_summary_eq_player_fade">세션이 재생성될 때 음향이 튀는 것을 막기 위해 임시로 플레이어의 음향을 줄입니다</string>
	<string name="pref_summary_eq_player_fade_msg">트랙 변경, 조회 등 오디오 세션이 재생성될때 일어나는 플레이어의 버그를 완화시키도록 도와줍니다</string>
	<string name="volume_and_tweaks">볼륨과 효과</string>
	<string name="pref_app_session_is_buggy_icon">이 앱에는 알려진 버그가 있습니다</string>
	<string name="pref_app_session_is_buggy">이 앱에는 이퀄라이저용 오디오 세션을 제대로 보고하지 못하는 알려진 버그가 있습니다</string>
	<string name="pref_app_multiple_sessions_bug">이 앱은 여러 개의 활성화된 오디오 세션을 생성하는 버그가 알려져 있습니다</string>
	<string name="hint_session_com_google_android_apps_youtube_music"><![CDATA[이 버그 해결을 위해, Youtube Music 설정에서 "뮤직 비디오 재생하지 않음"을 선택하거나, 트랙의 비디오/오디오 버전을 전환해볼 수 있습니다]]></string>
	<string name="pref_report_bug_from_player">플레이어 앱에서 발생한 버그를 보고해 주세요!</string>
	<string name="pref_press_for_bug_desc">여기를 눌러 버그 정보 복사</string>
	<string name="enable_vis">시각화 활성화</string>
	<string name="enable_vis_perm_required">시각화를 활성화하기 위해서는 권한이 필요합니다</string>
	<string name="enable_vis_perm_no_mic">파워앰프 이퀄라이저는 권한명과는 달리 절대로 오디오를 녹음하거나 마이크를 사용하지 않습니다</string>
	<string name="enable_vis_perm_later">나중에 설정에서 시각화를 활성화 할 수도 있습니다</string>
	<string name="pref_enable_dvc_for_bt">블루투스용 DVC 활성화</string>
	<string name="pref_summary_enable_dvc_for_bt">블루투스 DVC를 이용하기 위해선 절대 볼륨/미디어 볼륨 연동 옵션이 비활성화 되어야 합니다</string>
	<string name="pref_summary_peq_equalizer">이퀄라이저 설정, 알려진 플레이어, DVC</string>
	<string name="pref_summary_peq_look_and_feel">스킨, 언어, 알림</string>
	<string name="pref_utils">도구</string>
	<string name="pref_summary_utils">헤드셋 연결시 재시작, 볼륨 키 컨트롤, 효과</string>
	<string name="pref_volume_keys">볼륨 키</string>
	<string name="pref_peq_volume_keys_long_press_hint">볼륨 키를 길게 눌러 트랙을 전환합니다. 이 옵션은 준공식적 Android 8+ API를 이용하므로, ADB 또는 쉘 명령을 통해서만 활성화할 수 있습니다(여기를 탭하여 한 줄의 명령 복사):</string>
	<string name="pref_long_volume_resume">볼륨 키를 길게 눌러 다시 시작할 수도 있습니다</string>
	<string name="pref_summary_long_volume_resume">최근 사용된 플레이어에서 재생을 시작할때 재시작 명령을 보냅니다</string>
	<string name="h_first_start_msg">Poweramp 이퀄라이저의 설치/처음 실행 전에 시작된 플레이어의 이퀄라이저를 활성화하려면, 
최근 앱에서 이를 삭제하는 것으로 일단 <b>일시정지</b>하고 <b>재시작</b>해야 할 수 있습니다.</string>
	<string name="pref_notification_type_micro">마이크로</string>
	<string name="pref_summary_notification_type_micro">최대한 적은 공간을 차지하는 알림</string>
	<string name="pref_notification_type_standard">표준</string>
	<string name="pref_summary_notification_type_standard">표준 크기 알림</string>
	<string name="pref_peq_notification_msg1">Poweramp 이퀄라이저를 계속 활성화하려면 알림이 필요합니다.</string>
	<string name="pref_peq_notification_msg2">앱을 너무 공격적으로 kill하는 기기에서 또는 Poweramp 이퀄라이저가 항상 활성화되어야 하는 경우, 예를 들어 볼륨 버튼이나 헤드셋 연결에 응답하기 위해 알림이 특히 중요합니다.</string>
	<string name="pref_peq_notification_msg3"><![CDATA[알림을 숨기는 권장 방법은 <a href="android_notif_settings">Android 알림 설정</a>"을 이용하는 것입니다.]]></string>
	<string name="pref_summary_peq_keep_notification_always">알림은 플레이어 앱이 재생 중이지 않아도 계속 표시됩니다. Poweramp 이퀄라이저가 다음 재생을 위해 대기하고 있습니다.</string>
	<string name="pref_summary_peq_keep_notification_always_msg">비활성화된 경우, 알림은 플레이어가 닫히고 잠시 후에 제거되므로 더 이상 이퀄라이제이션을 요청하지 않습니다.</string>
	<string name="pref_summary_peq_no_keep_notif_on_dscn">헤드셋/블루투스 연결이 해제되면 알림이 제거됩니다.</string>
	<string name="pref_peq_buy">Poweramp 이퀄라이저 구입</string>
	<string name="pref_peq_long_close_delay">이퀄라이저 세션 유지</string>
	<string name="pref_summary_peq_long_close_delay">플레이어의 활성 세션을 유지합니다. 일부 플레이어는 일시정지 시 이퀄라이저 세션을 닫아 재생을 다시 시작할 때 음향이 튀게 됩니다. 이러한 플레이어의 경우 이 옵션을 활성화해야 합니다.</string>
	<string name="pref_peq_doesnt_increase_res_usage">리소스 사용량이 증가하지 않지만 Poweramp 이퀄라이저가 더 오래 활성화됩니다.</string>
	<string name="pref_peq_increases_res_usage">리소스 사용량이 증가합니다</string>
	<string name="pref_test_build">테스트 빌드</string>
	<string name="test_build_expired">테스트 빌드 만료됨</string>
	<string name="update_app">앱을 업데이트하세요</string>
	<string name="thanks_for_testing">테스트 감사합니다!</string>
	<string name="pref_peq_blocksize">블록 크기</string>
	<string name="pref_summary_peq_blocksize">처리된 블록의 샘플 수를 정의합니다. 블록 크기가 커지면 주파수 해상도가 높아지지만 CPU 사용률이 늘어납니다. 오디오가 건너뛰는 경우 줄여주십시오.</string>
	<string name="pref_peq_blocksize_hires">고해상도의 블록 크기</string>
	<string name="pref_summary_peq_blocksize_hires">고해상도/LDAC 재생 등의 오디오를 건너뛸 경우 고해상도 오디오의 블록 크기를 줄일 수 있습니다</string>
	<string name="pref_peq_blocksize_hires_msg">대부분의 스트리밍 플레이어는 44.1kHz/48kHz를 사용하므로 여분의 리샘플링 및/또는 CPU 사용률 증가를 피하기 위해 LDAC(또는 다른 고해상도 출력)에 대해서도 44.1/48kHz를 설정하는 것이 좋습니다.</string>
	<string name="pref_peq_blocksize_msg_android_9">Android 9에는 저음이 증폭되었을 때 저음 관련 클릭을 피하기 위해 더 큰 블록 크기를 요구하는 버그가 있습니다.</string>
	<string name="pref_peq_multi_session">멀티 세션</string>
	<string name="pref_summary_peq_multi_session">플레이어 앱이 여러 활성 오디오 세션을 생성할 때 발생하는 버그에 대한 해결 방법</string>
	<!-- I.e. playback audio session -->
	<string name="audio_session">오디오 세션</string>
	<string name="samples_d">샘플: %d</string>
	<string name="compressor">컴프레서</string>
	<string name="h_compressor">다이내믹 레인지 압축</string>
	<string name="pref_summary_peq_compressor">추가 컴프레서 매개 변수</string>
	<!-- %.1 is replaced to a number of milliseconds -->
	<string name="f1_ms">%.1fms</string>
	<!-- %.0 is replaced to a number of milliseconds -->
	<string name="f0_ms">%.0fms</string>
	<!-- (Compressor) Attack time -->
	<string name="compr_attack">어택</string>
	<!-- (Compressor) Release time -->
	<string name="compr_release">릴리즈</string>
	<!-- (Compressor) Ratio -->
	<string name="compr_ratio">비율</string>
	<!-- (Compressor) Knee -->
	<string name="compr_knee">Knee</string>
	<!-- (Compressor) Threshold -->
	<string name="compr_thr">임계값</string>
	<!-- (Compressor) Gain -->
	<string name="compr_gain">게인</string>
	<!-- (Compressor) Frequency -->
	<string name="compr_freq">빈도</string>
	<!-- (Compressor) Expand Ratio -->
	<string name="compr_expand_ratio">확장 비율</string>
	<!-- (Compressor) Noise Gate -->
	<string name="compr_noise_gate">노이즈 게이트</string>
	<!-- (Compressor) Pre-gain -->
	<string name="compr_pregain">프리게인</string>
	<string name="recently_rebooted">최근 재부팅됨</string>
	<string name="recently_rebooted_msg">OS 제한으로 인해 재부팅 후 최대 몇 분간의 지연과 함께 이퀄라이저가 시작될 수 있습니다</string>
	<string name="pref_peq_enable">오디오 처리 활성화</string>
	<string name="pref_summary_peq_enable">비활성화된 경우, 오디오가 처리되지 않습니다</string>
	<string name="audio_processing_disabled">오디오 처리 비활성화됨</string>
	<string name="peq_enable_press_to_reenable"><![CDATA[<a href="settings/peq_equ#peq_enable">다시 활성화하려면 여기를 누르세요</a>]]></string>
	<!-- Icon -->
	<string name="black_equ">블랙 이퀄라이저</string>
	<!-- Icon -->
	<string name="white_equ">화이트 이퀄라이저</string>
	<string name="active_players">활성화 된 플레이어</string>
	<string name="pref_about_peq">파워앰프 이퀄라이저 정보</string>
	<string name="h_recognized_active_players">인식된 활성 플레이어</string>
	<string name="pref_advanced_player_tracking">고급 플레이어 추적</string>
	<string name="pref_summary_advanced_player_tracking">거의 모든 플레이어에서 이퀄라이제이션을 허용하지만, 추가 권한이 필요합니다.</string>
	<!-- "DUMP" is probably shoud not be translated -->
	<string name="pref_dump_permission">DUMP 권한</string>
	<!-- "DUMP", "ADB" - probably shoud not be translated, "shell" - means shell command console -->
	<string name="pref_dump_permission_hint">DUMP 권한은 모든 오디오 재생 세션의 목록을 가져오는 데 사용됩니다. 이 권한은 ADB(또는 쉘) 명령을 통해서만 활성화할 수 있습니다(한 줄 명령을 복사하려면 여기를 클릭하십시오):</string>
	<string name="pref_notification_listener_permission">알림 리스너 권한</string>
	<string name="pref_notification_listener_permission_hint">알림 리스너 권한은 플레이어가 알림을 게시하거나 재생/일시정지 상태를 변경하는 경우 플레이어를 추적하는 데 사용됩니다.</string>
	<string name="pref_notification_listener_permission_hint2">파워앰프 이퀄라이저는 미디어 플레이어 알림에만 액세스합니다</string>
	<string name="pref_enable_player_tracking">플레이어 추적 활성화</string>
	<string name="pref_requires_two_permissions">두 가지 권한 필요</string>
	<string name="pref_advanced_experimental_feature">실험적인 고급 기능입니다</string>
</resources>
