<?xml version="1.0" encoding="utf-8"?>
<resources>
    <string name="paid_welcome_line1">구매해 주셔서 감사합니다!</string>
    <string name="please_install_poweramp"><b>Poweramp(Trial)</b>를 설치해 주십시오 - 메인 앱입니다.</string>
    <string name="install_trial_version_msg">Full Version Unlocker는 Poweramp(Trial)를 정식 버전으로 변환하는 키입니다.</string>
    <string name="unlocker_can_hide_icon">Unlocker는 런처 아이콘이 필요 없습니다. 따라서 이 아이콘을 숨길 수 있습니다.</string>
    <string name="unlocker_remove_msg">Unlocker를 구매/설치한 이후로 <b>2일</b>이 지났다면, 필요에 따라 Unlocker를 제거할 수 있습니다.</string>
    <string name="unlocker_free_reinstall_msg">언제든지 Play 스토어에서 무료로 Unlocker를 재설치할 수 있습니다.</string>
    <string name="install">Poweramp 설치</string>
    <string name="hide_icon">런처에서 Unlocker 아이콘 숨기기</string>
    <string name="start_poweramp">Poweramp 시작</string>
    <string name="icon_hidden">아이콘이 재부팅 전까지 보일 수도 있습니다.</string>
    <string name="icon_shown">아이콘이 재부팅 전까지 나타나지 않을 수도 있습니다.</string>
</resources>
