<?xml version="1.0" encoding="utf-8"?>
<resources>
    <string name="paid_welcome_line1">Vielen Dank für Ihre Bestellung!</string>
    <string name="please_install_poweramp">Bitte installieren Sie <b>Poweramp (Trial)</b> - das ist die Hauptanwendung.</string>
    <string name="install_trial_version_msg">Der \"Full Version Unlocker\" ist ein Lizenzschlüssel für Poweramp (Trial), welcher diesen in die Vollversion umwandelt.</string>
    <string name="unlocker_can_hide_icon">Unlocker braucht kein Launcher Icon. Sie können es verstecken.</string>
    <string name="unlocker_remove_msg">Sie können den Unlocker auf Wunsch bis zu <b>2 Tage</b> nach dem Kauf/der Installation wieder deinstallieren</string>
    <string name="unlocker_free_reinstall_msg">Der Unlocker kann jederzeit gratis neu installiert werden</string>
    <string name="install">Powerampel installieren</string>
    <string name="hide_icon">Verstecke Unlocker im Launcher</string>
    <string name="start_poweramp">Poweramp öffnen</string>
    <string name="icon_hidden">Das Icon könnte bis zum Neustart verbleiben</string>
    <string name="icon_shown">Das Icon könnte erst ab dem nächsten Neustart erscheinen</string>
</resources>
