<?xml version="1.0" encoding="utf-8"?>
<resources xmlns:tools="http://schemas.android.com/tools">
	<string name="peq_app_name">Poweramp Equalizer</string>
	<string name="pref_known_players">Bekannte Wiedergabe-Apps</string>
	<string name="pref_summary_known_players">Aktivieren/deaktivieren des Equalizers nach Wiedergabe-App</string>
	<string name="pref_known_players_hint">Starten Sie die Wiedergabe in einer beliebigen App und die App erscheint anschließend hier (wenn die Equalizer-Funktion unterstützt wird)</string>
	<string name="pref_known_players_hint2">Einige Wiedergabe-Apps setzen möglicherweise die Auswahl eines neuen Titels, dessen Pausieren oder einen Neustart voraus, damit der Equalizer aktiviert werden kann</string>
	<string name="pref_known_players_hint3">Nach dem Neustart wird der Equalizer möglicherweise erst nach 1-2 Minuten aktiv. Wenn Sie den Autostart von Poweramp Equalizer zulassen, wird diese Zeit verringert</string>
	<string name="pref_known_players_hint4">Der Poweramp-Player kann durch gleichzeitiges Aktivieren der MusicFX-Einstellung und Deaktivieren der Direkten Lautstärkesteuerung (DVC) aktiviert werden</string>
	<string name="pref_enable_for_app">Für diese App aktivieren</string>
	<string name="pref_last_time_seen">Zuletzt aktiv</string>
	<string name="pref_summary_eq_disable_dvc">Direct Volume Control für diese App deaktivieren</string>
	<string name="pref_summary_eq_opt_player_restart">Abhängig von der Wiedergabe-App wird diese Funktion gegebenenfalls erst aktiv, wenn der nächste Titel ausgewählt wird, die App neu gestartet wird usw.</string>
	<string name="pref_summary_eq_player_fade">Blendet das Signal der Wiedergabe-App vorübergehend aus, wenn die Session wiederhergestellt wird, um Störgeräusche zu verhindern</string>
	<string name="pref_summary_eq_player_fade_msg">Umgeht das Problem der konstanten Neuerstellung von Audio-Sessions einiger Wiedergabe-Apps beim Titelwechsel, im Vorlauf etc.</string>
	<string name="volume_and_tweaks">Lautstärke und Anpassungen</string>
	<string name="pref_app_session_is_buggy_icon">Die App enthält einen uns bekannten Bug</string>
	<string name="pref_app_session_is_buggy">Die App enthält einen uns bekannten Bug, der dazu führt, dass die App bei der Verwendung des Equalizers Audio-Sessions nicht korrekt meldet</string>
	<string name="pref_app_multiple_sessions_bug">Die App enthält einen uns bekannten Bug, der dazu führt, dass die App fälschlicherweise eine Vielzahl aktiver Audio-Sessions erstellt</string>
	<string name="hint_session_com_google_android_apps_youtube_music"><![CDATA[Um diesen Fehler zu umgehen, wählen Sie in den YouTube Music-Einstellungen die Option „Musikvideos nicht wiedergeben“ an]]></string>
	<string name="pref_report_bug_from_player">Bitte melden Sie etwaige Bugs direkt über die App!</string>
	<string name="pref_press_for_bug_desc">Klicken Sie hier, um die Fehlerbeschreibung zu kopieren</string>
	<string name="enable_vis">Visualisierung aktivieren</string>
	<string name="enable_vis_perm_required">Zum Aktivieren der Visualisierung sind weitere Berechtigungen erforderlich</string>
	<string name="enable_vis_perm_no_mic">Ungeachtet des Namens der Berechtigung, nimmt Poweramp Equalizer niemals Audiosignale auf oder verwendet das Mikrofon</string>
	<string name="enable_vis_perm_later">Sie können Visualisierungen auch später über die Einstellungen aktivieren</string>
	<string name="pref_enable_dvc_for_bt">DVC für Bluetooth aktivieren</string>
	<string name="pref_summary_enable_dvc_for_bt">Verwendung der Direkten Lautstärkeregelung (DVC) bei Bluetooth-Nutzung setzt voraus, dass die Systemeinstellung Maximallautstärke (Absolute Volume) bzw. Medienlautstärkesynchr. deaktiviert ist</string>
	<string name="pref_summary_peq_equalizer">Equalizer-Einstellungen, Bekannte Wiedergabe-Apps, DVC</string>
	<string name="pref_summary_peq_look_and_feel">Skin, Sprache, Benachrichtigungen</string>
	<string name="pref_utils">Sonstiges</string>
	<string name="pref_summary_utils">Fortsetzen bei Headset-Verbindung, Lautstärketastenzuweisung, erweiterte Einstellungen</string>
	<string name="pref_volume_keys">Lautstärketasten</string>
	<string name="pref_peq_volume_keys_long_press_hint">Wechseln Sie durch Halten der Lautstärketasten den Titel. Diese Option greift auf das halboffizielle Android 8+ API zu, welches nur per ADB oder Kommandozeileneingabe (tippen Sie hier, um den 1-zeiligen Befehl zu kopieren) aktiviert werden kann:</string>
	<string name="pref_long_volume_resume">Sie können die Wiedergabe ebenfalls durch langes Drücken der Lautstärketasten fortsetzen</string>
	<string name="pref_summary_long_volume_resume">Sendet ebenfalls einen Fortsetzen-Befehl, um die Wiedergabe in der zuletzt genutzten Wiedergabe-App fortzusetzen</string>
	<string name="h_first_start_msg">Um die Equalizer-Funktion für eine Wiedergabe-App zu aktivieren, die bereits vor der Installation bzw. dem ersten Ausführen der Poweramp Equalizer App geöffnet wurde, müssen Sie diese App gegebenenfalls erst <b>pausieren</b> und <b>neu starten</b>, indem Sie die App aus der Ansicht der zuletzt genutzten Apps entfernen</string>
	<string name="pref_notification_type_micro">Klein</string>
	<string name="pref_summary_notification_type_micro">Benachrichtigung mit möglichst wenig Platzbedarf</string>
	<string name="pref_notification_type_standard">Standard</string>
	<string name="pref_summary_notification_type_standard">Benachrichtigung mit regulärer Größe</string>
	<string name="pref_peq_notification_msg1">Die Benachrichtigung wird benötigt, um den Poweramp Equalizer aktiv zu halten</string>
	<string name="pref_peq_notification_msg2">Diese Benachrichtigung ist besonders auf Geräten wichtig, auf denen Apps zu aggressiv beendet werden oder wenn Poweramp Equalizer dauerhaft aktiv sein muss, beispielsweise, um auf die Lautstärketasten oder den Status der Headset-Verbindung reagieren zu können</string>
	<string name="pref_peq_notification_msg3"><![CDATA[Der empfohlene Weg, die Android-Benachrichtigungen auszublenden, führt über die <a href="android_notif_settings">Android-Benachrichtigungseinstellungen</a>]]></string>
	<string name="pref_summary_peq_keep_notification_always">Die Benachrichtigung bleibt selbst dann sichtbar, wenn keine Wiedergabe stattfindet, damit der Poweramp Equalizer jederzeit bereit für die nächste Wiedergabe ist</string>
	<string name="pref_summary_peq_keep_notification_always_msg">Wenn deaktiviert, wird die Benachrichtigung entfernt, nachdem die Wiedergabe-App geschlossen wurde und somit kein Audiosignal mehr an den Equalizer weiterleitet</string>
	<string name="pref_summary_peq_no_keep_notif_on_dscn">Benachrichtigung wird mit Beenden der Headset- bzw. Bluetooth-Verbindung entfernt</string>
	<string name="pref_peq_buy">Kaufen Sie Poweramp Equalizer</string>
	<string name="pref_peq_long_close_delay">Equalizer-Session aufrechterhalten</string>
	<string name="pref_summary_peq_long_close_delay">Hält aktive Sessions für die Wiedergabe-App aufrecht. Wird für Wiedergabe-Apps benötigt, die Equalizer-Sessions beim Unterbrechen der Wiedergabe schließen und so beim Fortsetzen der Wiedergabe Störgeräusche verursachen</string>
	<string name="pref_peq_doesnt_increase_res_usage">Erhöht nicht die Verwendung von Systemressourcen, Poweramp Equalizer bleibt aber dennoch länger aktiv</string>
	<string name="pref_peq_increases_res_usage">Sorgt für erhöhte Nutzung von Systemressourcen</string>
	<string name="pref_test_build">Test-Build</string>
	<string name="test_build_expired">Test-Build abgelaufen</string>
	<string name="update_app">Bitte aktualisieren Sie die App</string>
	<string name="thanks_for_testing">Vielen Dank für das Testen!</string>
	<string name="pref_peq_blocksize">Blockgröße</string>
	<string name="pref_summary_peq_blocksize">Bestimmt die Anzahl von Samples der zu verarbeitenden Blöcke. Größere Blöcke erhöhen die Frequenzauflösung, führen aber ebenfalls zu höherer CPU-Auslastung. Reduzieren Sie sie wenn Tonaussetzer auftreten</string>
	<string name="pref_peq_blocksize_hires">Blockgröße für Hi-Res</string>
	<string name="pref_summary_peq_blocksize_hires">Die Blockgröße für Hi-Res-Material kann verringert werden, wenn Tonaussetzer auftreten – z. B. bei der Hi-Res-/LDAC-Wiedergabe</string>
	<string name="pref_peq_blocksize_hires_msg">Da die meisten Streaming-Wiedergabegeräte auf 44,1kHz/48kHz setzen, ist es empfehlenswert für LDAC (und andere Hi-Res-Ausgabeformate) ebenfalls 44,1kHz/48kHz einzustellen, um zusätzliches Resampling und/oder erhöhte CPU-Auslastung zu vermeiden</string>
	<string name="pref_peq_blocksize_msg_android_9">Android 9 enthält einen Fehler, der dazu führt, dass größere Blöcke erforderlich sind, um Klicks bei angehobenen Bässen zu vermeiden</string>
	<string name="pref_peq_multi_session">Multi-Session</string>
	<string name="pref_summary_peq_multi_session">Workaround für den Fall, dass die Wiedergabe-App fälschlicherweise mehrere Audio-Sessions aktiviert</string>
	<!-- I.e. playback audio session -->
	<string name="audio_session">Audio-Session</string>
	<string name="samples_d">Samples: %d</string>
	<string name="compressor">Kompressor</string>
	<string name="h_compressor">Kompression des Dynamikumfangs</string>
	<string name="pref_summary_peq_compressor">Weitere Kompressionsparameter</string>
	<!-- %.1 is replaced to a number of milliseconds -->
	<string name="f1_ms">%.1fms</string>
	<!-- %.0 is replaced to a number of milliseconds -->
	<string name="f0_ms">%.0fms</string>
	<!-- (Compressor) Attack time -->
	<string name="compr_attack">Attack</string>
	<!-- (Compressor) Release time -->
	<string name="compr_release">Release</string>
	<!-- (Compressor) Ratio -->
	<string name="compr_ratio">Kompressionsverhältnis</string>
	<!-- (Compressor) Knee -->
	<string name="compr_knee">Knee</string>
	<!-- (Compressor) Threshold -->
	<string name="compr_thr">Schwellwert</string>
	<!-- (Compressor) Gain -->
	<string name="compr_gain">Verstärkung</string>
	<!-- (Compressor) Frequency -->
	<string name="compr_freq">Frequenz</string>
	<!-- (Compressor) Expand Ratio -->
	<string name="compr_expand_ratio">Expander-Verhältnis</string>
	<!-- (Compressor) Noise Gate -->
	<string name="compr_noise_gate">Noise Gate</string>
	<!-- (Compressor) Pre-gain -->
	<string name="compr_pregain">Pre-Gain</string>
	<string name="recently_rebooted">Vor kurzem neu gestartet</string>
	<string name="recently_rebooted_msg">Der Equalizer wird aufgrund von OS-Beschränkungen erst einige Minuten nach dem Neustart aktiv</string>
	<string name="pref_peq_enable">Audiosignalverarbeitung aktivieren</string>
	<string name="pref_summary_peq_enable">Wenn deaktiviert, werden keinerlei Audiosignale verarbeitet</string>
	<string name="audio_processing_disabled">Audiosignalverarbeitung deaktiviert</string>
	<string name="peq_enable_press_to_reenable"><![CDATA[<a href="settings/peq_equ#peq_enable">Klicken Sie hier, um die Funktion wieder zu aktivieren</a>]]></string>
	<!-- Icon -->
	<string name="black_equ">Schwarzer Equalizer</string>
	<!-- Icon -->
	<string name="white_equ">Weißer Equalizer</string>
	<string name="active_players">Aktive Wiedergabe-Apps</string>
	<string name="pref_about_peq">Über Poweramp Equalizer</string>
	<string name="h_recognized_active_players">Erkannte aktive Wiedergabe-Apps</string>
	<string name="pref_advanced_player_tracking">Erweiterte Player-Erkennung</string>
	<string name="pref_summary_advanced_player_tracking">Erlaubt die Nutzung des Equalizers auch durch andere Apps, erfordert jedoch zusätzliche Berechtigungen</string>
	<!-- "DUMP" is probably shoud not be translated -->
	<string name="pref_dump_permission">DUMP-Berechtigung</string>
	<!-- "DUMP", "ADB" - probably shoud not be translated, "shell" - means shell command console -->
	<string name="pref_dump_permission_hint">Die DUMP-Berechtigung erlaubt es eine Liste mit sämtlichen aktiven Audio-Sitzungen zu erhalten. Diese Berechtigung kann lediglich via ADB- bzw. Shell-Befehl erteilt werden (hier klicken zum Kopieren dieses einzeiligen Befehls):</string>
	<string name="pref_notification_listener_permission">Benachrichtigungszugriff-Berechtigung</string>
	<string name="pref_notification_listener_permission_hint">Die Benachrichtigungszugriff-Berechtigung ist notwendig, um Änderungen des von Playern angegeben Abspielstatus zu erkennen</string>
	<string name="pref_notification_listener_permission_hint2">Poweramp Equalizer greift lediglich auf Media Player-Benachrichtigungen zu</string>
	<string name="pref_enable_player_tracking">Player-Erkennung aktivieren</string>
	<string name="pref_requires_two_permissions">Zwei Berechtigungen erforderlich</string>
	<string name="pref_advanced_experimental_feature">Dies ist eine erweiterte experimentelle Funktion</string>
</resources>
