<?xml version="1.0" encoding="utf-8"?>
<resources>
    <string name="paid_welcome_line1">Dziękujemy za twój zakup!</string>
    <string name="please_install_poweramp">Zainstaluj główną aplikację - <b>Poweramp (Wersja testowa)</b>.</string>
    <string name="install_trial_version_msg">Full Version Unlocker is a key for Poweramp (Trial) which transforms it into Full Version.\n\nUnlocker 
doesn\'t need a launcher icon, you can hide it.</string>
    <string name="unlocker_can_hide_icon">Ikona Unlockera nie jest potrzebna na liście aplikacji. Możesz ją ukryć</string>
    <string name="unlocker_remove_msg">Możesz odinstalować Unlocker w <b> 2 dni </b> po zakupie / instalacji, jeśli chcesz</string>
    <string name="unlocker_free_reinstall_msg">Zawsze możesz ponownie zainstalować Unlocker ze Sklepu Play za darmo</string>
    <string name="install">Install Poweramp</string>
    <string name="hide_icon">Hide Unlocker Icon From Launcher</string>
    <string name="start_poweramp">Uruchom Poweramp</string>
    <string name="icon_hidden">Icon may stay until reboot</string>
    <string name="icon_shown">Icon may not appear until reboot</string>
</resources>
