<?xml version="1.0" encoding="utf-8"?>
<resources xmlns:tools="http://schemas.android.com/tools">
	<string name="peq_app_name">Korektor Poweramp</string>
	<string name="pref_known_players">Znane odtwarzacze</string>
	<string name="pref_summary_known_players">Włącz/wyłącz wyrównanie dla aplikacji odtwarzacza</string>
	<string name="pref_known_players_hint">Odtwórz coś w dowolnym odtwarzaczu i (jeśli wyrównanie jest obsługiwane) pojawi się tutaj</string>
	<string name="pref_known_players_hint2">Niektóre odtwarzacze mogą wymagać wybrania nowej ścieżki lub wstrzymania i ponownego uruchomienia, aby rozpocząć wyrównanie</string>
	<string name="pref_known_players_hint3">Po ponownym uruchomieniu wyrównanie może zostać opóźnione o 1-2 minuty. Zezwolenie na autostart Poweramp Equalizer podczas rozruchu zmniejsza opóźnienie</string>
	<string name="pref_known_players_hint4">Odtwarzacz Poweramp można włączyć za pomocą opcji MusicFX i wyłączając DVC w aplikacji Poweramp</string>
	<string name="pref_enable_for_app">Włącz dla aplikacji</string>
	<string name="pref_last_time_seen">Ostatnio widziano</string>
	<string name="pref_summary_eq_disable_dvc">Wyłącz bezpośrednią kontrolę głośności dla tej aplikacji</string>
	<string name="pref_summary_eq_opt_player_restart">W zależności od odtwarzacza, ta opcja może mieć wpływ na następny wybrany utwór, restart odtwarzacza, itp.</string>
	<string name="pref_summary_eq_player_fade">Zanikaj tymczasowo odtwarzacz po odtworzeniu sesji, aby uniknąć artefaktów dźwiękowych</string>
	<string name="pref_summary_eq_player_fade_msg">Pomaga złagodzić błąd odtwarzacza dzięki ciągłemu odtwarzaniu sesji dźwiękowej: przy zmianie utworu, przy wyszukiwaniu, itp.</string>
	<string name="volume_and_tweaks">Głośność i poprawki</string>
	<string name="pref_app_session_is_buggy_icon">Ta aplikacja posiada znany błąd</string>
	<string name="pref_app_session_is_buggy">Ta aplikacja posiada znany błąd nieprawidłowego raportowania sesji audio dla equalizerów</string>
	<string name="pref_app_multiple_sessions_bug">Ta aplikacja posiada znany błąd tworzenia wielu aktywnych sesji audio</string>
	<string name="hint_session_com_google_android_apps_youtube_music"><![CDATA[Aby obejść ten błąd, wybranie „Nie odtwarzaj teledysków” w ustawieniach YouTube Music może pomóc lub/i przełączyć się między wersjami audio/wideo utworu]]></string>
	<string name="pref_report_bug_from_player">Zgłoś błąd z poziomu aplikacji odtwarzacza!</string>
	<string name="pref_press_for_bug_desc">Kliknij tutaj, aby skopiować opis błędu</string>
	<string name="enable_vis">Włącz Wizualizację</string>
	<string name="enable_vis_perm_required">Do włączenia wizualizacji wymagane są uprawnienie</string>
	<string name="enable_vis_perm_no_mic">Poweramp Equalizer nigdy nie nagrywa dźwięku ani nie używa mikrofonu, pomimo nazwy pozwolenia</string>
	<string name="enable_vis_perm_later">Możesz włączyć wizualizację później w ustawieniach</string>
	<string name="pref_enable_dvc_for_bt">Włącz DVC dla Bluetooth</string>
	<string name="pref_summary_enable_dvc_for_bt">DVC dla Bluetooth wymaga wyłączonej opcji systemu Absolute Volume/Media Volume Sync</string>
	<string name="pref_summary_peq_equalizer">Ustawienia korektora, znane odtwarzacze, DVC</string>
	<string name="pref_summary_peq_look_and_feel">Skórka, interfejs odtwarzacza, powiadomienia</string>
	<string name="pref_utils">Narzędzia</string>
	<string name="pref_summary_utils">Wznów po połączeniu słuchawek, sterowanie klawiszami głośności, poprawki</string>
	<string name="pref_volume_keys">Poziomy głośności</string>
	<string name="pref_peq_volume_keys_long_press_hint">Przełączaj utwory, naciskając długo klawisze głośności. Ta opcja wykorzystuje półoficjalny interfejs API systemu Android 8+, który można aktywować tylko za pomocą polecenia ADB lub powłoki (jeden wiersz, dotknij tutaj, aby skopiować polecenie):</string>
	<string name="pref_long_volume_resume">Wznów również przez długie naciśnięcie klawisza głośności</string>
	<string name="pref_summary_long_volume_resume">Wyślij również polecenie wznowienia, aby rozpocząć odtwarzanie w ostatnio używanym odtwarzaczu</string>
	<string name="h_first_start_msg">Aby włączyć wyrównanie dla odtwarzacza, który jest uruchamiany przed instalacją/pierwszym uruchomieniem Poweramp Equalizer, potrzebujesz <b>zatrzymać</b> oraz <b>zrestartować</b> aplikację wyrzucając ją z ostatnich aplikacji</string>
	<string name="pref_notification_type_micro">Mikro</string>
	<string name="pref_summary_notification_type_micro">Powiadomienie, które zajmie tak mało miejsca, jak to tylko możliwe</string>
	<string name="pref_notification_type_standard">Standardowy</string>
	<string name="pref_summary_notification_type_standard">Normalny rozmiar powiadomienia</string>
	<string name="pref_peq_notification_msg1">Powiadomienie jest wymagane do utrzymania Poweramp Equalizer\'a żywego</string>
	<string name="pref_peq_notification_msg2">Powiadomienie jest szczególnie ważne na urządzeniach, które zbyt agresywnie zabijają aplikacje lub gdy Poweramp Equalizer powinien być cały czas aktywny, na przykład, aby reagować na przyciski głośności lub połączenie zestawu słuchawkowego</string>
	<string name="pref_peq_notification_msg3"><![CDATA[Zalecanym sposobem ukrycia powiadomienia są <a href="android_notif_settings">ustawienia powiadomień Androida</a>]]></string>
	<string name="pref_summary_peq_keep_notification_always">Powiadomienie pozostaje widoczne, nawet jeśli aplikacja odtwarzacza nie gra, dzięki czemu Poweramp Equalizer jest gotowy do następnego odtwarzania</string>
	<string name="pref_summary_peq_keep_notification_always_msg">Jeśli wyłączone, powiadomienie jest usuwane jakiś czas po zamknięciu odtwarzacza, a tym samym nie wymaga już wyrównania</string>
	<string name="pref_summary_peq_no_keep_notif_on_dscn">Powiadomienie jest usuwane po rozłączeniu zestawu słuchawkowego/BT</string>
	<string name="pref_peq_buy">Kup Korektor Poweramp</string>
	<string name="pref_peq_long_close_delay">Zachowaj sesję korektora</string>
	<string name="pref_summary_peq_long_close_delay">Zachowaj aktywną sesję dla odtwarzacza. Potrzebne dla odtwarzaczy, które zamykają sesję wyrównywania podczas pauzy, powodując artefakty dźwiękowe przy wznowieniu</string>
	<string name="pref_peq_doesnt_increase_res_usage">Nie zwiększa zużycia zasobów, ale dłużej utrzymuje Poweramp Equalizer przy życiu</string>
	<string name="pref_peq_increases_res_usage">Zwiększa zużycie zasobów</string>
	<string name="pref_test_build">Wydania Testowe</string>
	<string name="test_build_expired">Wydanie Testowe Wygasło</string>
	<string name="update_app">Zaktualizuj Aplikację</string>
	<string name="thanks_for_testing">Dziękujemy za testowanie!</string>
	<string name="pref_peq_blocksize">Rozmiar bloku</string>
	<string name="pref_summary_peq_blocksize">Określa liczbę próbek w przetwarzanym bloku. Większy rozmiar bloku zwiększa rozdzielczość częstotliwości, ale także zwiększa zużycie procesora. Zmniejsz, jeśli dźwięk przeskakuje</string>
	<string name="pref_peq_blocksize_hires">Rozmiar bloku dla Hi-Res</string>
	<string name="pref_summary_peq_blocksize_hires">Rozmiar bloku dla dźwięku Hi-Res można zmniejszyć, jeśli dźwięk przeskakuje, na przykład podczas odtwarzania Hi-Res/LDAC</string>
	<string name="pref_peq_blocksize_hires_msg">Ponieważ większość odtwarzaczy strumieniowych używa 44,1/48kHz, zaleca się ustawienie 44,1/48kHz dla LDAC (lub innych wyjść Hi-Res), aby uniknąć dodatkowego ponownego próbkowania i/lub zwiększonego obciążenia procesora</string>
	<string name="pref_peq_blocksize_msg_android_9">Android 9 ma błąd wymagający większego rozmiaru bloku, aby uniknąć kliknięć skorelowanych z basami, gdy bas jest wzmocniony</string>
	<string name="pref_peq_multi_session">Multi-sesja</string>
	<string name="pref_summary_peq_multi_session">Obejście błędu, gdy aplikacja odtwarzacza tworzy wiele aktywnych sesji dźwiękowych</string>
	<!-- I.e. playback audio session -->
	<string name="audio_session">Sesja Audio</string>
	<string name="samples_d">Próbki: %d</string>
	<string name="compressor">Kompresor</string>
	<string name="h_compressor">Kompresja zakresu dynamiki</string>
	<string name="pref_summary_peq_compressor">Dodatkowe ustawienia kompresora</string>
	<!-- %.1 is replaced to a number of milliseconds -->
	<string name="f1_ms">%.1fms</string>
	<!-- %.0 is replaced to a number of milliseconds -->
	<string name="f0_ms">%.0fms</string>
	<!-- (Compressor) Attack time -->
	<string name="compr_attack">Atak</string>
	<!-- (Compressor) Release time -->
	<string name="compr_release">Wydanie</string>
	<!-- (Compressor) Ratio -->
	<string name="compr_ratio">Stosunek</string>
	<!-- (Compressor) Knee -->
	<string name="compr_knee">Ostrość załamania</string>
	<!-- (Compressor) Threshold -->
	<string name="compr_thr">Próg</string>
	<!-- (Compressor) Gain -->
	<string name="compr_gain">Wzmocnienie</string>
	<!-- (Compressor) Frequency -->
	<string name="compr_freq">Częstotliwość</string>
	<!-- (Compressor) Expand Ratio -->
	<string name="compr_expand_ratio">Współczynnik ekspansji</string>
	<!-- (Compressor) Noise Gate -->
	<string name="compr_noise_gate">Bramka szumów</string>
	<!-- (Compressor) Pre-gain -->
	<string name="compr_pregain">Wzmocnienie wstępne</string>
	<string name="recently_rebooted">Niedawno Uruchomiony Ponownie</string>
	<string name="recently_rebooted_msg">Korekcja może rozpocząć się z opóźnieniem do kilku minut po ponownym uruchomieniu z powodu ograniczeń systemu operacyjnego</string>
	<string name="pref_peq_enable">Włącz Przetwarzanie Dźwięku</string>
	<string name="pref_summary_peq_enable">Jeśli wyłączone, dźwięk nie jest przetwarzany</string>
	<string name="audio_processing_disabled">Przetwarzanie Dźwięku Wyłączone</string>
	<string name="peq_enable_press_to_reenable"><![CDATA[<a href="settings/peq_equ#peq_enable">Naciśnij tutaj, aby ponownie włączyć</a>]]></string>
	<!-- Icon -->
	<string name="black_equ">Czarny Equalizer</string>
	<!-- Icon -->
	<string name="white_equ">Biały Equalizer</string>
	<string name="active_players">Aktywne Odtwarzacze</string>
	<string name="pref_about_peq">O Korektorze Poweramp</string>
	<string name="h_recognized_active_players">Rozpoznane aktywne odtwarzacze</string>
	<string name="pref_advanced_player_tracking">Zaawansowane Śledzenie Odtwarzacza</string>
	<string name="pref_summary_advanced_player_tracking">Umożliwia wyrównanie w prawie każdym odtwarzaczu, ale wymaga dodatkowych uprawnień</string>
	<!-- "DUMP" is probably shoud not be translated -->
	<string name="pref_dump_permission">Uprawnienie DUMP</string>
	<!-- "DUMP", "ADB" - probably shoud not be translated, "shell" - means shell command console -->
	<string name="pref_dump_permission_hint">Uprawnienie DUMP służy do pobierania listy wszystkich odtwarzanych sesji audio. Można to aktywować tylko za pomocą polecenia ADB (lub powłoki) (kliknij tutaj, aby skopiować polecenie jednowierszowe):</string>
	<string name="pref_notification_listener_permission">Uprawnienie Do Śledzenia Powiadomień</string>
	<string name="pref_notification_listener_permission_hint">Uprawnienie do śledzenia powiadomień jest używane do śledzenia odtwarzaczy, gdy publikują swoje powiadomienia i/lub zmieniają stan odtwarzania/wstrzymania</string>
	<string name="pref_notification_listener_permission_hint2">Poweramp Equalizer ma dostęp tylko do powiadomień odtwarzaczy multimedialnych</string>
	<string name="pref_enable_player_tracking">Włącz Śledzenie Odtwarzaczy</string>
	<string name="pref_requires_two_permissions">Wymagane są dwa uprawnienia</string>
	<string name="pref_advanced_experimental_feature">Funkcja eksperymentalna</string>
</resources>
