<?xml version="1.0" encoding="utf-8"?>
<resources>
    <string name="paid_welcome_line1">¡Gracias por su compra!</string>
    <string name="please_install_poweramp">Por favor, instale la <b>versión de prueba de Poweramp</b>. Es la aplicación principal.</string>
    <string name="install_trial_version_msg">Full Version Unlocker es un activador para la versión de prueba de Poweramp que lo transforma en la versión completa.\n\nEste activador no necesita un icono de lanzamiento, por lo que puede ocultarlo.</string>
    <string name="unlocker_can_hide_icon">El activador (Unlocker) no necesita un icono de lanzamiento, puede ocultarlo</string>
    <string name="unlocker_remove_msg">Si lo desea, puede desinstalar el activador (Unlocker) en los <b>2 días</b> posteriores a la compra/instalación</string>
    <string name="unlocker_free_reinstall_msg">Siempre puede reinstalar gratuitamente el activador (Unlocker) desde Play</string>
    <string name="install">Instalar Poweramp</string>
    <string name="hide_icon">Ocultar el icono del activador del lanzador de aplicaciones</string>
    <string name="start_poweramp">Iniciar Poweramp</string>
    <string name="icon_hidden">El icono puede permanecer visible hasta que reinicie</string>
    <string name="icon_shown">El icono puede no aparecer hasta que reinicie</string>
</resources>
