<?xml version="1.0" encoding="utf-8"?>
<resources xmlns:tools="http://schemas.android.com/tools">
	<string name="peq_app_name">Poweramp Equalizer</string>
	<string name="pref_known_players">Reproductores conocidos</string>
	<string name="pref_summary_known_players">Habilitar/deshabilitar ecualización de reproductores</string>
	<string name="pref_known_players_hint">Reproduzca algo en cualquier aplicación de reproducción y (si es compatible con la ecualización) la aplicación aparecerá aquí</string>
	<string name="pref_known_players_hint2">Algunos reproductores podrían requerir seleccionar una nueva pista o pausar y reiniciar para iniciar la ecualización</string>
	<string name="pref_known_players_hint3">Tras reiniciar, la ecualización podría retrasarse uno o dos minutos. Permitir a Poweramp Equalizer ejecutarse automáticamente al inicio reduce el retraso</string>
	<string name="pref_known_players_hint4">El reproductor Poweramp es ignorado</string>
	<string name="pref_enable_for_app">Habilitar para app</string>
	<string name="pref_last_time_seen">Visto por última vez</string>
	<string name="pref_summary_eq_disable_dvc">Desactivar el Control de Volumen Directo para esta app</string>
	<string name="pref_summary_eq_opt_player_restart">Dependiendo del reproductor, esta opción puede tener efecto sobre la siguiente pista, al reiniciar el reproductor, etc.</string>
	<string name="pref_summary_eq_player_fade">Funde el reproductor temporalmente al reproducir la sesión para evitar errores de audio</string>
	<string name="pref_summary_eq_player_fade_msg">Ayuda a mitigar el error con el audio constante de la sesión: al cambiar de canción, al buscar, etc.</string>
	<string name="volume_and_tweaks">Volumen y personalización</string>
	<string name="pref_app_session_is_buggy_icon">Esta aplicación contiene errores</string>
	<string name="pref_app_session_is_buggy">Esta aplicación contiene errores y no transmite adecuadamente las sesiones de audio a los ecualizadores</string>
	<string name="pref_app_multiple_sessions_bug">Esta app contiene errores y crea múltiples sesiones activas de audio</string>
	<string name="hint_session_com_google_android_apps_youtube_music"><![CDATA[Como solución temporal a este error, puedes seleccionar «No reproducir vídeo de música» en YouTube Music y/o cambiar entre las versiones de audio/video de una canción]]></string>
	<string name="pref_report_bug_from_player">¡Por favor, reporte el error desde el reproductor!</string>
	<string name="pref_press_for_bug_desc">Pulse aquí para copiar la descripción del error</string>
	<string name="enable_vis">Habilitar visualización</string>
	<string name="enable_vis_perm_required">Se requieren permisos para habilitar la Visualización</string>
	<string name="enable_vis_perm_no_mic">A pesar del nombre del permiso, Poweramp Equalizer nunca graba sonido ni usa el micrófono</string>
	<string name="enable_vis_perm_later">Puede habilitar la visualización más tarde desde los ajustes</string>
	<string name="pref_enable_dvc_for_bt">Habilitar DVC para Bluetooth</string>
	<string name="pref_summary_enable_dvc_for_bt">DVC para Bluetooth requiere que la opción Volumen Absoluto/Sincronización del Volumen de Medios esté deshabilitada</string>
	<string name="pref_summary_peq_equalizer">Ajustes del ecualizador, reproductores conocidos, DVC</string>
	<string name="pref_summary_peq_look_and_feel">Tema, idioma, notificaciones</string>
	<string name="pref_utils">Utilidades</string>
	<string name="pref_summary_utils">Reanudar al conectar auriculares, controles de volumen, personalización</string>
	<string name="pref_volume_keys">Botones de volumen</string>
	<string name="pref_peq_volume_keys_long_press_hint">Cambia de canción manteniendo los botones de volumen. Esta opción usa la API semioficial de Android 8+, que se puede activar mediante ADB o un comando de shell (una línea, pulsa aquí para copiar el comando):</string>
	<string name="pref_long_volume_resume">También puedes reanudar manteniendo los botones de volumen</string>
	<string name="pref_summary_long_volume_resume">También envía un comando de reanudación para iniciar la reproducción en el reproductor utilizado recientemente</string>
	<string name="h_first_start_msg">Para habilitar la ecualización de un reproductor iniciado antes de la instalación/primer inicio de Poweramp Equalizer, 
podría necesitar <b>pausarlo</b> y <b>reiniciarlo</b> una vez, quitándolo de las apps recientes</string>
	<string name="pref_notification_type_micro">Micro</string>
	<string name="pref_summary_notification_type_micro">Notificaciones que ocupen el menor espacio posible</string>
	<string name="pref_notification_type_standard">Estándar</string>
	<string name="pref_summary_notification_type_standard">Tamaño de notificación estándar</string>
	<string name="pref_peq_notification_msg1">La notificación es necesaria para mantener Poweramp Equalizer activo</string>
	<string name="pref_peq_notification_msg2">Las notificaciones son muy importantes, especialmente en dispositivos que cierran sus aplicaciones de forma agresiva, o cuando Poweramp Equalizer debe estar en segundo plano en todo momento, por ejemplo, para funcionar con los botones de volumen o conectarse a unos cascos</string>
	<string name="pref_peq_notification_msg3"><![CDATA[La forma recomendada de ocultar notificaciones es a través de <a href="android_notif_settings">Ajustes de notificaciones de Android</a>"]]></string>
	<string name="pref_summary_peq_keep_notification_always">Las notificaciones permanecen visibles aunque el reproductor no esté en funcionamiento, Poweramp Equalizer está listo para volver a reproducir</string>
	<string name="pref_summary_peq_keep_notification_always_msg">Si se desactiva, la notificación desaparecerá poco después de cerrar el reproducir y no solicitará ecualizar más</string>
	<string name="pref_summary_peq_no_keep_notif_on_dscn">La notificación se eliminará al desconectar Auriculares/BT</string>
	<string name="pref_peq_buy">Adquirir Poweramp Equalizer</string>
	<string name="pref_peq_long_close_delay">Mantener sesión de ecualizador</string>
	<string name="pref_summary_peq_long_close_delay">Mantener la sesión activa para el reproductor. Necesario para reproductores que cierran la sesión de ecualización al pausar, causando errores de audio al reanudar</string>
	<string name="pref_peq_doesnt_increase_res_usage">No incrementa el uso de recursos, pero mantiene Poweramp Equalizer activo durante más tiempo</string>
	<string name="pref_peq_increases_res_usage">Incrementa el uso de recursos</string>
	<string name="pref_test_build">Build de prueba</string>
	<string name="test_build_expired">Build de prueba expirada</string>
	<string name="update_app">Por favor, actualice la aplicación</string>
	<string name="thanks_for_testing">¡Gracias por la prueba!</string>
	<string name="pref_peq_blocksize">Tamaño de bloque</string>
	<string name="pref_summary_peq_blocksize">Define el número de muestras en el bloque procesado. Un tamaño de bloque más grande aumenta la resolución de frecuencia, pero también aumenta el uso de la CPU. Redúzcalo si hay saltos de sonido</string>
	<string name="pref_peq_blocksize_hires">Tamaño de bloque para alta resolución</string>
	<string name="pref_summary_peq_blocksize_hires">El tamaño de bloque para audio de alta resolución puede reducirse si hay saltos de sonido, por ejemplo para reproducción Hi-Res/LDAC</string>
	<string name="pref_peq_blocksize_hires_msg">Como la mayoría de los reproductores de streaming utilizan 44.1kHz/48kHz se recomienda establecer 44.1/48kHz para LDAC (u otras salidas de alta resolución), así como para evitar el remuestreo extra y/o el aumento del uso de la CPU</string>
	<string name="pref_peq_blocksize_msg_android_9">Android 9 tiene un error que requiere un tamaño de bloque más grande para evitar clics relacionados con la amplificación de graves</string>
	<string name="pref_peq_multi_session">Multi-sesión</string>
	<string name="pref_summary_peq_multi_session">Evitar el error cuando la app del reproductor crea múltiples sesiones activas de audio</string>
	<!-- I.e. playback audio session -->
	<string name="audio_session">Sesión de audio</string>
	<string name="samples_d">Muestras: %d</string>
	<string name="compressor">Compresor</string>
	<string name="h_compressor">Compresión del rango dinámico</string>
	<string name="pref_summary_peq_compressor">Parámetros adicionales del compresor</string>
	<!-- %.1 is replaced to a number of milliseconds -->
	<string name="f1_ms">%.1fms</string>
	<!-- %.0 is replaced to a number of milliseconds -->
	<string name="f0_ms">%.0fms</string>
	<!-- (Compressor) Attack time -->
	<string name="compr_attack">Ataque</string>
	<!-- (Compressor) Release time -->
	<string name="compr_release">Decaimiento</string>
	<!-- (Compressor) Ratio -->
	<string name="compr_ratio">Ratio</string>
	<!-- (Compressor) Knee -->
	<string name="compr_knee">Rótula (Knee)</string>
	<!-- (Compressor) Threshold -->
	<string name="compr_thr">Umbral</string>
	<!-- (Compressor) Gain -->
	<string name="compr_gain">Ganancia</string>
	<!-- (Compressor) Frequency -->
	<string name="compr_freq">Frecuencia</string>
	<!-- (Compressor) Expand Ratio -->
	<string name="compr_expand_ratio">Expansión (Expand Ratio)</string>
	<!-- (Compressor) Noise Gate -->
	<string name="compr_noise_gate">Puerta de ruido (Noise gate)</string>
	<!-- (Compressor) Pre-gain -->
	<string name="compr_pregain">Pre-ganancia</string>
	<string name="recently_rebooted">Reiniciado recientemente</string>
	<string name="recently_rebooted_msg">La ecualización puede iniciarse con un retraso de hasta unos minutos tras el reinicio debido a limitaciones del sistema operativo</string>
	<string name="pref_peq_enable">Habilitar procesamiento de audio</string>
	<string name="pref_summary_peq_enable">Si está deshabilitado, no se procesará el audio</string>
	<string name="audio_processing_disabled">Procesamiento de audio deshabilitado</string>
	<string name="peq_enable_press_to_reenable"><![CDATA[<a href="settings/peq_equ#peq_enable">Pulse aquí para volver a habilitar</a>]]></string>
	<!-- Icon -->
	<string name="black_equ">Ecualizador negro</string>
	<!-- Icon -->
	<string name="white_equ">Ecualizador blanco</string>
	<string name="active_players">Reproductores activos</string>
	<string name="pref_about_peq">Acerca de Poweramp Equalizer</string>
	<string name="h_recognized_active_players">Reproductores en uso reconocidos</string>
	<string name="pref_advanced_player_tracking">Seguimiento avanzado de reproductor</string>
	<string name="pref_summary_advanced_player_tracking">Permite la ecualización en casi cualquier reproductor, pero requiere permisos adicionales</string>
	<!-- "DUMP" is probably shoud not be translated -->
	<string name="pref_dump_permission">Permiso DUMP</string>
	<!-- "DUMP", "ADB" - probably shoud not be translated, "shell" - means shell command console -->
	<string name="pref_dump_permission_hint">El permiso DUMP se usa para listar todas las sesiones de audio en ejecución. Esto puede activarse únicamente a través de comandos ADB o shell (pulse aquí para copiar el comando en una línea):</string>
	<string name="pref_notification_listener_permission">Permiso de escucha de notificaciones</string>
	<string name="pref_notification_listener_permission_hint">El permiso de escucha de notificaciones se usa para rastrear reproductores cuando publican sus notificaciones y/o cambian su estado de reproduciendo/pausado</string>
	<string name="pref_notification_listener_permission_hint2">Poweramp Equalizer solo accede a las notificaciones del reproductor de medios</string>
	<string name="pref_enable_player_tracking">Habilitar seguimiento de reproductor</string>
	<string name="pref_requires_two_permissions">Dos permisos requeridos</string>
	<string name="pref_advanced_experimental_feature">Esta es una funcionalidad avanzada experimental</string>
</resources>
