<?xml version="1.0" encoding="utf-8"?>
<resources>
    <string name="paid_welcome_line1">Cảm ơn bạn đã mua!</string>
    <string name="please_install_poweramp">Hãy cài đặt ứng dụng chính <b>Poweramp (Bản dùng thử)</b>.</string>
    <string name="install_trial_version_msg">Full Version Unlocker là phần mở rộng cho phiên bản dùng thử của Poweramp, giúp chuyển nó thành phiên bản đầy đủ.\n\nỨng dụng Unlocker không cần biểu tượng khởi động, vì thế bạn có thể ẩn nó đi.</string>
    <string name="unlocker_can_hide_icon">Unlocker không cần biểu tượng ứng dụng. Bạn có thể ẩn nó</string>
    <string name="unlocker_remove_msg">Bạn có thể gỡ cài đặt Unlocker <b>2 ngày</b> sau khi mua/cài nếu muốn</string>
    <string name="unlocker_free_reinstall_msg">Bạn luôn có thể cài lại Unlocker từ CH Play miễn phí</string>
    <string name="install">Cài đặt Poweramp</string>
    <string name="hide_icon">Ẩn biểu tượng Unlocker khỏi Màn hình chính</string>
    <string name="start_poweramp">Khởi động Poweramp</string>
    <string name="icon_hidden">Biểu tượng sẽ vẫn hiển thị cho đến khi khởi động lại thiết bị</string>
    <string name="icon_shown">Biểu tượng có thể không được hiển thị cho đến khi khởi động lại thiết bị</string>
</resources>
