<?xml version="1.0" encoding="utf-8"?>
<resources xmlns:tools="http://schemas.android.com/tools">
	<string name="pref_known_players">Các trình phát đã biết</string>
	<string name="pref_summary_known_players">Bật/Tắt Equalizer cho các ứng dụng phát nhạc</string>
	<string name="pref_known_players_hint">Mở một cái gì đó trên bất kỳ ứng dụng nghe nhạc nào và ( nếu như ứng dụng đó hỗ trợ Equalizer) thì ứng dụng đó sẽ hiện ở đây</string>
	<string name="pref_known_players_hint2">Một ứng dụng có thể yêu cầu chọn bản nhạc mới hoặc tạm dừng và khởi động lại để áp dụng Equalizer</string>
	<string name="pref_known_players_hint3">Sau khi khởi động lại, quá trình áp dụng Equalizer có thể bị trì hoãn 1-2 phút. Cho phép Poweramp Equalizer tự khởi động khi khởi động máy để giúp giảm độ trễ</string>
	<string name="pref_known_players_hint4">Poweramp Player có thể được bật với tùy chọn MusicFX và bằng cách tắt DVC trong ứng dụng Poweramp</string>
	<string name="pref_enable_for_app">Bật cho ứng dụng này</string>
	<string name="pref_last_time_seen">Lần cuối nhìn thấy</string>
	<string name="pref_summary_eq_disable_dvc">Vô hiệu hóa điều khiển âm lượng trực tiếp cho ứng dụng này</string>
	<string name="pref_summary_eq_opt_player_restart">Tùy thuộc vào trình phát, tùy chọn này có thể có hiệu lực trên bản nhạc được chọn tiếp theo, khởi động lại trình phát,...</string>
	<!-- I.e. playback audio session -->
	<!-- %.1 is replaced to a number of milliseconds -->
	<!-- %.0 is replaced to a number of milliseconds -->
	<!-- (Compressor) Attack time -->
	<!-- (Compressor) Release time -->
	<!-- (Compressor) Ratio -->
	<!-- (Compressor) Knee -->
	<!-- (Compressor) Threshold -->
	<!-- (Compressor) Gain -->
	<!-- (Compressor) Frequency -->
	<!-- (Compressor) Expand Ratio -->
	<!-- (Compressor) Noise Gate -->
	<!-- (Compressor) Pre-gain -->
	<!-- Icon -->
	<!-- Icon -->
	<!-- "DUMP" is probably shoud not be translated -->
	<!-- "DUMP", "ADB" - probably shoud not be translated, "shell" - means shell command console -->
</resources>
