<?xml version="1.0" encoding="utf-8"?>
<resources xmlns:tools="http://schemas.android.com/tools">
	<string name="peq_app_name">Poweramp Hangszínszabályozó</string>
	<string name="pref_known_players">Ismert lejátszók</string>
	<string name="pref_summary_known_players">Hangszínszabályzás engedélyezése/letiltása a többi lejátszó számára</string>
	<string name="pref_known_players_hint">Játsszon le valamit akármelyik lejátszóban és (ha a hangszínszabályzást támogatja) az alkalmazás megjelenik itt</string>
	<string name="pref_known_players_hint2">Néhány lejátszóban szükséges lehet másik számot indítani vagy leállítani és újraindítani a hangszínszabályzás elkezdéséhez</string>
	<string name="pref_known_players_hint3">Újraindítás után a hangszínszabályzás életbe lépése késhet 1-2 percet. Az automatikus indítás engedélyezése a Poweramp hangszínszabályzó számára csökkenti a késést</string>
	<string name="pref_enable_for_app">Engedélyezve az alkalmazás számára</string>
	<string name="pref_last_time_seen">Legutóbb észlelve</string>
	<string name="pref_summary_eq_disable_dvc">Közvetlen hangerővezérlés letiltása ennél az alkalmazásnál</string>
	<string name="pref_summary_eq_opt_player_restart">A lejátszótól függően ez az opció a következő számnál, a lejátszó újraindítása után stb. léphet érvénybe</string>
	<string name="pref_app_session_is_buggy_icon">Ez az alkalmazás egy ismert hibát tartalmaz</string>
	<string name="pref_app_session_is_buggy">Ez az alkalmazás nem jelenti le rendesen az audiófolyamatot a hangszínszabályzó számára</string>
	<string name="pref_app_multiple_sessions_bug">Ez az alkalmazás több aktív audiófolyamatot indít</string>
	<string name="enable_vis">Vizualizáció engedélyezése</string>
	<string name="enable_vis_perm_required">Ehhez további engedélyek szükségesek</string>
	<string name="enable_vis_perm_no_mic">A Poweramp Hangszínszabályozó nem készít hangfelvételt, illetve a mikrofont sem használja az engedély elnevezése ellenére</string>
	<string name="enable_vis_perm_later">Később is engedélyezheti a vizualizációt a beállításoknál</string>
	<string name="pref_enable_dvc_for_bt">Bluetooth DVC engedélyezése</string>
	<string name="pref_summary_enable_dvc_for_bt">A Bluetooth közvetlen hangerővezérlés az eszköz beállításainál letiltott Abszolút hangerővel és Média hangerő szinkronizálással működik</string>
	<string name="pref_summary_peq_equalizer">Hangszínszabályozó beállítások, ismert lejátszók, DVC</string>
	<string name="pref_summary_peq_look_and_feel">Téma, felület, értesítések</string>
	<string name="h_first_start_msg">A Poweramp hangszínszabályzó telepítése/első indítása előtt elindított lejátszó hangszínszabályzásának engedélyezéséhez 
szükség lehet <b>szüneteltetni</b> és <b>újraindítani</b> egyszer az alkalmazáselőzményekből való törléssel (\"kidobással\")</string>
	<string name="pref_notification_type_micro">Kicsi</string>
	<string name="pref_notification_type_standard">Normál</string>
	<string name="pref_summary_notification_type_standard">Normális értesítés méret</string>
	<string name="pref_peq_notification_msg1">A Poweramp Hangszínszabályozó háttérben futásához értesítés megjelenítése szükséges</string>
	<string name="pref_peq_buy">A Poweramp Hangszínszabályozó megvásárlása</string>
	<string name="pref_test_build">Tesztverzió</string>
	<string name="test_build_expired">A tesztverzió lejárt</string>
	<string name="thanks_for_testing">Köszönjük, hogy kipróbálta!</string>
	<string name="pref_peq_blocksize">Blokk mérete</string>
	<!-- I.e. playback audio session -->
	<!-- %.1 is replaced to a number of milliseconds -->
	<string name="f1_ms">%.1f ms</string>
	<!-- %.0 is replaced to a number of milliseconds -->
	<string name="f0_ms">%.0f ms</string>
	<!-- (Compressor) Attack time -->
	<!-- (Compressor) Release time -->
	<!-- (Compressor) Ratio -->
	<!-- (Compressor) Knee -->
	<!-- (Compressor) Threshold -->
	<string name="compr_thr">Küszöbérték</string>
	<!-- (Compressor) Gain -->
	<string name="compr_gain">Erősítés</string>
	<!-- (Compressor) Frequency -->
	<string name="compr_freq">Frekvencia</string>
	<!-- (Compressor) Expand Ratio -->
	<!-- (Compressor) Noise Gate -->
	<!-- (Compressor) Pre-gain -->
	<string name="pref_peq_enable">Hangfeldolgozás engedélyezése</string>
	<string name="pref_summary_peq_enable">Ha le van tiltva, a hang változatlan marad</string>
	<string name="audio_processing_disabled">A hangfeldolgozás le van tiltva</string>
	<string name="peq_enable_press_to_reenable"><![CDATA[<a href="settings/peq_equ#peq_enable">Érintse meg itt az engedélyezéshez</a>]]></string>
	<!-- Icon -->
	<string name="black_equ">Fekete hangszínszabályozó</string>
	<!-- Icon -->
	<string name="white_equ">Fehér hangszínszabályozó</string>
	<string name="active_players">Aktív lejátszók</string>
	<string name="pref_about_peq">A Poweramp Hangszínszabályozó névjegye</string>
	<string name="h_recognized_active_players">Felismert aktív lejátszók</string>
	<!-- "DUMP" is probably shoud not be translated -->
	<!-- "DUMP", "ADB" - probably shoud not be translated, "shell" - means shell command console -->
</resources>
