<?xml version="1.0" encoding="utf-8"?>
<resources>
    <string name="paid_welcome_line1">Köszönjük a vásárlást!</string>
    <string name="please_install_poweramp">A <b>Poweramp (Trial)</b> feltelepítése szükséges - az a fő alkalmazás.</string>
    <string name="install_trial_version_msg">A Full Version Unlocker egy kulcs a Poweramp (Trial)-hoz, amely teljes verziójúvá alakítja azt.\n\nA feloldó nem igényel indítóikont, így elrejtheti azt.</string>
    <string name="unlocker_can_hide_icon">Az alkalmazásnak nincs szüksége indítóikonra, nyugodtan elrejtheti</string>
    <string name="unlocker_remove_msg">A vásárlás/telepítés után <b>2 nappal</b> eltávolíthatja az alkalmazást, ha szeretné</string>
    <string name="unlocker_free_reinstall_msg">A megvásárolt feloldó alkalmazást akármikor újratelepítheti a Play Áruházból</string>
    <string name="install">A Poweramp telepítése</string>
    <string name="hide_icon">A feloldó ikonjának elrejtése a kezdőképernyőről</string>
    <string name="start_poweramp">A Poweramp indítása</string>
    <string name="icon_hidden">Az ikon megmaradhat újraindításig</string>
    <string name="icon_shown">Az ikon nem feltétlenül jelenik meg újraindításig</string>
</resources>
