<?xml version="1.0" encoding="utf-8"?>
<resources xmlns:tools="http://schemas.android.com/tools">
	<string name="searchable_label">പാട്ടുകൾ, ആർട്ടിസ്റ്റുകൾ, ആൽബങ്ങൾ, പ്ലേലിസ്റ്റുകൾ എന്നിവ തിരയുക</string>
	<string name="about_poweramp_changelog">ചേഞ്ച്ലോഗ്</string>
	<string name="unknown">അജ്ഞാതം</string>
	<string name="unknown_artist_name">അജ്ഞാത കലാകാരൻ</string>
	<string name="unknown_album_name">അജ്ഞാത ആൽബം</string>
	<string name="unknown_genre_name">അജ്ഞാത തരം</string>
	<string name="unknown_year_name">അജ്ഞാത വർഷം</string>
	<string name="unknown_composer_name">അജ്ഞാത സംവിധായകൻ</string>
	<string name="library">ലൈബ്രറി</string>
	<string name="all_songs">എല്ലാ ഗാനങ്ങളും</string>
	<string name="folders">ഫോൾഡറുകൾ</string>
	<string name="folders_hier">ഫോൾഡറുകളുടെ ശ്രേണി</string>
	<string name="song">ഗാനം</string>
	<string name="songs">ഗാനങ്ങൾ</string>
	<string name="album">ആൽബം</string>
	<string name="albums">ആൽബങ്ങൾ</string>
	<string name="artist">കലാകാരൻ</string>
	<string name="album_artist">ആൽബം കലാകാരൻ</string>
	<string name="album_artists">ആൽബം കലാകാരന്മാർ</string>
	<string name="artists">കലാകാരന്മാർ</string>
	<string name="composer">രചയിതാവ്</string>
	<string name="composers">രചയിതാക്കൾ</string>
	<string name="genre">തരം</string>
	<string name="genres">തരങ്ങൾ</string>
	<string name="queue">ക്യൂ</string>
	<string name="folder">ഫോൾഡർ</string>
	<string name="playlist">പ്ലേലിസ്റ്റ്</string>
	<string name="playlists">പ്ലേലിസ്റ്റുകൾ</string>
	<string name="most_played">കൂടുതൽ കേട്ടത്</string>
	<string name="top_rated">ഉയർന്ന റേറ്റിങ്ങുള്ളത്</string>
	<string name="low_rated">താഴ്ന്ന റേറ്റിങ്ങുള്ളത്</string>
	<string name="recently_played">അടുത്തിടെ പ്ലെ ചെയ്തത്</string>
	<string name="recently_added">അടുത്തിടെ ചേർക്കപ്പെട്ടത്</string>
	<string name="long_files">നീളം</string>
	<string name="streams">സ്ട്രീമുകൾ</string>
	<string name="files">ഫയലുകൾ</string>
	<string name="year">വർഷം</string>
	<string name="years">വർഷങ്ങൾ</string>
	<string name="raw_file">Raw ഫയൽ</string>
	<!-- No more than ~9 chars, can be abbreviated. Used in the main track menu -->
	<string name="artist_short">കലാകാരൻ</string>
	<!-- No more than ~9 chars, can be abbreviated. Used in the main track menu -->
	<string name="album_short">ആൽബം</string>
	<!-- No more than ~9 chars, can be abbreviated. Used in the main track menu -->
	<string name="folder_short">ഫോൾഡർ</string>
	<!-- No more than ~9 chars, can be abbreviated. Used in the main track menu -->
	<string name="genre_short">തരം</string>
	<!-- No more than ~9 chars, can be abbreviated. Used in the main track menu -->
	<string name="lyrics_short">വരികൾ</string>
	<!-- No more than ~9 chars, can be abbreviated. Used in the main track menu -->
	<string name="album_art_short">ആൽബം ചിത്രം</string>
	<!-- No more than ~9 chars, can be abbreviated. Used in the main track menu -->
	<string name="info_short">വിവരങ്ങൾ/ടാഗുകൾ</string>
	<string name="artist_albums">ആർട്ടിസ്റ്റ് ആൽബങ്ങൾ</string>
	<string name="artist_album">ആർട്ടിസ്റ്റ് ആൽബം</string>
	<string name="composer_albums">കമ്പോസർ ആൽബങ്ങൾ</string>
	<string name="composer_album">കമ്പോസർ ആൽബം</string>
	<string name="albums_by_artist">ആർട്ടിസ്റ്റിന്റെ ആൽബങ്ങൾ</string>
	<string name="album_by_artist">ആർട്ടിസ്റ്റിന്റെ ആൽബം</string>
	<string name="genre_albums">തരം തിരിച്ചിട്ടുള്ള ആൽബങ്ങൾ</string>
	<string name="genre_album">തരം തിരിച്ചുള്ള ആൽബം</string>
	<string name="year_albums">വർഷത്തെ ആൽബങ്ങൾ</string>
	<string name="year_album">വർഷത്തെ ആൽബം</string>
	<string name="all_artist_songs">എല്ലാ ആർട്ടിസ്റ്റ് ഗാനങ്ങൾ</string>
	<string name="all_album_artist_songs">എല്ലാ ആൽബം ആർട്ടിസ്റ്റ് ഗാനങ്ങൾ</string>
	<string name="all_genre_songs">എല്ലാതരം ഗാനങ്ങൾ</string>
	<string name="all_composer_songs">എല്ലാ കമ്പോസർ ഗാനങ്ങൾ</string>
	<string name="all_year_songs">എല്ലാ വർഷത്തെ ഗാനങ്ങൾ</string>
	<string name="album_songs">ആൽബം ഗാനങ്ങൾ</string>
	<string name="artist_album_songs">ആർട്ടിസ്റ്റ് ആൽബം ഗാനങ്ങൾ</string>
	<string name="composer_album_songs">കമ്പോസർ ആൽബങ്ങൾ</string>
	<string name="genre_album_songs">തരം തിരിച്ചിട്ടുള്ള ഗാനങ്ങൾ</string>
	<string name="year_album_songs">വർഷത്തെ ആൽബങ്ങൾ</string>
	<string name="folder_songs">ഫോൾടറിെലെ ഗാനങ്ങൾ</string>
	<string name="playlist_songs">പ്ലേലിസ്റ്റിലെ ഗാനങ്ങൾ</string>
	<string name="summary_album_artists">ആൽബം ആർട്ടിസ്റ്റിൻ്റെ വർഗ്ഗം</string>
	<string name="summary_albums_by_artists">ഓരോ ആർട്ടിസ്റ്റ് / ആൽബം കോമ്പിനേഷനും പ്രത്യേക ആൽബമുള്ള വിഭാഗം</string>
	<string name="cant_continue_due_to_scan">ലൈബ്രറി സ്കാൻ പുരോഗമിക്കുന്നു, പ്രവർത്തനം തുടരാനാവില്ല</string>
	<string name="initializing">സമാരംഭിക്കുന്നു...</string>
	<string name="scanning_folders">ഫോൾഡറുകൾ സ്കാൻ ചെയ്യുന്നു...</string>
	<string name="add_to_playlist">പ്ലേലിസ്റ്റിലേക്ക് ആഡ് ചെയ്യുക</string>
	<string name="add">ചേർക്കുക</string>
	<string name="info">വിവരങ്ങൾ/ടാഗുകൾ</string>
	<string name="delete">നീക്കം ചെയ്യുക</string>
	<string name="settings">ക്രമീകരണങ്ങൾ</string>
	<string name="play">പ്ലേ</string>
	<string name="delete_dups">ഡ്യൂപ്ലിക്കേറ്റ് മായ്ക്കുക</string>
	<string name="list_opts">ലിസ്റ്റ് ഓപ്ഷനുകൾ</string>
	<!-- (To) Shuffle - verb -->
	<string name="shuffle">ഷഫിൾ</string>
	<!-- (A) Shuffle - noun -->
	<string name="shuffle_noun">ഷഫിൾ</string>
	<string name="sort">ക്രമപ്പെടുത്തുക</string>
	<string name="resort">പുനക്രമികരിക്കുക</string>
	<string name="clear_q">ശ്രേണി മായ്ക്കുക</string>
	<string name="clear_q_short">ശ്രേണി മായ്ക്കുക</string>
	<string name="clear">മായ്ക്കുക</string>
	<string name="assign">നിയോഗിക്കുക</string>
	<string name="rename">പുനർനാമം</string>
	<string name="limit">പരിധി</string>
	<string name="preamp">Preamp</string>
	<string name="volume">ശബ്ദം</string>
	<string name="bass_tone">ബേസ്</string>
	<string name="treble">ട്രെബിൾ</string>
	<string name="balance">ബാലൻസ്</string>
	<string name="balance_L">L</string>
	<string name="balance_R">R</string>
	<string name="repeat_on">വിഭാഗം ആവർത്തിക്കുക</string>
	<string name="repeat_none">ആവർത്തനം ഓഫ്</string>
	<string name="repeat_song">ഗാനം ആവർത്തിക്കുക</string>
	<string name="repeat_advance">അഡ്വാൻസ് വിഭാഗം</string>
	<string name="repeat_one_song">തിരഞ്ഞെടുത്ത ഗാനം ആവർത്തിക്കുക</string>
	<string name="single_song">ഒറ്റ ഗാനം</string>
	<string name="stop_on_last_song">ഒരു വിഭാഗത്തിലെ അവസാന ഗാനത്തിൽ നിർത്തുക</string>
	<string name="jump_to_next_list">അടുത്ത വിഭാഗത്തിലേക്ക് പോകുക</string>
	<string name="jump_to_first_song">ഒരു വിഭാഗത്തിലെ ആദ്യ ഗാനത്തിലേക്ക് പോകുക</string>
	<string name="play_single_song_and_pause">ഒറ്റ ഗാനം പ്ലേ ചെയ്ത് നിർത്തുക</string>
	<string name="shuffle_all">ഷഫിൾ എല്ലാം</string>
	<string name="shuffle_none">ഷഫിൾ ഓഫ്</string>
	<string name="shuffle_songs">ഷഫിൾ ഗാനങ്ങൾ</string>
	<string name="shuffle_cats">വിഭാഗങ്ങൾ ഷഫിൾ ചെയ്യുക</string>
	<string name="shuffle_songs_and_cats">ഗാനങ്ങൾ / വിഭാഗങ്ങൾ ഷഫിൾ</string>
	<string name="shuffle_all_long">ലഭ്യമായ എല്ലാ ഗാനങ്ങളും ഷഫിൾ ചെയ്യുക</string>
	<string name="shuffle_none_long">ഷഫിൾ ഓഫ്</string>
	<string name="shuffle_songs_long">ഗാനങ്ങൾ മാത്രം ഷഫിൾ</string>
	<string name="shuffle_cats_long">വിഭാഗങ്ങൾ മാത്രം ഷഫിൾ</string>
	<string name="shuffle_songs_and_cats_long">ഗാനങ്ങളും വിഭാഗങ്ങളും ഷഫിൾ</string>
	<string name="shuffle_hier_songs_long">ഗാനങ്ങൾ ഷഫിൾ (ശ്രേണിയിൽ)</string>
	<string name="long_press_for_more_options">കൂടുതൽ ക്രമീകരണങ്ങൾക്കായി ദീർഘനേരം അമർത്തുക</string>
	<string name="long_press_item_for_selection">തിരഞ്ഞെടുക്കൽ മെനുവിനായി ഏതെങ്കിലും ഇനം ദീർഘനേരം അമർത്തുക</string>
	<string name="long_press_item_for_multiselect">ഒന്നിലധികം ഇനങ്ങൾ തിരഞ്ഞെടുക്കാൻ ഏതെങ്കിലും ഇനം ദീർഘനേരം അമർത്തുക</string>
	<!-- Short label, ~3-5 chars -->
	<string name="tone">ടോൺ</string>
	<!-- "Tone" should be a short label, ~3-5 chars -->
	<string name="tone_off">ടോൺ ഓഫ്</string>
	<!-- Short label, ~3-5 chars -->
	<string name="equ">ഈക്യൂ</string>
	<!-- "Equ" should be a ahort label, ~3-5 chars -->
	<string name="equ_off">ഈക്യു ഓഫ്</string>
	<string name="sort_s">പുനക്രമപ്പെടുത്തുക %s</string>
	<string name="shuffle_random_sort">ഷഫിൾ (റാണ്ടം)</string>
	<string name="by_title">ശീർഷകം അനുസരിച്ച്</string>
	<string name="by_track">ട്രാക്ക് അനുസരിച്ച്</string>
	<string name="by_disc_and_track">ഡിസ്കും ട്രാക്കും അനുസരിച്ച്</string>
	<string name="by_album">ആൽബം അനുസരിച്ച്</string>
	<string name="by_artist">ആർട്ടിസ്റ്റ് അനുസരിച്ച്</string>
	<string name="by_album_artist">ആൽബം ആർട്ടിസ്റ്റ് അനുസരിച്ച്</string>
	<string name="by_filename">ഫയലിൻ്റെ പേര് അനുസരിച്ച്</string>
	<string name="by_artist_album">ആർട്ടിസ്റ്റ്/ആൽബം അനുസരിച്ച്</string>
	<string name="by_date_added_modified">ചേർത്ത / പരിഷ്‌ക്കരിച്ച തീയതി അനുസരിച്ച്</string>
	<string name="by_date_added_to_lib">ലൈബ്രറിയിലെക്ക് ചേർത്ത തീയതി അനുസരിച്ച്</string>
	<string name="by_rating">റേറ്റിംഗ് അനുസരിച്ച്</string>
	<string name="by_duration">ദൈർഘ്യം അനുസരിച്ച്</string>
	<string name="by_name">പേര് അനുസരിച്ച്</string>
	<string name="by_path">പാത അനുസരിച്ച്</string>
	<string name="by_path_cs">പാത അനുസരിച്ച് (വലിയ അക്ഷരങ്ങളും ചെറിയ അക്ഷരങ്ങളും ശ്രദ്ധിച്ച്)</string>
	<string name="by_year">വർഷം അനുസരിച്ച്</string>
	<string name="by_played_at">അവസാനം പ്ലേ ചെയ്ത സമയം അനുസരിച്ച്</string>
	<string name="by_shuffle">ഷഫിൾ ഓഡർ അനുസരിച്ച്</string>
	<string name="by_play_count">പ്ലേ എണ്ണം അനുസരിച്ച്</string>
	<string name="by_num_tracks">ട്രാക്കുകളുടെ അക്കം അനുസരിച്ച്</string>
	<string name="by_url">URL അനുസരിച്ച്</string>
	<string name="by_added_to_list">ലിസ്റ്റിലേക്ക് ചേർത്തത്ത സമയത്തിന്റെ അടിസ്ഥാനത്തിൽ</string>
	<string name="fs_date_time">ഫയൽ സിസ്റ്റം തീയതി/സമയം</string>
	<string name="play_time_not_updated">ഇത്തരത്തിൽ പ്ലേ ചെയ്യുമ്പോൾ പ്ലേ സമയം അപ്‌ഡേറ്റ് ചെയ്യുന്നില്ല</string>
	<string name="play_count_not_updated">ഇത്തരത്തിൽ പ്ലേ ചെയ്യുമ്പോൾ പ്ലേ കൗണ്ട് അപ്‌ഡേറ്റ് ചെയ്യുന്നില്ല</string>
	<string name="list_opts_s">ലിസ്റ്റ് ഓപ്ഷനുകൾ: %s</string>
	<string name="list">പട്ടിക</string>
	<string name="grid">ഗ്രിഡ്</string>
	<string name="list_small">പട്ടിക - ചെറുത്</string>
	<string name="reverse">വിപരീതം</string>
	<string name="cancel">റദ്ദാക്കുക</string>
	<string name="deleting">നീക്കം ചെയ്യുന്നു...</string>
	<string name="delete_song_q">ഗാനം നീക്കം ചെയ്യണോ?</string>
	<string name="delete_songs_q">ഗാനം നീക്കം ചെയ്യണോ?</string>
	<string name="delete_entry_q">എൻ‌ട്രി ഇല്ലാതാക്കണോ?</string>
	<string name="delete_entries_q">എൻ‌ട്രികൾ ഇല്ലാതാക്കണോ?</string>
	<!-- NOTE: update the plurals as well, as those are used in plurals in strings-data.xml -->
	<string name="selected_song_will_be_deleted"><![CDATA[തിരഞ്ഞെടുത്ത ഗാനം സ്റ്റോറേജിൽ നിന്ന്<b> എന്നേക്കുമായി ഇല്ലാതാക്കും </b>. ക്യൂ നീക്കംചെയ്യില്ല]]></string>
	<string name="selected_songs_will_be_deleted"><![CDATA[തിരഞ്ഞെടുത്ത ഗാനം സ്റ്റോറേജിൽ നിന്ന്<b> എന്നേക്കുമായി ഇല്ലാതാക്കും </b>. ക്യൂകൾ നീക്കംചെയ്യില്ല]]></string>
	<string name="selected_songs_from_folders_will_be_deleted"><![CDATA[തിരഞ്ഞെടുത്ത ഫോൾഡറുകളിലെ ഗാനങ്ങൾ സ്റ്റോറേജിൽ നിന്ന് <b> എന്നേക്കുമായി ഇല്ലാതാക്കും </b>. ക്യൂകളും ഇല്ലാതാക്കും]]></string>
	<string name="selected_entries_will_be_deleted_no_files">"തിരഞ്ഞെടുത്ത എൻ‌ട്രികൾ‌ ഇല്ലാതാക്കും. പാട്ട് ഫയലുകൾ‌ ഇല്ലാതാക്കില്ല"</string>
	<string name="selected_entry_will_be_deleted_no_files">"തിരഞ്ഞെടുത്ത എൻ‌ട്രി ഇല്ലാതാക്കും. പാട്ട് ഫയലുകൾ‌ ഇല്ലാതാക്കില്ല"</string>
	<string name="no_enough_tags">ഈ ഗാനത്തിൽ മതിയായ ടാഗുകളൊന്നുമില്ല</string>
	<string name="no_album_art">ആൽബം ആർട്ട് ഇല്ല</string>
	<string name="delete_duplicates_q">തനിപ്പകർപ്പുകൾ ഇല്ലാതാക്കണോ?</string>
	<string name="duplicates_will_be_deleted_from_playlist">പ്ലേലിസ്റ്റിൽ നിന്ന് തനിപ്പകർപ്പുകൾ ഇല്ലാതാക്കും. ഗാന ഫയലുകൾ ഇല്ലാതാക്കില്ല</string>
	<plurals name="songs_d">
		<item quantity="one">%d ഗാനം</item>
		<item quantity="other">%d ഗാനങ്ങൾ</item>
	</plurals>
	<!-- %1$.0f is format (don't translate), "s" is seconds -->
	<!-- %1$.0f is format (don't translate), "mb" is megabytes -->
	<string name="data_not_available">ഡാറ്റ ലഭ്യമല്ല</string>
	<string name="_empty">ശൂന്യം</string>
	<string name="failed_to_play_file">ഫയൽ പ്ലേ ചെയ്യുന്നതിൽ പരാജയപ്പെട്ടു!</string>
	<string name="failed_bad_directory">ഫോൾഡർ കാണുന്നില്ല അല്ലെങ്കിൽ വായിക്കാൻ കഴിയില്ല</string>
	<string name="too_many_failed">പരാജയപ്പെട്ട നിരവധി ഫയലുകൾ</string>
	<string name="failed_to_play">പ്ലേ ചെയ്യുന്നത് പരാജയപ്പെട്ടു</string>
	<string name="no_files_in_the_db">തിരഞ്ഞെടുത്ത വിഭാഗത്തിൽ ഫയലുകളൊന്നും ലഭ്യമല്ല</string>
	<string name="end_reached">പട്ടിക പൂർത്തിയായി</string>
	<string name="start_reached">വിഭാഗത്തിന്റെ ആരംഭം</string>
	<string name="shuffle_history_start_reached">ഷഫിൾ ചെയ്ത വിഭാഗത്തിന്റെ ആരംഭം</string>
	<string name="OK">ശരി</string>
	<string name="close">അടയ്‌ക്കുക</string>
	<string name="get_support">സഹായം തേടുക</string>
	<string name="site">വെബ് സൈറ്റ്</string>
	<string name="pref_from_google_play">ഗൂഗിൾ പ്ലേ</string>
	<!-- Never translate "@string/" - it's a reference to other translated text and if translated, it crashes app -->
	<!-- Sync with public-strings.xml -->
	<string name="l_failed">ലൈസൻസ് പരിശോധിക്കുന്നതിൽ പരാജയപ്പെട്ടു</string>
	<string name="l_pending_call">ലൈസൻസ് പരിശോധന ശേഷിക്കുന്നു</string>
	<string name="d_min">%d മിനുട്ട്</string>
	<string name="reset">പുനഃക്രമീകരിക്കുക</string>
	<string name="sleep_timer">സ്ലീപ് ടൈമർ</string>
	<string name="built_in">ബിൾട്ട്-ഇൻ</string>
	<string name="no_lyrics">ഗാനത്തിൽ വരികളുടെ ടാഗുകളൊന്നും കണ്ടെത്തിയില്ല</string>
	<string name="pref_press_here_for_details">വിശദാംശങ്ങൾക്ക് ഇവിടെ അമർത്തുക</string>
	<string name="pref_look_and_feel">കാഴ്ചയും അനുഭവവും</string>
	<string name="pref_skin">സ്കിൻ</string>
	<string name="pref_summary_skin">പവർ‌ആംപ് വിഷ്വൽ തീം മാറ്റുക. അധിക പ്രോ ബട്ടണുകൾ, സ്റ്റാറ്റിക് സീക്ക്ബാർ പോലുള്ള ഓപ്ഷനുകൾ ഓരോ സ്കിന്നിന്നും സജ്ജമാക്കുക</string>
	<string name="pref_skin_text">സ്റ്റാറ്റിക് സീക്ക്ബാർ, പ്രോ ബട്ടണുകൾ പോലുള്ള അധിക സ്കിൻ ഓപ്ഷനുകൾക്കായി ഇവിടെ അമർത്തുക. മൂന്നാം കക്ഷി സ്കിന്നുകൾ കൂടുതൽ ഓപ്ഷനുകളെ പിന്തുണച്ചേക്കാം</string>
	<string name="pref_buy">പവർ‌ആംപ് വാങ്ങുക</string>
	<string name="pref_buy_msg">ഗൂഗിൾ പ്ലേ സ്റ്റോർ വഴി മാത്രം പ്ലേ വിതരണം ചെയ്ത പവറാമ്പിനായി നിങ്ങൾക്ക് പൂർണ്ണ പതിപ്പ് അൺ‌ലോക്കർ വാങ്ങാൻ‌ കഴിയും.
മറ്റ് പേയ്‌മെന്റ് രീതികൾ ഉപയോഗിച്ച് പൂർണ്ണ പതിപ്പ് വാങ്ങണമെങ്കിൽ പവറാംപ് വെബ്‌സൈറ്റ് വഴി നിങ്ങൾക്ക് പവറാമ്പിന്റെ ഗൂഗിൾ ഇതര പതിപ്പ് ടൗൺലോഡ് ചെയ്ത് ഇൻസ്റ്റാൾ ചെയ്യാൻ കഴിയും.</string>
	<string name="pref_start_at_lib">ലൈബ്രറിയിൽ നിന്നും തുടങ്ങുക</string>
	<string name="pref_summary_startup_screen">സ്റ്റാർട്ടപ്പ് സ്ക്രീൻ മാറ്റുന്നു. ബാക്ക് ആക്ഷൻ പ്രധാന സ്‌ക്രീനിൽ നിന്ന് നിലവിലെ ലിസ്റ്റിലേക്ക് മടങ്ങുന്നു</string>
	<string name="pref_folders_selection">ഫോൾടറുകളുടെ തിരഞ്ഞെടുക്കൽ</string>
	<string name="pref_rescan_folders">പുനഃപരിശോധന</string>
	<string name="pref_erase_and_rescan">പൂർണ്ണ പുനഃപരിശോധന</string>
	<string name="pref_summary_erase_and_rescan">ടാഗ് വിവര ഡാറ്റാബേസും റെസ്‌കാൻ ലൈബ്രറി / ഫോൾഡറുകളും മായ്‌ക്കുക. സ്റ്റോറേജ് / എസ്ഡി കാർഡ് മാറിയപ്പോൾ, പ്രധാന റോം അപ്‌ഡേറ്റുകളിൽ അല്ലെങ്കിൽ സ്റ്റോറേജിൽ ഫോൾഡറുകൾ നീക്കുമ്പോൾ ഉപയോഗിക്കുക</string>
	<string name="pref_tag_info_will_be_erased"><![CDATA[എല്ലാ ടാഗ് വിവരങ്ങളും പവർ‌റാമ്പ് ഡാറ്റാബേസിൽ നിന്ന് മായ്‌ക്കുകയും ലൈബ്രറി / ഫോൾ‌ഡറുകൾ‌ വീണ്ടെടുക്കുകയും ചെയ്യും <br/> <br/>
<b> മുന്നറിയിപ്പ്! </b> പുറന്തള്ളപ്പെട്ട / അൺമൗണ്ട് ചെയ്യാത്ത സ്റ്റോറേജുകൾ / എസ്ഡി കാർഡുകളിൽ നിന്നുള്ള ട്രാക്ക് എൻ‌ട്രികൾ ലൈബ്രറി / ഫോൾഡറുകളിൽ നിന്ന് നീക്കംചെയ്യും, പക്ഷേ പ്ലേലിസ്റ്റുകളിൽ തുടരും]]></string>
	<string name="pref_tag_erase_rating_msg">നീക്കംചെയ്‌ത ട്രാക്കുകൾക്കുള്ള റേറ്റിംഗും ഇല്ലാതാക്കും</string>
	<string name="pref_process_cues_disable_msg"><![CDATA[ലൈബ്രറി വീണ്ടെടുക്കും. എല്ലാ വിഭാഗങ്ങളിൽ നിന്നും ട്രാക്കുകൾ <b> അപ്രത്യക്ഷമാകും </b>]]></string>
	<string name="pref_playlist_item_action">ലിസ്റ്റ് ഇനം ക്ലിക്ക് പ്രവർത്തനം</string>
	<string name="pref_lists">പട്ടിക</string>
	<string name="pref_library">ലൈബ്രറി</string>
	<string name="pref_folders_library_scanner">സ്കാനർ</string>
	<string name="pref_summary_folders_library_scanner">പവർറാമ്പ് ഫോൾഡറുകളും ലൈബ്രറി സ്കാനർ ഓപ്ഷനുകളും</string>
	<string name="pref_select_folders">സംഗീത ഫോൾഡറുകൾ</string>
	<string name="pref_summary_select_folders">ഫോൾഡറുകൾ / ലൈബ്രറി എന്നിവയ്‌ക്കായി ഫോൾഡറുകൾ തിരഞ്ഞെടുക്കുക</string>
	<string name="pref_advanced">വിപുലമായത്</string>
	<string name="pref_storages_not_available">സ്റ്റോറേജുകൾ ഒന്നും കണ്ടെത്താനായില്ല. \n നിങ്ങളുടെ SD കാർഡ് mount ചെയ്തിട്ടുണ്ടെന്നും പവർആംമ്പിന് സ്റ്റോറേജ് ​​അനുമതി ഉണ്ടെന്നും ഉറപ്പാക്കുക</string>
	<string name="pref_summary_auto_scan">യാന്ത്രികമായ SD കാർഡ്/സ്റ്റോറേജുകൾ സ്കാൻ ചെയ്യൽ പ്രാപ്തമാക്കുക. അപ്രാപ്‌തമാക്കിയിട്ടുണ്ടെങ്കിൽ, മാനുവൽ സ്കാൻ മാത്രമേ ലഭ്യമാകൂ</string>
	<string name="pref_initial_scan">പ്രാരംഭ സ്കാൻ</string>
	<!-- As in "Playlist (Imported 05.05.2020 12:25) -->
	<string name="pref_other">മറ്റുള്ളവ</string>
	<string name="pref_pl_no_dups">തനിപ്പകർപ്പുകൾ ചേർക്കരുത്</string>
	<string name="pref_summary_pl_no_dups">തനിപ്പകർപ്പുകൾ പ്ലേലിസ്റ്റിലേക്ക് ചേർക്കില്ല</string>
	<string name="pref_version">വേർഷൻ/ചേഞ്ച്ലോഗ്</string>
	<string name="pref_about_poweramp">പവർആംമ്പിനെക്കുറിച്ച്</string>
	<string name="pref_headset_connection">കണക്ഷൻ</string>
	<string name="pref_headset_buttons">ബട്ടണുകൾ</string>
	<string name="pref_headset_bt">ഹെഡ്സെറ്റ്/ബ്ലൂടൂത്ത്</string>
	<string name="pref_enable_headset_controls">ബട്ടണുകളോട് പ്രതികരിക്കുക</string>
	<string name="pref_summary_enable_headset_controls">ഹെഡ്‌സെറ്റ്/ബ്ലൂടൂത്ത് നിയന്ത്രണങ്ങൾ പ്രവർത്തനക്ഷമമാക്കുക</string>
	<string name="pref_resume_on_headset">വയേർഡ് ഹെഡ്‌സെറ്റിൽ പുനരാരംഭിക്കുക</string>
	<string name="pref_resume_on_bt">ബ്ലൂടൂത്തിൽ പുനരാരംഭിക്കുക</string>
	<string name="pref_pause_on_headset">ഹെഡ്‌സെറ്റ് വിച്ഛേദിക്കുമ്പോൾ നിർത്തുക</string>
	<string name="pref_headset_beep">ബീപ്</string>
	<string name="pref_controls_single">സിംഗിൾ പ്രസ്സ് (വേഗത്തിൽ)</string>
	<string name="pref_controls_long">അടുത്ത ട്രാക്കിനായി ദീർഘനേരം അമർത്തുക (പവർ‌ആംമ്പ് പ്ലേ ചെയ്യുമ്പോൾ)</string>
	<string name="pref_send_errors">പിശകുകൾ ഡവലപ്പർന് അയയ്‌ക്കുക</string>
	<string name="pref_download_album_art">ആൽബം ചിത്രം ഡൗൺലോഡ് ചെയ്യുക</string>
	<string name="pref_summary_download_album_art">വിട്ടുപോയ ആൽബം ചിത്രം തനിയെ തിരഞ്ഞ് ഡൗൺലോഡുചെയ്യുക</string>
	<string name="pref_download_album_art_warning">ട്രാക്ക് ടാഗുകൾ ഉപയോഗിച്ച് വിട്ടുപോയ ആൽബം ചിത്രങ്ങൾക്കായി പവർ‌ആംമ്പ് തിരയും.
 അവ്യക്തമായ തിരയൽ യുക്തി കാരണം, ചില അസാധുവായ ചിത്രങ്ങൾ കണ്ടേക്കാം</string>
	<string name="pref_album_art_options">ആൽബം ചിത്രം</string>
	<string name="pref_summary_download_if_no_tags">ട്രാക്കിൽ ടാഗുകളൊന്നും കണ്ടെത്തിയില്ലെങ്കിലും ആൽബം ആർട്ടിനായി തിരയുക</string>
	<string name="pref_prefer_download">ഡൗൺലോഡുചെയ്‌ത ആൽബം ആർട്ടിന് മുൻഗണന നൽകുക</string>
	<string name="pref_summary_prefer_download">ഡൗൺലോഡ് ചെയ്ത ആൽബം ചിത്രത്തിന് ഫോൾഡറിലുള്ള Cover.jpg/AlbumArt.jpg, മുതലായവയേക്കാൾ മുൻഗണന നൽകുക</string>
	<string name="pref_aa_wifi_only">വൈഫൈയിൽ മാത്രം ഡൗൺലോഡുചെയ്യുക</string>
	<string name="pref_summary_aa_wifi_only">വൈ-ഫൈ കണക്റ്റുചെയ്യുമ്പോൾ മാത്രമേ ആൽബം ചിത്രം ഡൗൺലോഡുചെയ്യൂ</string>
	<string name="pref_animate_album_art">ആൽബം ചിത്രം ആനിമേഷൻ</string>
	<string name="pref_summary_animate_album_art">ട്രാക്ക് പുരോഗമിക്കുമ്പോൾ ആനിമേറ്റുചെയ്യുക. ചുവടെയുള്ള ബാറിനും ഇത് ബാധകമാണ്</string>
	<string name="pref_clear_aa_cache">കാഷ് ഇല്ലാതാക്കുക</string>
	<string name="pref_summary_clear_aa_cache">പവർറാമ്പ് ഇമേജ് കാഷ് ഇല്ലാതാക്കും</string>
	<string name="pref_enable_lock_screen">ലോക്ക് സ്ക്രീനിൽ കാണിക്കുക</string>
	<string name="pref_lock_screen">സ്‌ക്രീൻ ലോക്ക്</string>
	<string name="pref_notifications">അറിയിപ്പുകൾ</string>
	<string name="pref_keep_screen_on">സ്‌ക്രീൻ ഓണാക്കി നിർത്തുക</string>
	<string name="pref_summary_keep_screen_on">പവർആംമ്പിൽ എല്ലായ്‌പ്പോഴും സ്‌ക്രീൻ ഓണാക്കി നിർത്തുക</string>
	<string name="pref_keep_service">സേവനം നിലനിർത്തുക</string>
	<string name="pref_summary_keep_service">നിഷ്‌ക്രിയമായിരിക്കുമ്പോൾ പവർആംമ്പ് പ്ലേയർ സേവനം അൺലോഡുചെയ്യില്ല</string>
	<string name="pref_keep_notification">അറിയിപ്പ് നിലനിർത്തുക</string>
	<string name="pref_keep_notification_always">എല്ലായ്പ്പോഴും അറിയിപ്പ് നിലനിർത്തുക</string>
	<!-- "Automatic" -->
	<string name="pref_auto">യാന്ത്രികം</string>
	<string name="pref_audio_engine">ശബ്ദം</string>
	<string name="pref_replay_gain_source">ഉറവിടം</string>
	<string name="pref_rg_source_album">ആൽബം</string>
	<!-- Should be named f1_db -->
	<string name="select">തിരഞ്ഞെടുക്കുക</string>
	<string name="add_new_short">പുതിയത് ചേർക്കുക</string>
	<string name="add_new_playlist">പുതിയ പ്ലേലിസ്റ്റ് ചേർക്കുക</string>
	<string name="speaker">സ്പീക്കർ</string>
	<string name="wired_headset">വയേർഡ് ഹെഡ്സെറ്റ്</string>
	<string name="bluetooth_headset">ബ്ലൂടൂത്ത്</string>
	<string name="mono">മോണോ</string>
	<string name="stereo">സ്റ്റീരിയോ</string>
	<string name="d_channels" tools:ignore="PluralsCandidate">%d ചാനലുകൾ</string>
	<string name="edit_tags">ടാഗ് തിരുത്തൽ</string>
	<string name="search">തിരയുക</string>
	<string name="track">ട്രാക്ക്</string>
	<string name="lyrics">വരികൾ</string>
	<!-- Meaning "track disc" tag, used together with "track number" tag -->
	<string name="filter">ഫില്‍റ്റര്‍</string>
	<string name="album_art">ആൽബം ചിത്രം</string>
	<string name="in_folder_image">ഫോൾഡറിലുള്ള ഇമേജ്</string>
	<string name="pick_image">ഗാലറിയിൽ നിന്നും തിരഞ്ഞെടുക്കുക</string>
	<string name="poweramp_expired">പവർ‌ആംപ് ട്രയൽ കലഹരണപ്പെടൽ</string>
	<string name="poweramp_cant_verify">പവർ‌ആംമ്പ് ലൈസൻസ് പരിശോധിക്കാൻ‌ കഴിയില്ല</string>
	<!-- NOTE: required, used in code -->
	<string name="trial_expired">ട്രയൽ കാലഹരണപ്പെട്ടു</string>
	<string name="power_cant_verify_message">ക്ഷമിക്കണം, പവർആംമ്പിന് വാങ്ങൽ സ്ഥിരീകരിക്കാൻ കഴിയില്ല&lt;br/&gt;&lt;br/&gt;
 കാരണം:%s</string>
	<string name="full_version">ഫുൾ വേർഷൻ</string>
	<string name="loading">ലോഡ്ചെയ്യുന്നു...</string>
	<string name="send_error_log_message">മുമ്പത്തെ ക്രാഷിനായി ഒരു ലോഗ് നിലവിലുണ്ട്. ഭാവിയിലെ പതിപ്പുകളിൽ ഈ പ്രശ്നം പരിഹരിക്കുന്നതിനായി error log ഇമെയിൽ ചെയ്യാൻ നിങ്ങൾ ആഗ്രഹിക്കുന്നുണ്ടോ?</string>
	<string name="not_now">ഇപ്പോൾ വേണ്ട</string>
	<string name="deleting_cache">കാഷ് ഇല്ലാതാക്കുന്നു...</string>
	<string name="select_folders">ഫോൾഡറുകൾ തിരഞ്ഞെടുക്കുക</string>
	<string name="changelog">ചേഞ്ച്ലോഗ്</string>
	<string name="welcome_title">പവർആംപിലേക്ക് സ്വാഗതം</string>
	<string name="welcome_line1">പവർആംപ് ഇൻസ്റ്റാൾ ചെയ്തതിനു നന്ദി!</string>
	<string name="paid_update_line1">പവർ‌ആംപ് അപ്‌ഡേറ്റുചെയ്‌തതിന് നന്ദി!</string>
	<string name="welcome_msg">ദയവായി ശ്രദ്ധിക്കൂ, ഇത് രണ്ടാഴ്ചയ്ക്കുള്ളിൽ കാലഹരണപ്പെടുന്ന ഒരു ട്രയൽ സോഫ്റ്റ്‌വെയറാണ്,.
 \n\n നിങ്ങൾക്ക് പവർ‌ആംപ് ക്രമീകരണ മെനു വഴി പൂർണ്ണ പതിപ്പ് വാങ്ങാൻ‌ കഴിയും.</string>
	<string name="paid_welcome_title">പവർ‌ആംപ് പൂർണ്ണ പതിപ്പ്</string>
	<string name="paid_welcome_line1">പവർ‌ആംപ് പൂർണ്ണ പതിപ്പ് വാങ്ങിയതിന് നന്ദി!</string>
	<string name="pref_translations">വിവർത്തനങ്ങൾ</string>
	<string name="pref_ics_ls">ആൻഡ്രോയിഡ് ലോക്ക് സ്ക്രീൻ</string>
	<string name="pref_poweramp_ls">പവർ‌ആംപ് ലോക്ക് സ്ക്രീൻ</string>
	<string name="pref_poweramp_ls_permissions_10">ആൻഡ്രോയിഡ് 10 ന് പവർ‌ആംപ് ലോക്ക് സ്‌ക്രീൻ കാണിക്കുന്നതിന് \"Display over other apps permission\" ആവശ്യമാണ്</string>
	<string name="setup_permissions">അനുമതികൾ സജ്ജമാക്കുക</string>
	<string name="pref_open_source_licenses">ഓപ്പൺ സോഴ്‌സ് ലൈസൻസുകൾ</string>
	<!-- For example: "Next Album" -->
	<!-- Translate only "WARNING: Some storage(s) unmounted" phrase -->
	<string name="pref_language">ഭാഷ</string>
	<string name="pref_status_lib">ലിസ്റ്റിലേക്ക് പോകുക</string>
	<string name="pref_summary_status_lib">നോട്ടിഫിക്കേഷൻ നിലവിലെ ലിസ്റ്റിലേക്ക് നയിക്കും</string>
	<string name="disabled">പ്രവർത്തനരഹിതം</string>
	<!-- E.g. failed to load Poweramp -->
	<!-- E.g. Sorry, but Poweramp has failed... %1$==Poweramp -->
	<string name="disable">പ്രവർത്തനരഹിതം</string>
	<string name="ignore">അവഗണിക്കുക</string>
	<string name="pref_translators">പരിഭാഷകർ</string>
	<string name="update_required_excl">സ്കിൻ അപ്‌ഡേറ്റ് ആവശ്യമാണ്!</string>
	<string name="pref_other_purchasing_methods">വാങ്ങുവാനുള്ള മറ്റു രീതികൾ</string>
	<string name="pref_already_purchased_q">ഇതിനകം വാങ്ങിയോ?</string>
	<string name="pref_already_purchased_on_play_msg">നിങ്ങൾ അൺലോക്കർ വാങ്ങിയ നിങ്ങളുടെ Google അക്കൗണ്ട് ഉപയോഗിക്കുന്നിടത്തോളം കാലം നിങ്ങൾക്ക് സൗജന്യമായി അൺലോക്കർ വീണ്ടും ഇൻസ്റ്റാൾ ചെയ്യാൻ കഴിയും.\n\nനിങ്ങൾക്ക് ഉപകരണത്തിൽ ഒന്നിലധികം Google അക്കൗണ്ടുകളുണ്ടെങ്കിൽ, പ്ലേ ആപ്പിൽനിന്നും ശരിയായ അക്കൗണ്ട് തിരഞ്ഞെടുത്തുവെന്ന് ഉറപ്പാക്കുക</string>
	<string name="pref_restore_purchase">വാങ്ങൽ പുനസ്ഥാപിക്കുക</string>
	<string name="iap_err_validate_failed">വാങ്ങൽ സാധൂകരിക്കുന്നതിൽ പരാജയപ്പെട്ടു</string>
	<string name="pref_title_filename">ശീർഷകമായി ഫയൽനാമം</string>
	<string name="pref_summary_title_filename">ടാഗിന് പകരം എല്ലായ്പ്പോഴും ട്രാക്ക് ഫയൽ നാമം ഉപയോഗിക്കുക. എല്ലാ വിഭാഗങ്ങൾക്കും ബാധകമാണ്</string>
	<string name="pref_aa_mobile_agent">മൊബൈൽ യൂസർ-ഏജൻറ്</string>
	<string name="pref_summary_aa_mobile_agent">മൊബൈൽ കണക്ഷൻ വഴി തിരയുമ്പോൾ മൊബൈൽ യൂസർ-ഏജന്റ് ഉപയോഗിക്കുക</string>
	<string name="pref_google_account_or_email">ഗൂഗിൾ അക്കൗണ്ട് അല്ലെങ്കിൽ ഈമെയിൽ</string>
	<string name="error_excl">പിശക്!</string>
	<string name="file_is_readonly_msg">ഫയൽ എഡിറ്റുചെയ്യാൻ കഴിയില്ല - ഫയൽ വായിക്കാൻ മാത്രമുള്ളതാണ് അല്ലെങ്കിൽ എഴുതാൻ അനുമതിയില്ല</string>
	<!-- NOTE: pa_output_*** naming is tied to names of plugins. These resources are dynamically used, not directly referenced -->
	<!-- NOTE: pa_out_device_*** naming is tied to names of devices in various places (prefs) -->
	<!-- Generic gender neutral "Selected: xx", e.g. Selected sample rate, Selected format -->
	<!-- Generic gender neutral  "Using: xx", e.g. Using sample rate, Using format -->
	<!-- Can be spelled simply as "Device sample rate" -->
	<!-- %1$s - main sentense, %2$s - details, e.g.: System Default (16) -->
	<!-- (To) Shuffle - verb -->
	<!-- NOTE: used dynamically -->
	<string name="background">പശ്ചാത്തലം</string>
	<string name="bg_opacity">പശ്ചാത്തല അതാര്യത</string>
	<string name="icons_scale">ഐക്കണുകളുടെ വലുപ്പം</string>
	<string name="icons">ഐക്കണുകൾ</string>
	<string name="icons_opacity">ഐക്കണുകൾ അതാര്യത</string>
	<string name="advanced">വിപുലമായി</string>
	<string name="button_theme">ബട്ടൺ തീം</string>
	<string name="text">ടെക്സ്റ്റ്</string>
	<string name="other">മറ്റുള്ളവ</string>
	<string name="widget_style">വിജറ്റ് ശൈലി</string>
	<string name="widget_style_d">ശൈലി %d</string>
	<string name="widget_no_style">പശ്ചാത്തലം ഇല്ല</string>
	<string name="none">ഒന്നുമില്ല</string>
	<string name="overwrite_style_s">ശൈലി മാറ്റി എഴുതട്ടെ:% s?</string>
	<string name="style_saved">ശൈലി സംരക്ഷിച്ചു</string>
	<string name="failed_to_save_style">ശൈലി സംരക്ഷിക്കുന്നത് പരാജയപ്പെട്ടു</string>
	<string name="copy_to_clipboard">ക്ലിപ്ബോർഡിലേക്ക് പകർത്തുക</string>
	<string name="import_from_clipboard">ക്ലിപ്പ്ബോർഡിൽ നിന്ന് കൊണ്ടുവരിക</string>
	<string name="save_widget_style">ശൈലി സംരക്ഷിക്കുക</string>
	<string name="style_copied_to_clipboard">ശൈലി ക്ലിപ്ബോർഡിലേക്ക് പകർത്തപ്പെട്ടു</string>
	<string name="share">പങ്കിടുക</string>
	<string name="new_name">പുതിയ നാമം</string>
	<string name="reconfigure_widget">വിജറ്റ് പുനഃക്രമീകരിക്കുക</string>
	<string name="aa_opacity">ആൽബം ആർട്ട് അതാര്യത</string>
	<string name="default_string">സ്ഥിരസ്ഥിതി</string>
	<string name="widget_circle">വ്യത്തം</string>
	<string name="normal_font">സാധാരണ ഫോണ്ട്</string>
	<string name="normal">സാധാരണം</string>
	<string name="bold">ബോൾഡ്</string>
	<string name="italic">ഇറ്റാലിക്</string>
	<string name="normal_size">സാധാരണ വലിപ്പം</string>
	<string name="album_art_shadow">ആൽബം ആർട്ട് നിഴൽ</string>
	<string name="list_icon">ലിസ്റ്റ് ഐക്കൺ</string>
	<string name="neon_icons">നിയോൺ ഐക്കൺ</string>
	<string name="meta">മെറ്റാ</string>
	<string name="bg_style">പശ്ചാത്തല ശൈലി</string>
	<string name="font_size">ഫോണ്ട് വലിപ്പം</string>
	<string name="shadow">നിഴൽ</string>
	<string name="shadow_opacity">നിഴൽ അതാര്യത</string>
	<string name="other_text">മറ്റ് ടെക്സ്റ്റ്</string>
	<string name="title">ശീർഷകം</string>
	<string name="size">വലിപ്പം</string>
	<string name="pref_5_stars">5 സ്റ്റാർ</string>
	<string name="help">സഹായം</string>
	<string name="h_frs_drag_to_scroll">സ്ക്രോൾ നോബുകളിലേക്ക് വലിച്ചിടുക</string>
	<string name="h_hide_hints">സൂചനകൾ മറയ്ക്കുക</string>
	<string name="back_10s">പിന്നോട്ട് 10സെ</string>
	<string name="forward_10s">മുന്നോട്ട് 10സെ</string>
	<string name="pref_notification_type">നോട്ടിഫിക്കേഷൻ തരം</string>
	<string name="pref_legacy">ലെഗസി</string>
	<string name="pref_media_custom">ഇഷ്‌ടാനുസൃത കവറുള്ള മീഡിയ</string>
	<!-- Minutes. Should be independent from the number quantity, thus, probably, abbreviated -->
	<!-- Accessibility -->
	<!-- Accessibility -->
	<!-- Accessibility -->
	<!-- Accessibility -->
	<!-- Accessibility -->
	<!-- Accessibility -->
	<!-- Accessibility -->
	<string name="pref_search">തിരയുക</string>
	<string name="dont_show_again">വീണ്ടും കാണിക്കരുത്</string>
	<string name="device_apps_settings">ആപ്പ് ക്രമീകരണങ്ങൾ</string>
	<!-- Used for voice search. Should not be abbriviated. If original string is not abbiriviated, the default reference @string/most_played may be left as is.
	Never translate "@string/" - it's a reference to other translated text and if translated, it crashes app -->
	<!-- Used for voice search. Should not be abbriviated. If original string is not abbiriviated, the default reference @string/top_rated may be left as is.
	Never translate "@string/" - it's a reference to other translated text and if translated, it crashes app -->
	<!-- Used for voice search. Should not be abbriviated. If original string is not abbiriviated, the default reference @string/low_rated may be left as is.
	Never translate "@string/" - it's a reference to other translated text and if translated, it crashes app -->
	<!-- Used for voice search. Should not be abbriviated. If original string is not abbiriviated, the default reference @string/recently_played may be left as is.
	Never translate "@string/" - it's a reference to other translated text and if translated, it crashes app -->
	<!-- Used for voice search. Should not be abbriviated. If original string is not abbiriviated, the default reference @string/recently_added may be left as is.
	Never translate "@string/" - it's a reference to other translated text and if translated, it crashes app -->
	<!-- Used for voice search. This is the root word for given term.
	Never translate "@string/" - it's a reference to other translated text and if translated, it crashes app  -->
	<!-- Used for voice search. This is the root word for given term.
	Never translate "@string/" - it's a reference to other translated text and if translated, it crashes app -->
	<!-- Used for voice search. This is the root word for given term.
	Never translate "@string/" - it's a reference to other translated text and if translated, it crashes app -->
	<!-- Used for voice search. This is the root word for given term.
	Never translate "@string/" - it's a reference to other translated text and if translated, it crashes app -->
	<!-- Like in "Hi-Res: supported" -->
	<string name="pref_supported">പിന്തുണക്കപ്പെടും</string>
	<string name="pref_cc_button">ക്രോംകാസ്റ്റ് ബട്ടൺ</string>
	<!-- Also refered as "Main UI" -->
	<string name="pref_main_screen">പ്രധാന സ്ക്രീൻ</string>
	<string name="pref_main_menu">പ്രധാന മെനു</string>
	<string name="pref_main_screen_and_main_menu">പ്രധാന സ്ക്രീനും പ്രധാന മെനുവും</string>
	<!-- Provider means "Track Provider Plugin" - the plugin which adds tracks to Poweramp, such as cloud tracks, streaming tracks, etc. -->
	<!-- Also, can be "Edit" or "Modify". For example, "Change folder permission", "Edit folder permission" -->
	<string name="change">മാറ്റുക</string>
	<string name="pref_summary_playlists">ഉപയോക്താവ് സൃഷ്ടിച്ച പ്ലേലിസ്റ്റുകൾ ഇറക്കുമതി/കയറ്റുമതി, ഓപ്ഷനുകൾ</string>
	<!-- For example, missing playlist entry -->
	<string name="pref_resume_on_mount">സ്റ്റോറേജിനായി കാത്തിരിക്കുക</string>
	<string name="pref_volume_keys_long_press">വോളിയം കീകൾ ലോംഗ് പ്രസ്സ്</string>
	<string name="no_permission">അനുവാദം ഇല്ല</string>
	<string name="permission_granted">അനുവാദം നൽകി</string>
	<string name="pref_headset_vibrate">വൈബ്രേറ്റ്</string>
	<string name="pref_addons">ആഡോൺ</string>
	<string name="pref_anim_long_labels">നീളമേറിയ ലേബലുകൾ ചലിപ്പിക്കുക</string>
	<string name="pref_summary_anim_long_labels">നീളമേറിയ ട്രാക്ക് ശീർഷകവും ആൽബം/ആർട്ടിസ്റ്റ് ലേബലുകളും ചലിപ്പിക്കുക</string>
	<string name="pref_privacy_policy">സ്വകാര്യതാ നയം</string>
	<string name="copied_to_clipboard">ക്ലിപ്ബോർഡിലേക്ക് പകർത്തി</string>
	<string name="pref_cc_force_aa">ആൽബം ആർട്ട്  നിർബന്ധിച്ച് അയക്കുക</string>
	<string name="pref_summary_cc_force_aa">ഡിസ്പ്ലേ ഇല്ലെന്ന് റിപ്പോർട്ടുചെയ്‌താലും Chromecast ഉപകരണത്തിലേക്ക് ആൽബം ആർട്ട് അയയ്‌ക്കുക</string>
	<!-- Noun, i.e. "a screen" -->
	<string name="display">ഡിസ്പ്ലേ</string>
	<string name="volume_long">വോളിയം</string>
	<string name="available">ലഭ്യമാണ്</string>
	<string name="not_available">ലഭ്യമല്ല</string>
	<string name="enabled">പ്രവർത്തനക്ഷമമാക്കി</string>
	<string name="status_unknown">അജ്ഞാതമായ നില</string>
	<string name="pref_dvc_not_supported">ROM പിന്തുണയ്ക്കുന്നില്ല</string>
	<!-- Headroom gain is basically reduction of volume to allow equalization. See https://en.wikipedia.org/wiki/Headroom_(audio_signal_processing) -->
	<!-- NOTE: %.1f is a placeholder for digits. It looks like this when formatted: 5.0dB -->
	<string name="show_all">എല്ലാം പ്രദർശിപ്പിക്കുക</string>
	<string name="pref_vis_in_lib">ലൈബ്രറിയിൽ ദൃശ്യവൽക്കരണം</string>
	<string name="pref_summary_vis_in_lib">പ്രധാന സ്ക്രീനിൽ വിഷ്വലൈസേഷൻ പ്രാപ്തമാക്കുമ്പോൾ ദൃശ്യമാകും.  ഉപയോഗിച്ച വിഷ്വലൈസേഷൻ പ്രീസെറ്റിനെ ആശ്രയിച്ച്, ചില UI ഘടകങ്ങൾ മോശമായി ദൃശ്യമാകാം</string>
	<string name="pref_summary_audio_info">പവർ‌റാമ്പിലെ ഓഡിയോ പ്രോസസ്സിംഗിനെക്കുറിച്ചുള്ള വിശദമായ വിവരങ്ങൾ. മെയിൻ, ഇക്വലൈസർ സ്‌ക്രീനുകളിലെ ചെറിയ മെറ്റാ വിവരങ്ങളിൽ ദീർഘനേരം അമർത്തിക്കൊണ്ടും ലഭ്യമാണ്</string>
	<string name="pref_icon">ഐക്കൺ</string>
	<string name="pref_summary_icon">പവർ‌ആംമ്പിന്റെ ലോഞ്ചർ ഐക്കൺ തിരഞ്ഞെടുക്കുക</string>
	<string name="pref_icon_set_msg2">ഐക്കൺ അപ്‌ഡേറ്റുചെയ്യാൻ ലോഞ്ചറിന് കുറച്ച് സമയമെടുക്കും</string>
	<!-- E.g. Round icon -->
	<!-- E.g. Zap icon -->
	<!-- E.g. Classic icon -->
	<!-- E.g. Just (only) zap icon -->
	<!-- E.g. Black Play icon  -->
	<!-- E.g. White Play icon  -->
	<string name="pref_experiment">പരീക്ഷണം</string>
	<string name="pref_experimental_msg">ഇതൊരു പരീക്ഷണാത്മക സവിശേഷതയാണ് - ഭാവിയിലെ ബിൽഡുകളിൽ ഇത് മാറ്റുകയോ നീക്കംചെയ്യുകയോ ചെയ്യാം കൂടാതെ / അല്ലെങ്കിൽ ചില Android വേരിയന്റുകളിൽ / ഉപകരണങ്ങളിൽ പ്രവർത്തിക്കില്ലായിരിക്കാം</string>
	<!-- Like in "online radio stream" -->
	<string name="stream">സ്ട്രീം</string>
	<string name="pref_stream_timeout">നെറ്റ്‌വർക്ക് സ്ട്രീം കാലഹരണപ്പെട്ടു</string>
	<!-- E.g. "Small buffer size" -->
	<!-- Like "Use this album art for the list" -->
	<!-- Do not translate: UTF-8, .m3u -->
	<!-- Do not translate: UTF-8, .m3u, .m3u8 -->
	<!-- Stream/radio URL -->
	<string name="add_url">URL ചേർക്കുക</string>
	<!-- Stream/radio URL -->
	<string name="invalid_url">അസാധുവായ URL</string>
	<string name="pref_crowdin_project">പവർ‌ആംമ്പ് ക്രൗഡിൻ പ്രോജക്ട്</string>
	<string name="pref_scan_no_wait">ഉടൻ തന്നെ റീസ്കാൻ ചെയ്യുക</string>
	<string name="no_google_services_required">ഗൂഗിൾ സേവനങ്ങളൊന്നും ആവശ്യമില്ല</string>
	<string name="contact_us">ഞങ്ങളെ സമീപിക്കുക</string>
	<string name="faq">പതിവുചോദ്യങ്ങൾ</string>
	<string name="send_email">ഈമെയിൽ അയക്കുക</string>
	<string name="your_message">നിങ്ങളുടെ സന്ദേശം</string>
	<string name="edit_url">URL തിരുത്തുക</string>
	<string name="pref_track_end_silence_ms">ട്രാക്കുകൾക്ക് ഇടയിൽ നിശബ്ദം</string>
	<string name="pref_hide_menu">മെനു മറയ്ക്കുക</string>
	<!-- Last _Time_ Played, e.g. 5 days ago -->
	<string name="last_played">അവസാനമായി പ്ലേ ചെയ്തത്</string>
	<string name="pref_aa_keep_aspect">വീക്ഷണാനുപാതം നിലനിർത്തുക</string>
	<string name="pref_summary_aa_keep_aspect_note">കുറിപ്പ്: അറിയിപ്പുകൾ / വിജറ്റുകൾ / ബാഹ്യ അപ്ലിക്കേഷനുകൾ തുടർന്നും ചിത്രങ്ങൾ മുറിക്കും</string>
	<string name="pref_send_log">ലോഗ് അയക്കുക</string>
	<string name="pref_queue_start">ക്യൂ പ്ലേ ചെയുന്നത് തുടരുക</string>
	<string name="pref_after_current_song">നിലവിലെ ഗാനത്തിന് ശേഷം</string>
	<string name="pref_after_current_list">നിലവിലെ വിഭാഗത്തിന് ശേഷം (ഫോൾഡർ/ആൽബം/പ്ലേലിസ്റ്റ്/മുതലായവ)</string>
	<string name="pref_immediately">ഉടനെതന്നെ</string>
	<string name="pref_update">അപ്ഡേറ്റ്</string>
	<string name="pref_check_updates">അപ്‌ഡേറ്റുകൾക്കായി പരിശോധിക്കുക</string>
	<string name="pref_check_beta_updates">ബീറ്റാ പതിപ്പുകൾക്കായി പരിശോധിക്കുക</string>
	<string name="pref_check_udpate_now">ഇപ്പോൾ പരിശോധിക്കുക</string>
	<string name="update_available">അപ്ഡേറ്റ് ലഭ്യമാണ്</string>
	<string name="no_updates_available">അപ്ഡേറ്റുകൾ ഒന്നും ലഭ്യമല്ല</string>
	<string name="download_new_version_q_s">പുതിയ പതിപ്പ് %s</string>
	<string name="download">ഡൗൺലോഡ്</string>
	<string name="whats_new">എന്താണ് പുതിയത്</string>
	<string name="last_checked_s">അവസാനമായി പരിശോധിച്ചത്: %s</string>
	<string name="pref_track_nums">ട്രാക്ക് നമ്പർ ദ്യശ്യമാക്കുക</string>
	<string name="pref_track_num_in_title_everywhere">ടൈറ്റിലിൽ (എല്ലായിടവും)</string>
	<string name="pref_track_num_in_meta_relevant">മെറ്റയിൽ(പ്രസക്തമായ വിഭാഗങ്ങളിൽ)</string>
	<string name="pref_track_num_separate_relevant">പ്രത്യേക നമ്പർ (പ്രസക്തമായ വിഭാഗങ്ങൾ)</string>
	<string name="pref_track_disc_meta">ഡിസ്ക് പ്രദർശിപ്പിക്കുക</string>
	<!-- Do not translate: Poweramp v3 skin. "Play" is google play market app -->
	<string name="invalid_storage">അസാധുവായ സ്റ്റോറേജ്</string>
	<!-- Provider means "Track Provider Plugin" - the plugin which adds tracks to Poweramp, such as cloud tracks, streaming tracks, etc. -->
	<!-- Provider means "Track Provider Plugin" - the plugin which adds tracks to Poweramp, such as cloud tracks, streaming tracks, etc. -->
	<!-- Provider means "Track Provider Plugin" - the plugin which adds tracks to Poweramp, such as cloud tracks, streaming tracks, etc. -->
	<!-- Provider means "Track Provider Plugin" - the plugin which adds tracks to Poweramp, such as cloud tracks, streaming tracks, etc. -->
	<string name="remove">നീക്കം ചെയ്യുക</string>
	<!-- Provider means "Track Provider Plugin" - the plugin which adds tracks to Poweramp, such as cloud tracks, streaming tracks, etc. -->
	<!-- Provider means "Track Provider Plugin" - the plugin which adds tracks to Poweramp, such as cloud tracks, streaming tracks, etc. -->
	<!-- Provider means "Track Provider Plugin" - the plugin which adds tracks to Poweramp, such as cloud tracks, streaming tracks, etc. -->
	<!-- Huawei AppGallery -->
	<string name="from_app_gallery">ആപ്പ്ഗാലറിയിൽ നിന്നും</string>
	<!-- For example, "Error: Some error #1111" -->
	<string name="error">പിശക്</string>
	<string name="error_loading_s">%s: ലോഡുചെയ്യുന്നതിൽ പിശക്</string>
	<string name="pref_summary_file_access_legacy_mode">Android- ന്റെ ഭാവി പതിപ്പുകളിൽ ഫയൽ ആക്‌സസ്സ് ലെഗസി മോഡിനെ പിന്തുണയ്‌ക്കില്ല</string>
	<!-- E.g. "Open Playlist" -->
	<string name="open">തുറക്കുക</string>
	<!-- "User Agent" probably, shouldn't be translated -->
	<!-- As in "Migrate Data to Android 10" -->
	<string name="pref_follow_night_mode">പകൽ/രാത്രി മോഡ് പിന്തുടരുക</string>
	<!-- Used as verb, i.e. in the menu as action to bookmark the song position -->
	<!-- Noun, used as a category name -->
	<!-- E.g.: Added to bookmarks. Should be neutral to number of items added -->
	<!-- Max 12 chars -->
	<!-- Monochromatic "color" -->
	<!-- Meaning app build number, e.g. Build 987 -->
	<!-- NOTE: %d is replaced with a number, double percent %% is replaced with just percent % -->
	<!-- E.g. "Rounded corner" -->
</resources>
