<?xml version="1.0" encoding="utf-8"?>
<resources>
    <string name="paid_welcome_line1">താങ്കളുടെ വാങ്ങലിന് നന്ദി!</string>
    <string name="please_install_poweramp">ദയവായി <b> പവർആംപ് (ട്രയൽ) </b> ഇൻസ്റ്റാൾ ചെയ്യുക - അതാണ് പ്രധാന ആപ്പ്</string>
    <string name="install_trial_version_msg">പവർആംപ് (ട്രയൽ) നുള്ള ഒരു കീ ആണ് ഫുൾ വേർഷൻ അൺലോക്കർ. അൺലോക്കർ പവർആംപിനെ ഫുൾ വേർഷനിലേക്ക് പരിവർത്തനം ചെയ്യുന്നു</string>
    <string name="unlocker_can_hide_icon">അൺലോക്കറിന് ഒരു ലോഞ്ചർ ഐക്കൺ ആവശ്യം ഇല്ല, നിങ്ങൾക്ക് ഇത് മറച്ചു വയ്ക്കാം</string>
    <string name="unlocker_remove_msg">നിങ്ങൾ ആഗ്രഹിക്കുന്നുവെങ്കിൽ വാങ്ങൽ/ഇൻസ്റ്റാൾ ചെയ്ത് <b>2 ദിവസം </b> കഴിഞ്ഞ് നിങ്ങൾക്ക് അൺലോക്കർ അൺഇൻസ്റ്റാൾ ചെയ്യാം</string>
    <string name="unlocker_free_reinstall_msg">നിങ്ങൾക്ക് എല്ലായ്പ്പോഴും അൺലോക്കർ പ്ലേസ്റ്റോറിൽ നിന്ന് സൗജന്യമായി റീഇൻസ്റ്റാൾ ചെയ്യാൻ സാധിക്കും</string>
    <string name="install">പവർആംപ് ഇൻസ്റ്റാൾ ചെയ്യുക</string>
    <string name="hide_icon">ലോഞ്ചറിൽ നിന്ന് അൺലോക്കർ ഐക്കൺ മറയ്‌ക്കുക</string>
    <string name="start_poweramp">പവർ‌ആംപ് ആരംഭിക്കുക</string>
    <string name="icon_hidden">റീബൂട്ട് ചെയ്യുന്നതുവരെ ഐക്കൺ നിലനിൽക്കാം</string>
    <string name="icon_shown">റീബൂട്ട് ചെയ്യുന്നതുവരെ ഐക്കൺ ദൃശ്യമാകില്ല</string>
</resources>
