<?xml version="1.0" encoding="utf-8"?>
<resources>
    <string name="paid_welcome_line1">Һатып алыу өсөн рәхмәт!</string>
    <string name="please_install_poweramp">Зинһар, йөктәгеҙ<b>Poweramp (Trial)</b> - был иң башлы приложение</string>
    <string name="install_trial_version_msg">Unlocker асҡыс тулы версияға Poweramp (Trial)</string>
    <string name="install">Poweramp-ты йөктә</string>
    <string name="start_poweramp">Poweramp башларға</string>
</resources>
