<?xml version="1.0" encoding="utf-8"?>
<resources xmlns:tools="http://schemas.android.com/tools">
	<string name="searchable_label">Йырҙар, артисттар, альбомдар, плейлисттар эҙләүе</string>
	<string name="about_poweramp_changelog">Төҙәтеү исемлеге</string>
	<string name="unknown">Исемһеҙ</string>
	<string name="unknown_artist_name">Исемһеҙ артист</string>
	<string name="unknown_album_name">Исемһеҙ альбом</string>
	<string name="unknown_genre_name">Исемһеҙ жанр</string>
	<string name="unknown_year_name">Йылһыҙ</string>
	<string name="unknown_composer_name">Исемһеҙ композитор</string>
	<string name="library">Китапхана</string>
	<string name="all_songs">Бөтә йырҙар</string>
	<string name="folders">Һалмаҡлыҡ</string>
	<string name="folders_hier">Һалмаҡлыҡтарҙын иерархияһы</string>
	<string name="song">Йыр</string>
	<string name="songs">Йырҙар</string>
	<string name="album">Альбом</string>
	<string name="albums">Альбомдар</string>
	<string name="artist">Артисттар</string>
	<string name="album_artist">Артистың альбомы</string>
	<string name="album_artists">Артистарҙың альбомдары</string>
	<string name="artists">Артистар</string>
	<string name="composer">Композитор</string>
	<string name="composers">Композиторҙар</string>
	<string name="genre">Жанр</string>
	<string name="genres">Жанрҙар</string>
	<string name="queue">Сират</string>
	<string name="folder">Һалмаҡлыҡ</string>
	<string name="playlist">Плейлист</string>
	<string name="playlists">Плейлисттар</string>
	<string name="most_played">Иң тыңдалған йырҙар</string>
	<string name="top_rated">Иң рейтинглы</string>
	<string name="low_rated">Әҙ рейтинглы</string>
	<string name="recently_played">Баяғы уйнаған</string>
	<string name="recently_added">Баяғы ҡушылған</string>
	<string name="long_files">Оҙонлоҡ</string>
	<string name="streams">Ағымдар</string>
	<string name="files">Файлдар</string>
	<string name="year">Йыл</string>
	<string name="years">Йылдар</string>
	<string name="raw_file">Raw файлы</string>
	<!-- No more than ~9 chars, can be abbreviated. Used in the main track menu -->
	<string name="artist_short">Артист</string>
	<!-- No more than ~9 chars, can be abbreviated. Used in the main track menu -->
	<string name="album_short">Альбом</string>
	<!-- No more than ~9 chars, can be abbreviated. Used in the main track menu -->
	<string name="folder_short">Һалмаҡлыҡ</string>
	<!-- No more than ~9 chars, can be abbreviated. Used in the main track menu -->
	<string name="genre_short">Жанр</string>
	<!-- No more than ~9 chars, can be abbreviated. Used in the main track menu -->
	<string name="lyrics_short">Һүҙҙәр</string>
	<!-- No more than ~9 chars, can be abbreviated. Used in the main track menu -->
	<string name="album_art_short">Альбом тышы</string>
	<!-- No more than ~9 chars, can be abbreviated. Used in the main track menu -->
	<string name="info_short">Мәғлүмәт/Тегтар</string>
	<string name="artist_albums">Артистың альбомдары</string>
	<string name="artist_album">Артистың альбомы</string>
	<string name="composer_albums">Композиторҙың альбомдары</string>
	<string name="composer_album">Композиторҙың альбомы</string>
	<string name="albums_by_artist">Артистың альбомдары</string>
	<string name="album_by_artist">Артистың альбомы</string>
	<string name="genre_albums">Альбомдарҙың жанрыһы</string>
	<string name="genre_album">Альбомдың жанрыһы</string>
	<string name="year_albums">Альбомдарҙың йылы</string>
	<string name="year_album">Альбомдың йылы</string>
	<string name="all_artist_songs">Бөтә артистың йырҙары</string>
	<string name="all_album_artist_songs">Бөтә артистың альбомынаң йырҙары</string>
	<string name="all_genre_songs">Бөтә жанр йырҙары</string>
	<string name="all_composer_songs">Бөтә композитор йырҙары</string>
	<string name="all_year_songs">Бөтә йыл йырҙары</string>
	<string name="album_songs">Альбомдың йырҙары</string>
	<string name="artist_album_songs">Артистың альбом йырҙары</string>
	<string name="composer_album_songs">Композиторҙың альбомынан йырҙары</string>
	<string name="year_album_songs">Һеҙҙең йырҙар менән альбом</string>
	<string name="folder_songs">Йырҙар менән һалмаҡлыҡ</string>
	<string name="playlist_songs">Плейлисттың йырҙары</string>
	<string name="initializing">Инициализация...</string>
	<string name="scanning_folders">Һалмаҡлыҡтарҙы байҡатлау...</string>
	<string name="add_to_playlist">Плейлистҡа ҡушыу</string>
	<string name="add">Ҡушыу</string>
	<string name="info">Мәғлүмәт/Тегтар</string>
	<string name="delete">Юйыу</string>
	<string name="settings">Көйләмдәр</string>
	<string name="play">Уйнатыу</string>
	<string name="delete_dups">Күсермәнең юйыу</string>
	<string name="list_opts">Опцияларҙың исемлектәре</string>
	<!-- (To) Shuffle - verb -->
	<string name="shuffle">Бутау</string>
	<!-- (A) Shuffle - noun -->
	<string name="shuffle_noun">Бутау</string>
	<string name="sort">Сүптәү</string>
	<string name="resort">Яңынан сүптәү</string>
	<string name="clear_q">Сиратты таҙартыу</string>
	<string name="clear_q_short">Сиратты таҙартыу</string>
	<string name="clear">Таҙартыу</string>
	<string name="assign">Билдәләү</string>
	<string name="rename">Исемен алыштырыу</string>
	<string name="limit">Лимит</string>
	<string name="preamp">Preamp</string>
	<string name="volume">Тауыштың ҡатылығы</string>
	<string name="bass_tone">Bass</string>
	<string name="treble">Ҙур йышлыҡ</string>
	<string name="balance">Баланс</string>
	<string name="balance_L">Һул</string>
	<string name="balance_R">Уң</string>
	<string name="repeat_on">Категорияны ҡабатлау</string>
	<string name="repeat_none">Ҡабатлау һүнгән</string>
	<string name="repeat_song">Йырҙы ҡабатларға</string>
	<string name="repeat_one_song">Һайҙалған йырҙарҙы ҡабатларға</string>
	<string name="single_song">Бер Йыр</string>
	<string name="jump_to_next_list">Икенсе дәрәжәгә һикереү</string>
	<string name="jump_to_first_song">Был дәрәжәнең беренсе йырға һикерергә</string>
	<string name="play_single_song_and_pause">Бер йырҙы уйнатырға һәм пауза ҡуйырға</string>
	<string name="shuffle_all">Бөтә буталарға</string>
	<string name="shuffle_none">Буталауҙы һүндерергә</string>
	<string name="shuffle_songs">Йырҙарҙы буталарға</string>
	<string name="shuffle_cats">Категорияларҙы буталау</string>
	<string name="shuffle_songs_and_cats">Категорияларҙы/Йырҙарҙы бутарға</string>
	<string name="shuffle_all_long">Бөтә булған йырҙарҙы бутарға</string>
	<string name="shuffle_none_long">Бутауҙы һүндерергә</string>
	<string name="shuffle_songs_long">Тик йырҙарҙы бутарға</string>
	<string name="shuffle_cats_long">Тик категорияларҙы бутарға</string>
	<string name="shuffle_songs_and_cats_long">Йырҙарҙы һәм категорияларҙы бутарға</string>
	<string name="shuffle_hier_songs_long">Йырҙарҙы бутау (Иерархиялап)</string>
	<string name="long_press_for_more_options">Күберәк опциялар алыр өсөн оҙаҡ баҫығыҙ</string>
	<!-- Short label, ~3-5 chars -->
	<string name="tone">Тон</string>
	<!-- "Tone" should be a short label, ~3-5 chars -->
	<string name="tone_off">Тон һүндереү</string>
	<!-- Short label, ~3-5 chars -->
	<string name="equ">Эквалайзер</string>
	<!-- "Equ" should be a ahort label, ~3-5 chars -->
	<string name="equ_off">Эквалайзер һүндереү</string>
	<string name="sort_s">Яңынан айырыу</string>
	<string name="shuffle_random_sort">Бутау (рандомлы айырыу)</string>
	<string name="by_title">Исем күрә</string>
	<string name="by_track">Трек күрә #</string>
	<string name="by_disc_and_track">Диск һәм трек күрә #</string>
	<string name="by_album">Альбом күрә</string>
	<string name="by_artist">Артист күрә</string>
	<string name="by_album_artist">Артистың альбомы күрә</string>
	<string name="by_filename">Файл исеме күрә</string>
	<string name="by_artist_album">Артист/альбом күрә</string>
	<string name="by_date_added_modified">Ҡушыу/Үҙгәртеү датаһы күрә</string>
	<string name="by_rating">Рейтинг күрә</string>
	<string name="by_duration">Оҙаҡлыҡ күрә</string>
	<string name="by_name">Исеме күрә</string>
	<string name="by_path">Юл күрә</string>
	<string name="by_year">Йылға күрә</string>
	<string name="list">Исемлек</string>
	<!-- NOTE: update the plurals as well, as those are used in plurals in strings-data.xml -->
	<plurals name="songs_d">
		<item quantity="one">%d йыр</item>
		<item quantity="other">%d йырҙар</item>
	</plurals>
	<string name="sec">сек</string>
	<string name="d_ms">%dms</string>
	<!-- %1$.0f is format (don't translate), "s" is seconds -->
	<string name="f_sec">%1$.0fс</string>
	<!-- %1$.0f is format (don't translate), "mb" is megabytes -->
	<string name="f1_mb">%1$.1fмб</string>
	<string name="data_not_available">Мәғлүмәттәрғә инеү юҡ</string>
	<string name="_empty">буш</string>
	<string name="failed_to_play_file">Файлды уйнатырға булманы!</string>
	<string name="failed_bad_directory">Һалмаҡлыҡ юҡ булған йәки уҡылмай</string>
	<string name="too_many_failed">Бик күп хаталы файлдар</string>
	<string name="failed_to_play">Уйнатырға булманы</string>
	<string name="end_reached">Исемлек бөттө</string>
	<string name="start_reached">Категориянын башланғысы</string>
	<string name="shuffle_history_start_reached">Буталған категорияның башланғысы</string>
	<string name="bit">бит</string>
	<string name="khz">кГц</string>
	<string name="hz">Гц</string>
	<string name="kbps">кб/с</string>
	<string name="kb">кБ</string>
	<string name="f0_hz">%.0fГц</string>
	<string name="f1_khz">%.1fкГц</string>
	<string name="bass">Bass</string>
	<string name="bass_extreme">Басс экстрим</string>
	<string name="bass_treble">Басс &amp; Юғары тон</string>
	<string name="classical">Классикалы</string>
	<string name="dance">Бейеү</string>
	<string name="rock">Рок</string>
	<string name="techno">Техно</string>
	<!-- Never translate "@string/" - it's a reference to other translated text and if translated, it crashes app -->
	<!-- Sync with public-strings.xml -->
	<!-- As in "Playlist (Imported 05.05.2020 12:25) -->
	<!-- "Automatic" -->
	<!-- Should be named f1_db -->
	<!-- Meaning "track disc" tag, used together with "track number" tag -->
	<!-- NOTE: required, used in code -->
	<!-- For example: "Next Album" -->
	<!-- Translate only "WARNING: Some storage(s) unmounted" phrase -->
	<!-- E.g. failed to load Poweramp -->
	<!-- E.g. Sorry, but Poweramp has failed... %1$==Poweramp -->
	<!-- NOTE: pa_output_*** naming is tied to names of plugins. These resources are dynamically used, not directly referenced -->
	<!-- NOTE: pa_out_device_*** naming is tied to names of devices in various places (prefs) -->
	<!-- Generic gender neutral "Selected: xx", e.g. Selected sample rate, Selected format -->
	<!-- Generic gender neutral  "Using: xx", e.g. Using sample rate, Using format -->
	<!-- Can be spelled simply as "Device sample rate" -->
	<!-- %1$s - main sentense, %2$s - details, e.g.: System Default (16) -->
	<!-- (To) Shuffle - verb -->
	<!-- NOTE: used dynamically -->
	<!-- Minutes. Should be independent from the number quantity, thus, probably, abbreviated -->
	<!-- Accessibility -->
	<!-- Accessibility -->
	<!-- Accessibility -->
	<!-- Accessibility -->
	<!-- Accessibility -->
	<!-- Accessibility -->
	<!-- Accessibility -->
	<!-- Used for voice search. Should not be abbriviated. If original string is not abbiriviated, the default reference @string/most_played may be left as is.
	Never translate "@string/" - it's a reference to other translated text and if translated, it crashes app -->
	<!-- Used for voice search. Should not be abbriviated. If original string is not abbiriviated, the default reference @string/top_rated may be left as is.
	Never translate "@string/" - it's a reference to other translated text and if translated, it crashes app -->
	<!-- Used for voice search. Should not be abbriviated. If original string is not abbiriviated, the default reference @string/low_rated may be left as is.
	Never translate "@string/" - it's a reference to other translated text and if translated, it crashes app -->
	<!-- Used for voice search. Should not be abbriviated. If original string is not abbiriviated, the default reference @string/recently_played may be left as is.
	Never translate "@string/" - it's a reference to other translated text and if translated, it crashes app -->
	<!-- Used for voice search. Should not be abbriviated. If original string is not abbiriviated, the default reference @string/recently_added may be left as is.
	Never translate "@string/" - it's a reference to other translated text and if translated, it crashes app -->
	<!-- Used for voice search. This is the root word for given term.
	Never translate "@string/" - it's a reference to other translated text and if translated, it crashes app  -->
	<!-- Used for voice search. This is the root word for given term.
	Never translate "@string/" - it's a reference to other translated text and if translated, it crashes app -->
	<!-- Used for voice search. This is the root word for given term.
	Never translate "@string/" - it's a reference to other translated text and if translated, it crashes app -->
	<!-- Used for voice search. This is the root word for given term.
	Never translate "@string/" - it's a reference to other translated text and if translated, it crashes app -->
	<!-- Like in "Hi-Res: supported" -->
	<!-- Also refered as "Main UI" -->
	<!-- Provider means "Track Provider Plugin" - the plugin which adds tracks to Poweramp, such as cloud tracks, streaming tracks, etc. -->
	<!-- Also, can be "Edit" or "Modify". For example, "Change folder permission", "Edit folder permission" -->
	<!-- For example, missing playlist entry -->
	<!-- Noun, i.e. "a screen" -->
	<!-- Headroom gain is basically reduction of volume to allow equalization. See https://en.wikipedia.org/wiki/Headroom_(audio_signal_processing) -->
	<!-- NOTE: %.1f is a placeholder for digits. It looks like this when formatted: 5.0dB -->
	<!-- E.g. Round icon -->
	<!-- E.g. Zap icon -->
	<!-- E.g. Classic icon -->
	<!-- E.g. Just (only) zap icon -->
	<!-- E.g. Black Play icon  -->
	<!-- E.g. White Play icon  -->
	<!-- Like in "online radio stream" -->
	<!-- E.g. "Small buffer size" -->
	<!-- Like "Use this album art for the list" -->
	<!-- Do not translate: UTF-8, .m3u -->
	<!-- Do not translate: UTF-8, .m3u, .m3u8 -->
	<!-- Stream/radio URL -->
	<!-- Stream/radio URL -->
	<!-- Last _Time_ Played, e.g. 5 days ago -->
	<!-- Do not translate: Poweramp v3 skin. "Play" is google play market app -->
	<!-- Provider means "Track Provider Plugin" - the plugin which adds tracks to Poweramp, such as cloud tracks, streaming tracks, etc. -->
	<!-- Provider means "Track Provider Plugin" - the plugin which adds tracks to Poweramp, such as cloud tracks, streaming tracks, etc. -->
	<!-- Provider means "Track Provider Plugin" - the plugin which adds tracks to Poweramp, such as cloud tracks, streaming tracks, etc. -->
	<!-- Provider means "Track Provider Plugin" - the plugin which adds tracks to Poweramp, such as cloud tracks, streaming tracks, etc. -->
	<!-- Provider means "Track Provider Plugin" - the plugin which adds tracks to Poweramp, such as cloud tracks, streaming tracks, etc. -->
	<!-- Provider means "Track Provider Plugin" - the plugin which adds tracks to Poweramp, such as cloud tracks, streaming tracks, etc. -->
	<!-- Provider means "Track Provider Plugin" - the plugin which adds tracks to Poweramp, such as cloud tracks, streaming tracks, etc. -->
	<!-- Huawei AppGallery -->
	<!-- For example, "Error: Some error #1111" -->
	<!-- E.g. "Open Playlist" -->
	<!-- "User Agent" probably, shouldn't be translated -->
	<!-- As in "Migrate Data to Android 10" -->
	<!-- Used as verb, i.e. in the menu as action to bookmark the song position -->
	<!-- Noun, used as a category name -->
	<!-- E.g.: Added to bookmarks. Should be neutral to number of items added -->
	<!-- Max 12 chars -->
	<!-- Monochromatic "color" -->
	<!-- Meaning app build number, e.g. Build 987 -->
	<!-- NOTE: %d is replaced with a number, double percent %% is replaced with just percent % -->
	<!-- E.g. "Rounded corner" -->
</resources>
