<?xml version="1.0" encoding="utf-8"?>
<resources xmlns:tools="http://schemas.android.com/tools">
	<string name="peq_app_name">Poweramp Эквалайзер</string>
	<string name="pref_known_players">Танылған уйынсылар</string>
	<string name="pref_summary_known_players">Яндырырға/һүндерергә башҡа плеер приложенияларға</string>
	<string name="pref_enable_for_app">Приложение өсөн яндырыу</string>
	<string name="pref_last_time_seen">Һуңғы саҡта күрелгән</string>
	<!-- I.e. playback audio session -->
	<string name="audio_session">Аудио сессия</string>
	<string name="samples_d">Үрнәктәр: %d</string>
	<string name="compressor">Компрессор</string>
	<!-- %.1 is replaced to a number of milliseconds -->
	<string name="f1_ms">%.1fмс</string>
	<!-- %.0 is replaced to a number of milliseconds -->
	<string name="f0_ms">%.0fмс</string>
	<!-- (Compressor) Attack time -->
	<string name="compr_attack">Һөжүм</string>
	<!-- (Compressor) Release time -->
	<string name="compr_release">Релиз</string>
	<!-- (Compressor) Ratio -->
	<string name="compr_ratio">Үлсәм</string>
	<!-- (Compressor) Knee -->
	<string name="compr_knee">Knee</string>
	<!-- (Compressor) Threshold -->
	<string name="compr_thr">Төп</string>
	<!-- (Compressor) Gain -->
	<string name="compr_gain">Алыу</string>
	<!-- (Compressor) Frequency -->
	<string name="compr_freq">Йышлыҡ</string>
	<!-- (Compressor) Expand Ratio -->
	<!-- (Compressor) Noise Gate -->
	<!-- (Compressor) Pre-gain -->
	<string name="compr_pregain">Алдан-алыу</string>
	<!-- Icon -->
	<string name="black_equ">Ҡара эквалайзер</string>
	<!-- Icon -->
	<string name="white_equ">Аҡ эквалайзер</string>
	<string name="active_players">Активлы уйынсылар</string>
	<!-- "DUMP" is probably shoud not be translated -->
	<!-- "DUMP", "ADB" - probably shoud not be translated, "shell" - means shell command console -->
</resources>
