<?xml version="1.0" encoding="utf-8"?>
<resources xmlns:tools="http://schemas.android.com/tools">
	<string name="pref_app_session_is_buggy_icon">Αυτή η εφαρμογή έχει ένα γνωστό σφάλμα</string>
	<string name="pref_app_session_is_buggy">Αυτή η εφαρμογή έχει ένα γνωστό σφάλμα ότι δεν αναφέρει σωστά την περίοδο λειτουργίας ήχου για ισοσταθμιστές</string>
	<string name="pref_app_multiple_sessions_bug">Αυτή η εφαρμογή έχει ένα γνωστό σφάλμα δημιουργίας πολλαπλών ενεργών συνεδριών ήχου</string>
	<string name="pref_report_bug_from_player">Αναφέρετε το σφάλμα από την εφαρμογή αναπαραγωγής!</string>
	<string name="pref_press_for_bug_desc">Πατήστε εδώ για να αντιγράψετε την περιγραφή του σφάλματος</string>
	<string name="enable_vis">Ενεργοποίηση οπτικοποίησης</string>
	<string name="pref_enable_dvc_for_bt">Ενεργοποίηση DVC για Bluetooth</string>
	<string name="pref_summary_peq_equalizer">Ρυθμίσεις ισοσταθμιστή, γνωστά προγράμματα αναπαραγωγής, DVC</string>
	<string name="pref_summary_peq_look_and_feel">Θέμα, γλώσσα, ειδοποιήσεις</string>
	<string name="pref_volume_keys">Πλήκτρα έντασης ήχου</string>
	<string name="pref_summary_notification_type_micro">Ειδοποίηση που καταλαμβάνει όσο το δυνατόν λιγότερο χώρο</string>
	<string name="pref_notification_type_standard">Κανονικό</string>
	<string name="pref_summary_notification_type_standard">Ειδοποίηση κανονικού μεγέθους</string>
	<string name="pref_peq_buy">Αγορά Poweramp Equalizer</string>
	<string name="pref_peq_long_close_delay">Διατήρηση συνεδρίας ισοσταθμιστή</string>
	<!-- I.e. playback audio session -->
	<string name="compressor">Συμπιεστής</string>
	<string name="h_compressor">Συμπίεση δυναμικού εύρους</string>
	<string name="pref_summary_peq_compressor">Πρόσθετες παράμετροι συμπιεστή</string>
	<!-- %.1 is replaced to a number of milliseconds -->
	<string name="f1_ms">%.1fms</string>
	<!-- %.0 is replaced to a number of milliseconds -->
	<string name="f0_ms">%.0fms</string>
	<!-- (Compressor) Attack time -->
	<!-- (Compressor) Release time -->
	<!-- (Compressor) Ratio -->
	<string name="compr_ratio">Αναλογία</string>
	<!-- (Compressor) Knee -->
	<!-- (Compressor) Threshold -->
	<!-- (Compressor) Gain -->
	<string name="compr_gain">Κέρδος</string>
	<!-- (Compressor) Frequency -->
	<string name="compr_freq">Συχνότητα</string>
	<!-- (Compressor) Expand Ratio -->
	<!-- (Compressor) Noise Gate -->
	<!-- (Compressor) Pre-gain -->
	<!-- Icon -->
	<!-- Icon -->
	<string name="pref_about_peq">Σχετικά με τον Poweramp Equalizer</string>
	<!-- "DUMP" is probably shoud not be translated -->
	<string name="pref_dump_permission">Άδεια DUMP</string>
	<!-- "DUMP", "ADB" - probably shoud not be translated, "shell" - means shell command console -->
	<string name="pref_requires_two_permissions">Απαιτούνται δύο άδειες</string>
	<string name="pref_advanced_experimental_feature">Αυτή είναι προηγμένη πειραματική λειτουργία</string>
</resources>
