<?xml version="1.0" encoding="utf-8"?>
<resources>
    <string name="paid_welcome_line1">Σας ευχαριστούμε για την αγορά σας!</string>
    <string name="please_install_poweramp">Εγκαταστήστε το <b>Poweramp (Trial)</b> - είναι η κύρια εφαρμογή.</string>
    <string name="install_trial_version_msg">Το Full Version Unlocker είναι το κλειδί του Poweramp (Trial) που μετατρέπει το πρόγραμμα στην Πλήρη Έκδοση.</string>
    <string name="unlocker_can_hide_icon">Το Unlocker δεν χρειάζεται εικονίδιο εκκίνησης, μπορείτε να το κρύψετε</string>
    <string name="unlocker_remove_msg">Εάν θέλετε, μπορείτε να απεγκαταστήσετε το Unlocker <b>2 ημέρες</b> μετά την αγορά/εγκατάσταση</string>
    <string name="unlocker_free_reinstall_msg">Μπορείτε πάντα να επανεγκαταστήσετε το Unlocker από το Google Play δωρεάν</string>
    <string name="install">Εγκατάσταση Poweramp</string>
    <string name="hide_icon">Απόκρυψη εικονιδίου Unlocker από το πρόγραμμα εκκίνησης</string>
    <string name="start_poweramp">Άνοιγμα Poweramp</string>
    <string name="icon_hidden">Το εικονίδιο μπορεί να παραμείνει μέχρι να γίνει επανεκκίνηση</string>
    <string name="icon_shown">Το εικονίδιο μπορεί να μην εμφανιστεί μέχρι να γίνει επανεκκίνηση</string>
</resources>
