<?xml version="1.0" encoding="utf-8"?>
<resources>
    <string name="paid_welcome_line1">Ďakujeme za váš nákup!</string>
    <string name="please_install_poweramp">Prosím, nainštalujte <b>Poweramp (Trial)</b> - je to hlavná aplikácia.</string>
    <string name="install_trial_version_msg">Plná verzia Unlocker je kľúč pre Poweramp (Trial), ktorý ho zmení na plnú verziu</string>
    <string name="unlocker_can_hide_icon">Unlocker nepotrebuje ikonu v launcheri, môžete ju skryť</string>
    <string name="unlocker_remove_msg">Pokiaľ chcete, Unlocker môžete odinštalovať po <b>2 dňoch</b> od nákupu/inštalácie</string>
    <string name="unlocker_free_reinstall_msg">Unlocker môžete vždy zadarmo preinštalovať z Obchodu Play</string>
    <string name="install">Nainštalovať Poweramp</string>
    <string name="hide_icon">Skryť ikonu Unlockeru z launchera</string>
    <string name="start_poweramp">Spustiť Poweramp</string>
    <string name="icon_hidden">Ikona môže zmiznúť až po reštarte</string>
    <string name="icon_shown">Ikona sa nemusí objaviť do reštartu</string>
</resources>
