<?xml version="1.0" encoding="utf-8"?>
<resources xmlns:tools="http://schemas.android.com/tools">
	<!-- I.e. playback audio session -->
	<!-- %.1 is replaced to a number of milliseconds -->
	<!-- %.0 is replaced to a number of milliseconds -->
	<!-- (Compressor) Attack time -->
	<!-- (Compressor) Release time -->
	<!-- (Compressor) Ratio -->
	<!-- (Compressor) Knee -->
	<!-- (Compressor) Threshold -->
	<!-- (Compressor) Gain -->
	<!-- (Compressor) Frequency -->
	<!-- (Compressor) Expand Ratio -->
	<!-- (Compressor) Noise Gate -->
	<!-- (Compressor) Pre-gain -->
	<!-- Icon -->
	<string name="black_equ">Čierny ekvalizér</string>
	<!-- Icon -->
	<string name="white_equ">Biely ekvalizér</string>
	<string name="active_players">Aktívne prehrávače</string>
	<string name="pref_advanced_player_tracking">Pokročilé sledovanie prehrávača</string>
	<string name="pref_summary_advanced_player_tracking">Povolí ekvalizáciu v takmer akomkoľvek prehrávači, ale vyžaduje ďalšie oprávnenia</string>
	<!-- "DUMP" is probably shoud not be translated -->
	<string name="pref_dump_permission">DUMP oprávnenie</string>
	<!-- "DUMP", "ADB" - probably shoud not be translated, "shell" - means shell command console -->
	<string name="pref_dump_permission_hint">DUMP oprávnenie je použité na získanie zoznamu všetkých audio prehrávacích zdrojov. Toto môže byť aktivované cez ADB (alebo shell) príkaz (kliknite tu na skopírovanie jednoriadkového príkazu):</string>
	<string name="pref_notification_listener_permission">Oprávnenie načúvať oznámeniam</string>
	<string name="pref_notification_listener_permission_hint">Oprávnenie načúvať oznámeniam je použité, keď prehrávač zverejní oznámenie, alebo zmení svoj stav prehrávania, či jeho pozastavenia</string>
	<string name="pref_notification_listener_permission_hint2">Poweramp používa iba prístup k oznámeniam od mediálnych prehrávačov</string>
	<string name="pref_enable_player_tracking">Povoliť sledovanie prehrávača</string>
	<string name="pref_requires_two_permissions">Vyžadujú sa dve oprávnenia</string>
	<string name="pref_advanced_experimental_feature">Toto je pokročilá experimentálna funkcia</string>
</resources>
