<?xml version="1.0" encoding="utf-8"?>
<resources xmlns:tools="http://schemas.android.com/tools">
	<string name="searchable_label">Maghanap ng mga kanta, tao, album, playlist</string>
	<string name="about_poweramp_changelog">Mga Pagbabago</string>
	<string name="unknown">Di-kilala</string>
	<string name="unknown_artist_name">Di-kilalang artist</string>
	<string name="unknown_album_name">Di-kilalang album</string>
	<string name="unknown_genre_name">Di-kilalang uri</string>
	<string name="unknown_year_name">Hindi Alam ang Mga Taon</string>
	<string name="unknown_composer_name">Di-kilalang kompositor</string>
	<string name="library">Kalikuman</string>
	<string name="all_songs">Lahat ng Awitin</string>
	<string name="folders">Sisidlan</string>
	<string name="folders_hier">Panluping_pamunuan</string>
	<string name="song">Awit</string>
	<string name="songs">Awit</string>
	<string name="album">Kalipunan</string>
	<string name="albums">Kalipunan</string>
	<string name="artist">May-akda</string>
	<string name="album_artist">May-akda ng Kalipunan</string>
	<string name="album_artists">May-akda ng Kalipunan</string>
	<string name="artists">May-akda</string>
	<string name="composer">Manunulat</string>
	<string name="composers">Manunulat</string>
	<string name="genre">Uri</string>
	<string name="genres">Uri</string>
	<string name="queue">Hanayan</string>
	<string name="folder">Sisidlan</string>
	<string name="playlist">Talatugtugin</string>
	<string name="playlists">Talatugtugin</string>
	<string name="most_played">Madalas Patugtugin</string>
	<string name="top_rated">Nangunguna</string>
	<string name="low_rated">Nahuhuli</string>
	<string name="recently_played">Pinatugtog kanina</string>
	<string name="recently_added">Idinagdag kanina</string>
	<string name="long_files">Mahaba</string>
	<string name="streams">Streams</string>
	<string name="files">Mga koleksyon Ng Kanta</string>
	<string name="year">Taon</string>
	<string name="years">Mga Taon</string>
	<string name="raw_file">Hilaw na talaksan</string>
	<!-- No more than ~9 chars, can be abbreviated. Used in the main track menu -->
	<string name="artist_short">@string/artist</string>
	<!-- No more than ~9 chars, can be abbreviated. Used in the main track menu -->
	<string name="album_short">Kalipunan</string>
	<!-- No more than ~9 chars, can be abbreviated. Used in the main track menu -->
	<string name="folder_short">Sisidlan</string>
	<!-- No more than ~9 chars, can be abbreviated. Used in the main track menu -->
	<string name="genre_short">Genre</string>
	<!-- No more than ~9 chars, can be abbreviated. Used in the main track menu -->
	<string name="lyrics_short">Liriko</string>
	<!-- No more than ~9 chars, can be abbreviated. Used in the main track menu -->
	<!-- No more than ~9 chars, can be abbreviated. Used in the main track menu -->
	<string name="info_short">Info/Pananda</string>
	<string name="artist_albums">Album ng artista</string>
	<string name="artist_album">Album ng artista</string>
	<string name="composer_albums">Album ng kompositor</string>
	<string name="composer_album">Album ng mga kompositor</string>
	<string name="albums_by_artist">Mga albums batay sa artista</string>
	<string name="album_by_artist">Album batay sa artista</string>
	<string name="genre_albums">Dyenra ng mga album</string>
	<string name="genre_album">Dyenra ng album</string>
	<string name="year_albums">Mga Taon Ng Albums</string>
	<string name="year_album">Taon Ng Album</string>
	<string name="all_artist_songs">Mga Kanta ng artista</string>
	<string name="all_album_artist_songs">Mga album ng artista</string>
	<string name="all_genre_songs">Lahat ng Inuring Tugtugin</string>
	<string name="all_composer_songs">Mga kanta ng kompositor</string>
	<string name="all_year_songs">Awit kada taon</string>
	<string name="album_songs">Mga kanta sa album</string>
	<string name="artist_album_songs">Mga kanta ng artista sa album</string>
	<string name="composer_album_songs">Mga kanta ng kompositor sa album</string>
	<string name="genre_album_songs">Dyenra ng mga kanta sa album</string>
	<string name="year_album_songs">Mga album kada taon</string>
	<string name="folder_songs">Mga kanta sa palupian</string>
	<string name="playlist_songs">Mga kanta sa talaan</string>
	<string name="summary_album_artists">Kabuuran ng album ng mga artista</string>
	<string name="summary_albums_by_artists">Kabuuran ng mga album batay sa artista</string>
	<string name="cant_continue_due_to_scan">Hindi maipagpatuloy dahil sa pag-iskan</string>
	<string name="initializing">Sinisimulan...</string>
	<string name="scanning_folders">Iniiskan ang mga palupian...</string>
	<string name="add_to_playlist">Idagdag sa Talatugtugin</string>
	<string name="add">Dagdag</string>
	<string name="info">Info/Pananda</string>
	<string name="delete">Burahin</string>
	<string name="settings">Pagtatalaga</string>
	<string name="play">Patugtugin</string>
	<string name="delete_dups">Alisin ang mga nadoble</string>
	<string name="list_opts">Talaan ng mga opsyon</string>
	<!-- (To) Shuffle - verb -->
	<string name="shuffle">Balasahin</string>
	<!-- (A) Shuffle - noun -->
	<string name="sort">Pagkakasunod</string>
	<string name="resort">Uriin muli</string>
	<string name="clear_q">Linisin ang queue</string>
	<string name="clear_q_short">Linisin ang queue</string>
	<string name="clear">Linisin</string>
	<string name="assign">Atasan</string>
	<string name="rename">Pangalanan</string>
	<string name="limit">Limitahan</string>
	<string name="preamp">Preamp</string>
	<string name="volume">Lakas</string>
	<string name="bass_tone">Lagong</string>
	<string name="treble">Treble</string>
	<string name="balance">Balanse</string>
	<string name="balance_L">L</string>
	<string name="balance_R">R</string>
	<string name="repeat_on">Ulit-ulitin ang Tala</string>
	<string name="repeat_none">Walang Pag-uulit</string>
	<string name="repeat_song">Ulit-ulitin</string>
	<string name="repeat_advance">Paunang talaan</string>
	<string name="repeat_one_song">Ulit-ulitin ang napili</string>
	<string name="single_song">Isang Kanta</string>
	<string name="stop_on_last_song">Huminto sa huling tugtog ng talaan</string>
	<string name="jump_to_next_list">Tumalon sa sumunod na talaan</string>
	<string name="jump_to_first_song">Tumalon sa unang tugtog ng talaan</string>
	<string name="play_single_song_and_pause">Patugtugun Ang Isang Kanta At Tumigil Sandali</string>
	<string name="shuffle_all">Halo-haluin Lahat</string>
	<string name="shuffle_none">Walang Paghahalo</string>
	<string name="shuffle_songs">Halo-haluin ang Tugtugin</string>
	<string name="shuffle_cats">Balasahin ang mga kategorya</string>
	<string name="shuffle_songs_and_cats">Halo-haluin ang Tugtugin/Kaurian</string>
	<string name="shuffle_all_long">Balasahin ang mga kanta</string>
	<string name="shuffle_none_long">Walang Paghahalo</string>
	<string name="shuffle_songs_long">Halo-haluin Lamang ang Tugtugin</string>
	<string name="shuffle_cats_long">Halo-haluin Lamang ang Kaurian</string>
	<string name="shuffle_songs_and_cats_long">Halo-haluin ang Tugtugin at Kaurian</string>
	<string name="shuffle_hier_songs_long">Balasahin ang kanta (Sa pamunuan)</string>
	<string name="long_press_for_more_options">Diing matagal ukol sa iba pang pagpipilian</string>
	<string name="long_press_item_for_selection">Pindutin ng matagal ang aytem para sa pagpipilian</string>
	<string name="long_press_item_for_multiselect">Diinan anumang item para sa maramihang pagpili</string>
	<!-- Short label, ~3-5 chars -->
	<string name="tone">Tono</string>
	<!-- "Tone" should be a short label, ~3-5 chars -->
	<string name="tone_off">I-Off ang Tono</string>
	<!-- Short label, ~3-5 chars -->
	<string name="equ">Equ</string>
	<!-- "Equ" should be a ahort label, ~3-5 chars -->
	<string name="equ_off">I-Off ang pangbalanse</string>
	<string name="sort_s">Uriin muli %s</string>
	<string name="shuffle_random_sort">Balasahin (Pasumalang uri)</string>
	<string name="by_title">Batay sa titulo</string>
	<string name="by_track">Batay sa track #</string>
	<string name="by_disc_and_track">Ayon sa disc at track #</string>
	<string name="by_album">Batay sa album</string>
	<string name="by_artist">Batay sa artista</string>
	<string name="by_album_artist">Batay sa album ng artista</string>
	<string name="by_filename">Batay sa talaksang titulo</string>
	<string name="by_artist_album">Batay sa Artista/Album</string>
	<string name="by_date_added_modified">Batay sa panahong idinagdag/binago</string>
	<string name="by_date_added_to_lib">Batay sa panahong naidagdag sa Aklatan</string>
	<string name="by_rating">Batay sa grado</string>
	<string name="by_duration">Batay sa itatagal</string>
	<string name="by_name">Batay sa pangalan</string>
	<string name="by_path">Batay sa daan</string>
	<string name="by_path_cs">Ayon sa landas (case sensitive)</string>
	<string name="by_year">Batay sa taon</string>
	<string name="by_played_at">Batay sa kung kelan huling pinatugtog</string>
	<string name="by_shuffle">Batay sa balasa ng kaayusan</string>
	<string name="by_play_count">Batay sa bilang na pinatugtog</string>
	<string name="by_num_tracks">Batay sa bilang ng tracks</string>
	<string name="by_url">Base Sa URL</string>
	<string name="fs_date_time">Talaksang sistema ng panahon/oras</string>
	<string name="play_time_not_updated">Oras ng tugtog ay hindi na-update habang pinapatugtog sa ganitong pag-uuri</string>
	<string name="play_count_not_updated">Bilang ng tugtog ay hindi na-update habang pinapatugtog sa ganitong pag-uuri</string>
	<string name="matches_actual_shuffle_order">Kahambing ng aktwal na kaayusan ng balasa</string>
	<string name="list_opts_s">Talaan ng mga opsyon: %s</string>
	<string name="view_as">Tingnan Bilang</string>
	<string name="list">Listahan</string>
	<string name="grid">Grid</string>
	<string name="list_small">Listahan - Maliit</string>
	<string name="grid_small">Grid - Maliit</string>
	<string name="grid_extra_small">Grid - Mas Maliit</string>
	<string name="list_compact">Listahan - Siksik</string>
	<string name="reverse">Baliktarin</string>
	<string name="cancel">Bawiin</string>
	<string name="deleting">Binubura...</string>
	<string name="delete_song_q">Burahin ang kanta?</string>
	<string name="delete_songs_q">Burahin ang mga kanta?</string>
	<string name="delete_entry_q">Burahin Ang Laman?</string>
	<string name="delete_entries_q">Burahin Ang Mga Laman?</string>
	<!-- NOTE: update the plurals as well, as those are used in plurals in strings-data.xml -->
	<string name="selected_song_will_be_deleted"><![CDATA[Napiling kanta ay <b>mabubura</b> sa memorya. Palatandaan ay mananatili]]></string>
	<string name="selected_songs_will_be_deleted"><![CDATA[Mga napiling kanta ay <b>mabubura</b> sa memorya. Mga palantandaan ay mananatili]]></string>
	<string name="selected_songs_from_folders_hier_will_be_deleted"><![CDATA[Mga napiling kanta, mga kanta sa folder, at subfolder at PALATANDAANG pinanggalingan ay <b>mabubura</b> sa memorya]]></string>
	<string name="selected_songs_from_folders_will_be_deleted"><![CDATA[Awitin sa napiling folder ay <b>mabubura</b> sa memorya. Palatandaan ay mabubura din]]></string>
	<string name="selected_songs_from_cats_will_be_deleted"><![CDATA[Awitin sa napiling kategorya ay <b>mabubura</b> sa memorya. Palatandaan ay mabubura din]]></string>
	<string name="selected_playlists_will_be_deleted_no_files">Napiling playlist ay mabubura, kalakip ang file-based playlist talaksan. Mga awitin ay hindi kasama</string>
	<string name="selected_entries_will_be_deleted_no_files">Mga napiling kalahok ay mabubura. Hindi kasama ang file ng kanta</string>
	<string name="selected_entry_will_be_deleted_no_files">Napiling kalahok ay mabubura. Hindi kasama ang file ng kanta</string>
	<string name="no_enough_tags">Kulang ng mga tag ang kantang ito</string>
	<string name="no_album_art">Walang album art</string>
	<string name="delete_duplicates_q">Burabin ang mga kapareho?</string>
	<string name="duplicates_will_be_deleted_from_playlist">Mabubura sa playlist ang mga nadoble. Hindi kasama ang file ng kanta</string>
	<plurals name="songs_d">
		<item quantity="one">%d kanta</item>
		<item quantity="other">%d mga kanta</item>
	</plurals>
	<string name="sec">sec</string>
	<string name="d_ms">%dms</string>
	<!-- %1$.0f is format (don't translate), "s" is seconds -->
	<string name="f_sec">%1$.0fs</string>
	<!-- %1$.0f is format (don't translate), "mb" is megabytes -->
	<string name="data_not_available">Walang impormasyon</string>
	<string name="_empty">wala</string>
	<string name="failed_to_play_file">Nabigong ipatugtog ang file!</string>
	<string name="failed_bad_directory">Nawawala o hindi mabasa ang folder</string>
	<string name="too_many_failed">Masyado maraming pumalyang file</string>
	<string name="failed_to_play">Nabigong ipatugtog</string>
	<string name="no_files_in_the_db">Walang mga file sa napiling listahan</string>
	<string name="end_reached">Natapos ang listahan</string>
	<string name="start_reached">Nag-umpisa na ang listahan</string>
	<string name="shuffle_history_start_reached">Simula ng binalasang kategorya</string>
	<string name="bit">bit</string>
	<string name="khz">kHz</string>
	<string name="hz">Hz</string>
	<string name="kbps">kbps</string>
	<string name="kb">kb</string>
	<string name="bass">Mababa</string>
	<string name="bass_extreme">Mababa Matindi</string>
	<string name="bass_treble">Bass &amp; Treble</string>
	<string name="classical">Klasiko</string>
	<string name="dance">Sayaw</string>
	<string name="rock">Rock</string>
	<string name="techno">Techno</string>
	<string name="phone_speaker">Speaker (Malakas)</string>
	<string name="flat">Flat</string>
	<string name="live">Live</string>
	<string name="pop">Pop</string>
	<string name="soft">Malambot</string>
	<string name="soft_bass">Malambot na Bass</string>
	<string name="soft_treble">Malambot na Treble</string>
	<string name="middle">Gitna</string>
	<string name="OK">OK</string>
	<string name="close">Isara</string>
	<string name="get_support">Tulong</string>
	<string name="site">Website</string>
	<string name="pref_from_google_play">Google Play</string>
	<!-- Never translate "@string/" - it's a reference to other translated text and if translated, it crashes app -->
	<string name="buy_on_market">@string/pref_from_google_play</string>
	<!-- Sync with public-strings.xml -->
	<string name="l_failed">Nabigong I-beripika ang Lisensya</string>
	<string name="l_pending_call">Naudlot ang pagsusuri sa lisensya</string>
	<string name="started_queue">Nag-umpisa na ang queue</string>
	<string name="exit_queue">Iiwan na ang queue</string>
	<string name="exited_queue">Iniwan na ang queue</string>
	<string name="d_min">%d min</string>
	<string name="reset">I-reset</string>
	<string name="play_last_song_to_end">Patugtugin ang huling kanta upang matapos</string>
	<string name="sleep_timer">Takdaan ng Pagtulog</string>
	<string name="built_in">Built-in</string>
	<string name="no_lyrics">Walang nakitang lyrics tag sa kanta</string>
	<string name="pref_press_here_for_details">Pumindot dito para sa mga detalye</string>
	<string name="pref_look_and_feel">Anyo at Paggamit</string>
	<string name="pref_skin">Pabalat</string>
	<string name="pref_summary_skin">Ibahin ang tema ng Poweramp. Itakda kada skin tulad ng extra Pro Buttons, Static Seekbar</string>
	<string name="pref_skin_text">Pindutin dito para sa karagdagang opsyon tulad ng Static Seekbar, Pro Buttons. 3rd party skins ay maaaring may pagpipilian</string>
	<string name="pref_buy">Bilhin ang Poweramp</string>
	<string name="pref_start_at_lib">Simulang aklatan</string>
	<string name="pref_summary_startup_screen">Ibahin ang panimulain. Back action ay pabalik mula sa main screen papunta sa kasalukuyang listahan</string>
	<string name="pref_folders_selection">Mga pagpipiliang folder</string>
	<string name="pref_rescan_folders">Mag-rescan</string>
	<string name="pref_lists">Mga Listahan</string>
	<string name="pref_library">Kalikuman</string>
	<string name="pref_select_folders">Koleksyon ng mga Musika</string>
	<string name="pref_advanced">Pambihasa</string>
	<string name="pref_initial_scan">Paunang Pagsusuri</string>
	<string name="pref_import">Kumuha</string>
	<string name="pref_export">Ipadala</string>
	<!-- As in "Playlist (Imported 05.05.2020 12:25) -->
	<string name="imported_prefix">Nakuha</string>
	<string name="pref_about">Patungkol</string>
	<string name="pref_other">Pahabol</string>
	<string name="pref_pl_no_dups">Huwag Magdagdag Ng Kapareho</string>
	<string name="pref_summary_pl_no_dups">Hindi idadagdag ang mga kapareho</string>
	<string name="pref_version">Hulog/Pagbabago</string>
	<string name="pref_about_poweramp">Patungkol sa Poweramp</string>
	<string name="pref_misc">Sari-sari</string>
	<string name="pref_orientation">Oryentasyon</string>
	<string name="pref_headset_connection">Koneksyon</string>
	<string name="pref_headset_buttons">Mga Pindutan</string>
	<string name="pref_headset_bt">Headset/Bluetooth</string>
	<string name="pref_resume_on_bt">Ituloy sa Bluetooth</string>
	<string name="pref_headset_beep">Beep</string>
	<string name="pref_controls_single">Isang pindot (mabilis)</string>
	<string name="pref_send_errors">Ipadala ang mga pagmintis sa may-akda</string>
	<string name="pref_clear_aa_cache">Burahin ang Cache</string>
	<string name="pref_enable_lock_screen">Ipakita sa Lock Screen</string>
	<string name="pref_scrobbling">Mag-scrobble</string>
	<string name="pref_scrobble_via_last_fm">Mag-scrobble gamit ang opisyal na Last.fm app</string>
	<string name="pref_summary_scrobble_via_last_fm">Mag-scrobble gamit ang Last.fm app</string>
	<string name="pref_scrobble_via_simple_last_fm">Mag-scrobble gamit ang Simple Last.fm</string>
	<string name="pref_summary_scrobble_via_simple_last_fm">Mag-scrobble sa Last.fm/Libre.fm gamit ang Simple Last.fm</string>
	<string name="pref_notifications">Mga Pabatid</string>
	<string name="pref_keep_screen_on">Panatilihing Bukas ang Screen</string>
	<string name="pref_summary_keep_screen_on">Panatilihing bukas ang screen sa Poweramp</string>
	<string name="pref_prev_previous_resets">Uulitin ng &lt;&lt; Button ang Kasalukuyang Kanta</string>
	<string name="pref_keep_service">Panatilihin ang Serbisyo</string>
	<!-- "Automatic" -->
	<string name="pref_pause_in_call">Pahintuin sa Tawag</string>
	<string name="pref_audio_engine">Tunog</string>
	<!-- Should be named f1_db -->
	<string name="sensor">Nakaiinam</string>
	<string name="mono">Mono</string>
	<string name="stereo">Stereo</string>
	<string name="save">Isalba</string>
	<string name="search">Hanapin</string>
	<string name="comment">Puna</string>
	<string name="lyrics">Liriko</string>
	<!-- Meaning "track disc" tag, used together with "track number" tag -->
	<string name="filter">Salaan</string>
	<!-- NOTE: required, used in code -->
	<string name="time_limited_trial">May Takdang Hulog</string>
	<string name="full_version">Buong Hulog</string>
	<string name="loading">Pinapasan...</string>
	<string name="send">Ipadala</string>
	<string name="not_now">Di sa ngayon</string>
	<string name="deleting_cache">Binubura ang cache...</string>
	<string name="changelog">Mga Pagbabago</string>
	<string name="welcome_msg">Tandaan, ito ay pansamantalang hulog at magtatapos pagkaraan ng dalawang linggo.
\n\nPumunta sa Pagtatalaga kung nais bilhin ang buong hulog ng Poweramp.</string>
	<string name="paid_welcome_title">Buong Hulog ng Poweramp</string>
	<string name="paid_welcome_line1">Salamat sa pagbili mo sa buong hulog ng Poweramp!</string>
	<string name="pref_translations">Mga Salin</string>
	<string name="pref_ls_default_aa">Ipakita ang Larawang Nakaiinam</string>
	<string name="pref_open_source_licenses">Mga Malayang Pahintulot</string>
	<!-- For example: "Next Album" -->
	<!-- Translate only "WARNING: Some storage(s) unmounted" phrase -->
	<string name="pref_language">Wika</string>
	<string name="disabled">Nakapatay</string>
	<!-- E.g. failed to load Poweramp -->
	<!-- E.g. Sorry, but Poweramp has failed... %1$==Poweramp -->
	<string name="disable">Patayin</string>
	<string name="pref_other_purchasing_methods">Iba Pang Paraan ng Pagbili</string>
	<string name="pref_license_verified">Napatunayang Binili</string>
	<string name="l_pending_iap">Tinitingnan ang Pagbili</string>
	<string name="pref_already_purchased_q">Nabili na?</string>
	<string name="pref_restore_purchase">Ibalik ang Pagbili</string>
	<string name="pref_restore_defaults">Ibalik sa nakaiinam</string>
	<string name="pref_resampler">Resampler</string>
	<string name="pref_resampler_type">Uri ng Resampler</string>
	<string name="pref_resampler_swr">SW Resampler</string>
	<string name="pref_resampler_sox">SoX Resampler</string>
	<string name="pref_dither">Dither</string>
	<string name="pref_dither_none">Wala (pinaka mabilis)</string>
	<string name="buy">Bilhin</string>
	<string name="visualization">Pagsasalarawan</string>
	<string name="pref_vis_gles3">Paganahin ang OpenGL ES 3</string>
	<string name="pref_not_supported_by_device">Hindi suportado ng device</string>
	<string name="pref_vis_strict">Strikto</string>
	<string name="pref_vis_hd">HD</string>
	<string name="pref_not_supported">Hindi suportado</string>
	<string name="buffers_hint">Dami ng mga DSP buffer</string>
	<string name="output_device_s">Output device: %s</string>
	<string name="tempo">Tempo</string>
	<string name="dsp">DSP</string>
	<string name="reverb">Reverb</string>
	<string name="reverb_predelay">Pre-Delay</string>
	<string name="reverb_damp">Damp</string>
	<string name="reverb_filter">Filter</string>
	<string name="reverb_size">Size</string>
	<string name="reverb_fade">Fade</string>
	<string name="reverb_predelay_mix">Pre-Delay Mix</string>
	<string name="reverb_mix">Mix</string>
	<string name="tempo_05x">0.5x</string>
	<string name="pref_audio_output">Nilalabasan</string>
	<!-- NOTE: pa_output_*** naming is tied to names of plugins. These resources are dynamically used, not directly referenced -->
	<string name="coming_soon">Malapit na</string>
	<!-- NOTE: pa_out_device_*** naming is tied to names of devices in various places (prefs) -->
	<string name="device_headset">Wired Headset/AUX</string>
	<string name="device_speaker">Speaker</string>
	<string name="device_bt">Bluetooth</string>
	<string name="device_usb">USB DAC</string>
	<string name="device_chromecast">Chromecast</string>
	<string name="device_other">Ibang Output Devices</string>
	<string name="pref_output_plugins">Output Plugins</string>
	<string name="pref_use_for_output_devices">Gamitin sa mga Output Device:</string>
	<string name="pref_output_s_for_output_device_s">%1$s para sa output device: %2$s</string>
	<string name="pref_s_buffer_options_for_output_device_s">%1$s na mga buffer option para sa output device: %2$s</string>
	<string name="pref_output_disable_dvc">Walang DVC</string>
	<string name="pref_summary_output_disable_dvc">Huwag paganhin ang Direct Volume Control sa output/device na ito</string>
	<string name="pref_output_disable_equ_tone">Walang Equ/Tone</string>
	<string name="pref_output_disable_headroom_gain">Walang Headroom Gain</string>
	<string name="pref_summary_output_disable_headroom_gain">"Huwag bawasan ang output gain kung hindi gumagana ang DVC. Maari itong magdulot ng distorsyon kung mataas ang equ/tone gain"</string>
	<string name="pref_output_float">Float32 Sample Format</string>
	<string name="pref_summary_output_float">Madalas ginagawang 16-bit ng Android, maliban sa mga Hi-Res na USB DAC. Hindi pinapagana ang dithering</string>
	<string name="pref_summary_output_float_hd">Hi-Res sample format. Hindi pinapagana ang ditherin. Madalas rumeresulta sa 24-bit output sample format</string>
	<string name="pref_sample_rate">Sample Rate</string>
	<string name="pref_active">Aktibo</string>
	<!-- Generic gender neutral "Selected: xx", e.g. Selected sample rate, Selected format -->
	<string name="selected_s">Pinili: %s</string>
	<!-- Generic gender neutral  "Using: xx", e.g. Using sample rate, Using format -->
	<string name="using_s">Ginagamit: %s</string>
	<!-- Can be spelled simply as "Device sample rate" -->
	<string name="pref_bt_sample_rate_warning">BABALA! Maaring hindi makita ng Poweramp kung suportado ng iyong BT device ang Hi-Res. Maaring ma-downsample ang tunog sa 44.1kHz/16bit ng Android na may kaunting pagkawala ng kalidad kung ang iyong BT device ay hindi Hi-Res</string>
	<string name="pref_output_no_duck">Walang Duck</string>
	<string name="failed_s">Pumalya: %s</string>
	<string name="using_default_output">Gamit ang nakaiinam na nilalabasan</string>
	<string name="pref_output_dvc_not_supported">Hindi suportado ang DVC</string>
	<string name="pref_output_dvc_always_enabled">Laging paganahin ang DVC</string>
	<string name="enable">Pairalin</string>
	<string name="audio_info">Kaalaman sa Tugtog</string>
	<string name="decoder">Dekoder</string>
	<string name="output_device">Nilalabasang Kasangkapan</string>
	<string name="latency">Antala</string>
	<string name="system_default">Nakaiinam sa Sistema</string>
	<!-- %1$s - main sentense, %2$s - details, e.g.: System Default (16) -->
	<string name="flags">Tanda</string>
	<!-- (To) Shuffle - verb -->
	<string name="pref_always_enabled">Laging pairalin</string>
	<!-- NOTE: used dynamically -->
	<string name="_default">Nakaiinam</string>
	<string name="pref_settings_theme_light">Maliwanag</string>
	<string name="pref_settings_theme_dark">Madilim</string>
	<string name="skin_light">Maliwanag</string>
	<string name="skin_black">Madilim</string>
	<string name="other">Pahabol</string>
	<string name="default_string">Nakaiinam</string>
	<string name="help">Tulong</string>
	<string name="h_hide_hints">Ikubli</string>
	<string name="h_main_aa"><![CDATA[Idausdos <img src=\'arrow_left_12dp\'><img src=\'arrow_right_12dp\'> upang palitan ang tugtog. Higit pang idausdos upang palitan ang kaurian.
Idausdos <img src=\'arrow_down_12dp\'> o pindutin ukol sa kaurian ng tugtog]]></string>
	<string name="h_main_rating"><![CDATA[Maaaring palitan ang paantasang <img src=\'star_rounded_12dp\'> / <img src=\'like_rounded_12dp\'/>, o maikubli sa Pagtatalaga]]></string>
	<string name="h_main_waveseek">Idagusdos upang tumungo sa nais pahantungan sa tugtugin</string>
	<string name="h_main_meta_info">Pindutin upang palitan ang ipinapakitang kaalaman ng tugtugin.\n
Mahabang pindot ukol sa kaalaman ng tugtugin</string>
	<string name="pref_aa_force_default">Pilitin ang Larawang Nakaiinam</string>
	<string name="pref_summary_aa_force_default">Laging ipakita ang larawang nakaiinam sa halip na kahit anong larawanin</string>
	<!-- Minutes. Should be independent from the number quantity, thus, probably, abbreviated -->
	<!-- Accessibility -->
	<!-- Accessibility -->
	<!-- Accessibility -->
	<!-- Accessibility -->
	<!-- Accessibility -->
	<!-- Accessibility -->
	<!-- Accessibility -->
	<!-- Used for voice search. Should not be abbriviated. If original string is not abbiriviated, the default reference @string/most_played may be left as is.
	Never translate "@string/" - it's a reference to other translated text and if translated, it crashes app -->
	<!-- Used for voice search. Should not be abbriviated. If original string is not abbiriviated, the default reference @string/top_rated may be left as is.
	Never translate "@string/" - it's a reference to other translated text and if translated, it crashes app -->
	<!-- Used for voice search. Should not be abbriviated. If original string is not abbiriviated, the default reference @string/low_rated may be left as is.
	Never translate "@string/" - it's a reference to other translated text and if translated, it crashes app -->
	<!-- Used for voice search. Should not be abbriviated. If original string is not abbiriviated, the default reference @string/recently_played may be left as is.
	Never translate "@string/" - it's a reference to other translated text and if translated, it crashes app -->
	<!-- Used for voice search. Should not be abbriviated. If original string is not abbiriviated, the default reference @string/recently_added may be left as is.
	Never translate "@string/" - it's a reference to other translated text and if translated, it crashes app -->
	<!-- Used for voice search. This is the root word for given term.
	Never translate "@string/" - it's a reference to other translated text and if translated, it crashes app  -->
	<!-- Used for voice search. This is the root word for given term.
	Never translate "@string/" - it's a reference to other translated text and if translated, it crashes app -->
	<!-- Used for voice search. This is the root word for given term.
	Never translate "@string/" - it's a reference to other translated text and if translated, it crashes app -->
	<!-- Used for voice search. This is the root word for given term.
	Never translate "@string/" - it's a reference to other translated text and if translated, it crashes app -->
	<!-- Like in "Hi-Res: supported" -->
	<!-- Also refered as "Main UI" -->
	<!-- Provider means "Track Provider Plugin" - the plugin which adds tracks to Poweramp, such as cloud tracks, streaming tracks, etc. -->
	<!-- Also, can be "Edit" or "Modify". For example, "Change folder permission", "Edit folder permission" -->
	<!-- For example, missing playlist entry -->
	<!-- Noun, i.e. "a screen" -->
	<string name="pref_dvc_not_supported">Di suportado ng ROM</string>
	<!-- Headroom gain is basically reduction of volume to allow equalization. See https://en.wikipedia.org/wiki/Headroom_(audio_signal_processing) -->
	<!-- NOTE: %.1f is a placeholder for digits. It looks like this when formatted: 5.0dB -->
	<!-- E.g. Round icon -->
	<!-- E.g. Zap icon -->
	<!-- E.g. Classic icon -->
	<!-- E.g. Just (only) zap icon -->
	<!-- E.g. Black Play icon  -->
	<!-- E.g. White Play icon  -->
	<!-- Like in "online radio stream" -->
	<!-- E.g. "Small buffer size" -->
	<!-- Like "Use this album art for the list" -->
	<!-- Do not translate: UTF-8, .m3u -->
	<!-- Do not translate: UTF-8, .m3u, .m3u8 -->
	<!-- Stream/radio URL -->
	<!-- Stream/radio URL -->
	<!-- Last _Time_ Played, e.g. 5 days ago -->
	<!-- Do not translate: Poweramp v3 skin. "Play" is google play market app -->
	<!-- Provider means "Track Provider Plugin" - the plugin which adds tracks to Poweramp, such as cloud tracks, streaming tracks, etc. -->
	<!-- Provider means "Track Provider Plugin" - the plugin which adds tracks to Poweramp, such as cloud tracks, streaming tracks, etc. -->
	<!-- Provider means "Track Provider Plugin" - the plugin which adds tracks to Poweramp, such as cloud tracks, streaming tracks, etc. -->
	<!-- Provider means "Track Provider Plugin" - the plugin which adds tracks to Poweramp, such as cloud tracks, streaming tracks, etc. -->
	<!-- Provider means "Track Provider Plugin" - the plugin which adds tracks to Poweramp, such as cloud tracks, streaming tracks, etc. -->
	<!-- Provider means "Track Provider Plugin" - the plugin which adds tracks to Poweramp, such as cloud tracks, streaming tracks, etc. -->
	<!-- Provider means "Track Provider Plugin" - the plugin which adds tracks to Poweramp, such as cloud tracks, streaming tracks, etc. -->
	<!-- Huawei AppGallery -->
	<!-- For example, "Error: Some error #1111" -->
	<!-- E.g. "Open Playlist" -->
	<!-- "User Agent" probably, shouldn't be translated -->
	<!-- As in "Migrate Data to Android 10" -->
	<!-- Used as verb, i.e. in the menu as action to bookmark the song position -->
	<!-- Noun, used as a category name -->
	<!-- E.g.: Added to bookmarks. Should be neutral to number of items added -->
	<!-- Max 12 chars -->
	<!-- Monochromatic "color" -->
	<!-- Meaning app build number, e.g. Build 987 -->
	<!-- NOTE: %d is replaced with a number, double percent %% is replaced with just percent % -->
	<!-- E.g. "Rounded corner" -->
</resources>
