<?xml version="1.0" encoding="utf-8"?>
<resources>
    <string name="paid_welcome_line1">Salamat sa iyong pagbili!</string>
    <string name="please_install_poweramp">Paki-install ang <b>Poweramp (Trial)</b> - Ito ang pangunahing application</string>
    <string name="install_trial_version_msg">Ang Full Version Unlocker ay susi sa buong kapasidad ng Poweramp (Trial). Ito ay magiging Full Version</string>
    <string name="unlocker_can_hide_icon">Hindi kailangan Launcher Icon para sa Unlocker, maaaring itago</string>
    <string name="unlocker_remove_msg">Maaari mong tanggalin ang Unlocker <b>2 araw</b> matapos mong bilhin/install</string>
    <string name="unlocker_free_reinstall_msg">Maaari mong i-install ang Unlocker mula sa Play ng libre</string>
    <string name="install">I-install ang Poweramp</string>
    <string name="hide_icon">Itago ang Unlocker Icon sa Launcher</string>
    <string name="start_poweramp">Buksan ang Poweramp</string>
    <string name="icon_hidden">Mananatili ang icon sa pag-reboot</string>
    <string name="icon_shown">Hindi lilitaw ang icon sa pag-reboot</string>
</resources>
