<?xml version="1.0" encoding="utf-8"?>
<resources>
    <string name="paid_welcome_line1">از خرید شما سپاسگزاریم!</string>
    <string name="please_install_poweramp">لطفاً <b>Poweramp (Trial)</b> را نصب کنید - این برنامه اصلی است</string>
    <string name="install_trial_version_msg">گشاینده نسخه کامل، افزونه‌ای برای نسخه (موقت) Poweramp است که آنرا به نسخه کامل تبدیل می‌کند</string>
    <string name="unlocker_can_hide_icon">قفل‌گشا به آیکون لانچر نیازی ندارد، می‌توانید آن را مخفی کنید</string>
    <string name="unlocker_remove_msg">شما می‌توانید در صورت تمایل قفل‌گشا را <b>2 روز</b>پس از خرید/نصب، حذف کنید</string>
    <string name="unlocker_free_reinstall_msg">شما همیشه می‌توانید قفل‌گشا را به رایگان از Play دوباره نصب کنید</string>
    <string name="install">نصب Poweramp</string>
    <string name="hide_icon">مخفی کردن آیکن کلید از لانچر</string>
    <string name="start_poweramp">اجرای Poweramp</string>
    <string name="icon_hidden">ممکن است آیکن تا زمان ریبوت باقی بماند</string>
    <string name="icon_shown">ممکن است آیکن تا زمان ریبوت نمایان نشود</string>
</resources>
