<?xml version="1.0" encoding="utf-8"?>
<resources xmlns:tools="http://schemas.android.com/tools">
	<string name="peq_app_name">اکولایزر Poweramp</string>
	<string name="pref_known_players">پلیر‌های شناخته‌شده</string>
	<string name="pref_summary_known_players">فعال/غیرفعال کردن اکولایزر برای برنامه های پخش کننده</string>
	<string name="pref_known_players_hint">در یک برنامه پخش کننده چیزی پخش کنید و (در صورت پشتیبانی از اکولایزر) برنامه در اینجا ظاهر می شود</string>
	<string name="pref_known_players_hint2">برخی از پخش کننده‌ها ممکن است برای شروع اکولایزر نیاز به انتخاب آهنگ جدید یا مکث داشته باشند و دوباره راه اندازی شوند</string>
	<string name="pref_known_players_hint3">پس از راه اندازی مجدد ، ممکن است اکولایزر 1-2 دقیقه به تأخیر بیفتد. اجازه دادن به Poweramp Equalizer برای شروع خودکار در بوت ، تأخیر را کاهش می دهد</string>
	<string name="pref_known_players_hint4">پخش کننده Poweramp را می توان با گزینه MusicFX و با غیرفعال کردن DVC در برنامه Poweramp فعال کرد</string>
	<string name="pref_enable_for_app">فعالسازی برای برنامه</string>
	<string name="pref_last_time_seen">آخرین مشاهده</string>
	<string name="pref_summary_eq_disable_dvc">غیر فعال کردن کنترل مستقیم صدا برای این برنامه</string>
	<string name="pref_summary_eq_opt_player_restart">بسته به پخش کننده ، این گزینه ممکن است در آهنگ انتخاب شده بعدی ، راه اندازی مجدد پخش کننده و غیره اعمال شود.
 </string>
	<string name="pref_summary_eq_player_fade">هنگام ایجاد مجدد جلسه ، پخش کننده را به طور موقت محو کنید تا از مصنوعات صوتی جلوگیری شود</string>
	<string name="pref_summary_eq_player_fade_msg">با استفاده از سرگرمی مداوم در جلسه صوتی ، به کاهش اشکال پخش کننده کمک می کند: در مسیر تغییر ، جستجو ، و غیره</string>
	<string name="volume_and_tweaks">حجم و تنظیمات</string>
	<string name="pref_app_session_is_buggy_icon">این برنامه یک اشکال شناخته شده دارد</string>
	<string name="pref_app_session_is_buggy">این برنامه یک اشکال شناخته شده دارد که گزارش صحیح جلسه صوتی را برای اکولایزر گزارش نمی دهد</string>
	<string name="pref_app_multiple_sessions_bug">این برنامه یک اشکال شناخته شده در ایجاد چندین جلسه صوتی فعال دارد</string>
	<string name="hint_session_com_google_android_apps_youtube_music"><![CDATA[به عنوان یک راه حل برای این اشکال ، انتخاب "موسیقی ویدیو پخش نشود" در تنظیمات YouTube Music ممکن است به شما کمک کند یا / و برای تغییر بین نسخه های ویدیویی / صوتی یک آهنگ]]></string>
	<string name="pref_report_bug_from_player">لطفا اشکال را از داخل برنامه پخش گزارش دهید!</string>
	<string name="pref_press_for_bug_desc">برای کپی کردن توضیحات اشکال ، اینجا را فشار دهید</string>
	<string name="enable_vis">تجسم یا پویا سازی را فعال کنید</string>
	<string name="enable_vis_perm_required">برای فعال کردن تجسم و پویا سازی مجوز لازم است</string>
	<string name="enable_vis_perm_no_mic">Poweramp Equalizer ، علی رغم نام مجوز ، هرگز صدا را ضبط یا از میکروفون استفاده نمی کند</string>
	<string name="enable_vis_perm_later">بعداً می توانید در تنظیمات تجسم را فعال کنید</string>
	<string name="pref_enable_dvc_for_bt">DVC را برای بلوتوث فعال کنید</string>
	<string name="pref_summary_enable_dvc_for_bt">DVC برای بلوتوث نیاز به گزینه Absolute Volume / Media Volume Sync خاموش دارد</string>
	<string name="pref_summary_peq_equalizer">تنظیمات اکولایزر، پلیرهای نصب شده ، دی وی سی</string>
	<string name="pref_summary_peq_look_and_feel">پوسته ، زبان ، اعلان ها</string>
	<string name="pref_utils">Utils</string>
	<string name="pref_summary_utils">از سرگیری اتصال هدست ، کنترل کلیدهای میزان صدا ، تنظیمات دقیق</string>
	<string name="pref_volume_keys">کلیدهای میزان صدا</string>
	<string name="pref_peq_volume_keys_long_press_hint">با فشار دادن کلیدهای تنظیم صدا ، آهنگ ها را تغییر دهید.  این گزینه با استفاده از یک API نیمه رسمی Android 8+ ، که فقط از طریق یک فرمان ADB یا shell فعال می شود (یک خط ، برای کپی کردن دستور اینجا ضربه بزنید):</string>
	<string name="pref_long_volume_resume">همچنین با فشار دادن طولانی کلید صدا ، از سر بگیرید</string>
	<string name="pref_summary_long_volume_resume">برای شروع پخش در پخش کننده اخیراً استفاده شده ، یک دستور شروع مجدد را نیز ارسال کنید</string>
	<string name="h_first_start_msg">برای فعال کردن یکسان سازی برای پخش کننده که قبل از نصب Poweramp Equalizer / اولین اجرا آغاز شده است ،
 ممکن است لازم باشد یک بار آن را از طریق دور انداختن از برنامه های اخیر ، &lt;b&gt; مکث کنید &lt;/ b&gt; و &lt;b&gt; دوباره راه اندازی کنید</string>
	<string name="pref_notification_type_micro">کوچک</string>
	<string name="pref_summary_notification_type_micro">اعلانی که فضای کمتری را اشغال می کند</string>
	<string name="pref_notification_type_standard">استاندارد</string>
	<string name="pref_summary_notification_type_standard">اعلان اندازه استاندارد</string>
	<string name="pref_peq_notification_msg1">اعلان برای فعال نگه داشتن Poweramp Equalizer لازم است</string>
	<string name="pref_peq_notification_msg2">اعلان به ویژه در دستگاه هایی که برنامه ها را بیش از حد تهاجمی می کشند ، یا هنگامی که Poweramp Equalizer باید همیشه زنده باشد ، مهم است ، به عنوان مثال ، برای پاسخگویی به دکمه های میزان صدا یا اتصال هدست</string>
	<string name="pref_peq_notification_msg3"><![CDATA[روش پیشنهادی برای پنهان کردن اعلان از طریق <a href="android_notif_settings "> تنظیمات اعلان Android </a> است
 CONTEXTREQUEST]]></string>
	<string name="pref_summary_peq_keep_notification_always">اعلان حتی اگر برنامه پخش کننده پخش نشود ، قابل مشاهده است و Poweramp Equalizer را برای پخش بعدی آماده نگه می دارد</string>
	<string name="pref_summary_peq_keep_notification_always_msg">در صورت غیرفعال شدن ، اعلان مدتی پس از بسته شدن پخش کننده برداشته می شود و بنابراین دیگر درخواست تساوی نمی کند
 </string>
	<string name="pref_summary_peq_no_keep_notif_on_dscn">اعلان با قطع اتصال هدست / BT حذف می شود</string>
	<string name="pref_peq_buy">درباره اکولایزر Poweramp</string>
	<string name="pref_peq_long_close_delay">جلسه اکولایزر را حفظ کنید</string>
	<string name="pref_summary_peq_long_close_delay">جلسه را برای پخش فعال نگه دارید.  برای پخش های که در هنگام مکث می بندد مورد نیاز است ، باعث ایجاد مصنوعات صوتی در شروع مجدد می شود</string>
	<string name="pref_peq_doesnt_increase_res_usage">استفاده از منابع را افزایش نمی دهد ، اما Poweramp Equalizer را برای مدت طولانی تری فعال نگه می دارد</string>
	<string name="pref_peq_increases_res_usage">استفاده از منابع را افزایش می دهد</string>
	<string name="pref_test_build">ساخت آزمایشی</string>
	<string name="test_build_expired">ساخت آزمایشی منقضی شده است</string>
	<string name="update_app">لطفا برنامه را به روز کنید</string>
	<string name="thanks_for_testing">با تشکر از شما برای تست!</string>
	<string name="pref_peq_blocksize">اندازه بلوک</string>
	<string name="pref_summary_peq_blocksize">تعداد نمونه ها را در بلوک پردازش شده تعریف می کند.  اندازه بلوک بزرگتر وضوح فرکانس را افزایش می دهد ، اما همچنین باعث افزایش استفاده از پردازنده می شود.  در صورت پرش صدا ، کاهش دهید</string>
	<string name="pref_peq_blocksize_hires">اندازه بلوک برای کیفیت بالا</string>
	<string name="pref_summary_peq_blocksize_hires">در صورت پرش صدا به عنوان مثال برای پخش Hi-Res / LDAC ، می توانید اندازه بلوک را برای صدای Hi-Res کاهش دهید</string>
	<string name="pref_peq_blocksize_hires_msg">از آنجا که اکثر پخش کننده های پخش جریانی از 44.1 کیلو هرتز / 48 کیلو هرتز استفاده می کنند ، توصیه می شود 44.1 / 48 کیلوهرتز برای LDAC (یا سایر خروجی های Hi-Res) تنظیم شود تا از نمونه برداری اضافی و یا افزایش استفاده از پردازنده جلوگیری شود</string>
	<string name="pref_peq_blocksize_msg_android_9">اندروید 9 دارای یک اشکال است که برای جلوگیری از کلیک های مرتبط با باس هنگام افزایش باس ، به اندازه بلوک بزرگتری نیاز دارد</string>
	<string name="pref_peq_multi_session">چند جلسه ای</string>
	<string name="pref_summary_peq_multi_session">رفع اشکال برای وقتیکه برنامه پخش کننده چندین جلسه صوتی فعال ایجاد می کند </string>
	<!-- I.e. playback audio session -->
	<string name="audio_session">جلسه صوتی</string>
	<string name="samples_d">نمونه ها:٪ d</string>
	<string name="compressor">کمپرسور</string>
	<string name="h_compressor">فشرده سازی دامنه پویا</string>
	<string name="pref_summary_peq_compressor">پارامترهای اضافی کمپرسور</string>
	<!-- %.1 is replaced to a number of milliseconds -->
	<string name="f1_ms">٪ 1 fms</string>
	<!-- %.0 is replaced to a number of milliseconds -->
	<string name="f0_ms">٪ .0fms</string>
	<!-- (Compressor) Attack time -->
	<string name="compr_attack">Attack</string>
	<!-- (Compressor) Release time -->
	<string name="compr_release">Release</string>
	<!-- (Compressor) Ratio -->
	<string name="compr_ratio">نسبت</string>
	<!-- (Compressor) Knee -->
	<string name="compr_knee">Knee</string>
	<!-- (Compressor) Threshold -->
	<string name="compr_thr">آستانه</string>
	<!-- (Compressor) Gain -->
	<string name="compr_gain">Gain</string>
	<!-- (Compressor) Frequency -->
	<string name="compr_freq">فرکانس</string>
	<!-- (Compressor) Expand Ratio -->
	<string name="compr_expand_ratio">گسترش نسبت</string>
	<!-- (Compressor) Noise Gate -->
	<string name="compr_noise_gate">نویز گیت</string>
	<!-- (Compressor) Pre-gain -->
	<string name="compr_pregain">پیش بهره</string>
	<string name="recently_rebooted">اخیراً راه اندازی مجدد شده است</string>
	<string name="recently_rebooted_msg">به دلیل محدودیت سیستم عامل ، ممکن است اکولایزیشن با تاخیر چند دقیقه‌ای پس از راه اندازی مجدد شروع شود</string>
	<string name="pref_peq_enable">پردازش صدا را فعال کنید</string>
	<string name="pref_summary_peq_enable">در صورت غیرفعال بودن، هیچ صوتی پردازش نمی شود</string>
	<string name="audio_processing_disabled">پردازش صدا غیرفعال است</string>
	<string name="peq_enable_press_to_reenable"><![CDATA[<a href="settings/peq_equ#peq_enable"> اینجا را فشار دهید تا دوباره فعال شود </a>]]></string>
	<!-- Icon -->
	<string name="black_equ">اکولایزر مشکی</string>
	<!-- Icon -->
	<string name="white_equ">اکولایزر سفید</string>
	<string name="active_players"> Players فعال</string>
	<string name="pref_about_peq">درباره Poweramp Equalizer</string>
	<string name="h_recognized_active_players">پخش کننده فعال شناخته شده</string>
	<string name="pref_advanced_player_tracking">ردیابی پخش کننده پیشرفته</string>
	<string name="pref_summary_advanced_player_tracking">تقریباً در هر پخش کننده ای امکان همگام سازی را فراهم می کند ، اما به مجوزهای بیشتری نیاز دارد</string>
	<!-- "DUMP" is probably shoud not be translated -->
	<string name="pref_dump_permission">مجوز DUMP</string>
	<!-- "DUMP", "ADB" - probably shoud not be translated, "shell" - means shell command console -->
	<string name="pref_dump_permission_hint">مجوز DUMP برای دریافت لیست تمام جلسات صوتی در حال پخش استفاده می شود.  این کار فقط از طریق دستور ADB (یا shell) فعال می شود (برای کپی کردن دستور تک خطی اینجا را کلیک کنید):</string>
	<string name="pref_notification_listener_permission">اجازه اعلانهای شنیداری</string>
	<string name="pref_notification_listener_permission_hint">اجازه اعلان شنیداری برای ردیابی پخش کننده ها هنگامی که اعلان خود را ارسال می کنند و / یا حالت پخش / مکث خود را تغییر می دهند ، استفاده می شود</string>
	<string name="pref_notification_listener_permission_hint2">Poweramp Equalizer فقط به اعلان های پخش کننده رسانه دسترسی پیدا می کند</string>
	<string name="pref_enable_player_tracking">ردیابی پخش کننده را فعال کنید</string>
	<string name="pref_requires_two_permissions">دو مجوز لازم است</string>
	<string name="pref_advanced_experimental_feature">این یک ویژگی آزمایشی پیشرفته است</string>
</resources>
