<?xml version="1.0" encoding="utf-8"?>
<resources xmlns:tools="http://schemas.android.com/tools">
	<string name="searchable_label">Sök efter musik, artister, album, spellistor</string>
	<string name="about_poweramp_changelog">Ändringslogg</string>
	<string name="unknown">Okänd</string>
	<string name="unknown_artist_name">Okänd artist</string>
	<string name="unknown_album_name">Okänt album</string>
	<string name="unknown_genre_name">Okänd genre</string>
	<string name="unknown_composer_name">Okänd kompositör</string>
	<string name="library">Bibliotek</string>
	<string name="all_songs">Alla låtar</string>
	<string name="folders">Mappar</string>
	<string name="folders_hier">Mapphieraki</string>
	<string name="songs">Låtar</string>
	<string name="album">Album</string>
	<string name="albums">Album</string>
	<string name="artist">Artist</string>
	<string name="album_artist">Albumartist</string>
	<string name="album_artists">Albumartister</string>
	<string name="artists">Artister</string>
	<string name="composer">Kompositör</string>
	<string name="composers">Kompositörer</string>
	<string name="genre">Genre</string>
	<string name="genres">Genrer</string>
	<string name="queue">Kö</string>
	<string name="folder">Mapp</string>
	<string name="playlist">Spellista</string>
	<string name="playlists">Spellistor</string>
	<string name="most_played">Mest spelade</string>
	<string name="top_rated">Högst betyg</string>
	<string name="low_rated">Lågt betyg</string>
	<string name="recently_played">Senast spelade</string>
	<string name="recently_added">Senast tillagda</string>
	<string name="year">År</string>
	<string name="raw_file">Råfil</string>
	<!-- No more than ~9 chars, can be abbreviated. Used in the main track menu -->
	<string name="artist_short">@string/artist</string>
	<!-- No more than ~9 chars, can be abbreviated. Used in the main track menu -->
	<string name="album_short">@string/album</string>
	<!-- No more than ~9 chars, can be abbreviated. Used in the main track menu -->
	<string name="folder_short">@string/folder</string>
	<!-- No more than ~9 chars, can be abbreviated. Used in the main track menu -->
	<!-- No more than ~9 chars, can be abbreviated. Used in the main track menu -->
	<!-- No more than ~9 chars, can be abbreviated. Used in the main track menu -->
	<!-- No more than ~9 chars, can be abbreviated. Used in the main track menu -->
	<string name="artist_albums">Album av artist</string>
	<string name="composer_albums">Album av kompositör</string>
	<string name="albums_by_artist">Album av artist</string>
	<string name="genre_albums">Album med genre</string>
	<string name="all_artist_songs">Alla artistens låtar</string>
	<string name="all_album_artist_songs">Alla låtar av albumartist</string>
	<string name="all_genre_songs">Alla låtar med genre</string>
	<string name="all_composer_songs">Alla låtar av kompositör</string>
	<string name="album_songs">Låtar i album</string>
	<string name="artist_album_songs">Låtar av albumartist</string>
	<string name="composer_album_songs">Låtar av albumkompositör</string>
	<string name="genre_album_songs">Låtar med albumgenre</string>
	<string name="folder_songs">Låtar i mapp</string>
	<string name="playlist_songs">Låtar i spellista</string>
	<string name="summary_album_artists">Kategori baserad på albumartist-tagg</string>
	<string name="cant_continue_due_to_scan">"Sökning efter musik pågår, kan inte fortsätta med åtgärden"</string>
	<string name="initializing">Startar upp...</string>
	<string name="scanning_folders">Skannar mappar...</string>
	<string name="add_to_playlist">Lägg till i spellista</string>
	<string name="add">Lägg till</string>
	<string name="info">Info/Taggar</string>
	<string name="delete">Radera</string>
	<string name="settings">Inställningar</string>
	<string name="play">Spela</string>
	<string name="delete_dups">Ta bort dubbletter</string>
	<string name="list_opts">Listalternativ</string>
	<!-- (To) Shuffle - verb -->
	<string name="shuffle">Blanda</string>
	<!-- (A) Shuffle - noun -->
	<string name="sort">Sortera</string>
	<string name="resort">Omsortera</string>
	<string name="assign">Tilldela</string>
	<string name="rename">Byt namn</string>
	<string name="limit">Begränsa</string>
	<string name="preamp">Föramp</string>
	<string name="volume">Volym</string>
	<string name="bass_tone">Bas</string>
	<string name="treble">Diskant</string>
	<string name="balance">Balans</string>
	<string name="balance_L">V</string>
	<string name="balance_R">H</string>
	<string name="repeat_on">Repetera lista</string>
	<string name="repeat_none">Repetera inte</string>
	<string name="repeat_song">Repetera låt</string>
	<string name="repeat_advance">Avancera lista</string>
	<string name="repeat_one_song">Repetera utvald låt</string>
	<string name="stop_on_last_song">Stanna på sista låten i en lista</string>
	<string name="jump_to_next_list">Hoppa till nästa lista</string>
	<string name="jump_to_first_song">Hoppa till första låten i en lista</string>
	<string name="shuffle_all">Blanda alla</string>
	<string name="shuffle_none">Blanda inte</string>
	<string name="shuffle_songs">Blanda låtar</string>
	<string name="shuffle_cats">Blanda kategorier</string>
	<string name="shuffle_songs_and_cats">Blanda låtar/kategorier</string>
	<string name="shuffle_all_long">Blanda alla låtar</string>
	<string name="shuffle_none_long">Blanda inte</string>
	<string name="shuffle_songs_long">Blanda enbart låtar</string>
	<string name="shuffle_cats_long">Blanda enbart kategorier</string>
	<string name="shuffle_songs_and_cats_long">Blanda låtar och kategorier</string>
	<string name="long_press_for_more_options">Långtryck för fler alternativ</string>
	<string name="long_press_item_for_selection">Tryck länge på ett objekt för valmenyn</string>
	<!-- Short label, ~3-5 chars -->
	<string name="tone">Ton</string>
	<!-- "Tone" should be a short label, ~3-5 chars -->
	<string name="tone_off">Ton av</string>
	<!-- Short label, ~3-5 chars -->
	<string name="equ">EQ</string>
	<!-- "Equ" should be a ahort label, ~3-5 chars -->
	<string name="equ_off">EQ av</string>
	<string name="sort_s">Omsortera %s</string>
	<string name="shuffle_random_sort">Blanda (slumpvis sortering)</string>
	<string name="by_title">Efter titel</string>
	<string name="by_track">Efter spårnummer</string>
	<string name="by_album">Efter album</string>
	<string name="by_artist">Efter artist</string>
	<string name="by_filename">Efter filnamn</string>
	<string name="by_artist_album">Efter artist/album</string>
	<string name="by_rating">Efter betyg</string>
	<string name="by_duration">Efter längd</string>
	<string name="by_name">Efter namn</string>
	<string name="by_path">Efter sökväg</string>
	<string name="by_year">Efter årtal</string>
	<string name="list_opts_s">Listalternativ: %s</string>
	<string name="view_as">Visa som</string>
	<string name="list">Lista</string>
	<string name="grid">Rutnät</string>
	<string name="list_small">Lista - liten</string>
	<string name="grid_small">Rutnät - liten</string>
	<string name="grid_extra_small">Rutnät - extra liten</string>
	<string name="reverse">Omvänt</string>
	<string name="cancel">Avbryt</string>
	<string name="deleting">Raderar...</string>
	<string name="delete_song_q">Radera låt?</string>
	<string name="delete_songs_q">Radera låtar?</string>
	<string name="delete_entry_q">Radera inlägg?</string>
	<string name="delete_entries_q">Radera inläggen?</string>
	<!-- NOTE: update the plurals as well, as those are used in plurals in strings-data.xml -->
	<string name="selected_song_will_be_deleted"><![CDATA[Utvald låt kommer att <b>raderas permanent</b> från lagringen. CUE blir inte borttagen]]></string>
	<string name="selected_songs_will_be_deleted"><![CDATA[Utvalda låtar kommer att <b>raderas permanent</b> från lagringen. CUE blir inte borttagen]]></string>
	<string name="selected_songs_from_folders_hier_will_be_deleted"><![CDATA[Utvalda låtar, låtar i utvalda mappar och deras undermappar och CUE-källor kommer att <b>raderas permanent</b> från lagringen]]></string>
	<string name="selected_songs_from_folders_will_be_deleted"><![CDATA[Låtar i de utvalda mapparna kommer att <b>raderas permanent</b> från lagringen. CUE blir borttagna också]]></string>
	<string name="selected_songs_from_cats_will_be_deleted"><![CDATA[Låtar i de utvalda kategorierna kommer att <b>raderas permanent</b> från lagringen. CUE blir borttagna också]]></string>
	<string name="no_album_art">Inget skivomslag</string>
	<string name="delete_duplicates_q">Ta bort dubbletter?</string>
	<string name="duplicates_will_be_deleted_from_playlist">Dubbletter kommer raderas från spellistan. Låtfilerna kommer inte raderas från minneskortet</string>
	<string name="sec">sek</string>
	<!-- %1$.0f is format (don't translate), "s" is seconds -->
	<!-- %1$.0f is format (don't translate), "mb" is megabytes -->
	<string name="data_not_available">Data inte tillgänglig</string>
	<string name="_empty">Tom</string>
	<string name="failed_to_play_file">Kunde inte spela filen!</string>
	<string name="failed_bad_directory">Mappen saknas eller kan ej läsas. Prova en komplett omskanning.</string>
	<string name="failed_to_play">Misslyckades att spela</string>
	<string name="no_files_in_the_db">Inga filer tillgängliga i vald lista</string>
	<string name="end_reached">Slut på lista</string>
	<string name="start_reached">Början på listan</string>
	<string name="shuffle_history_start_reached">Början på blandad lista</string>
	<string name="bit">bit</string>
	<string name="hz">Hz</string>
	<string name="kbps">kbps</string>
	<string name="kb">kb</string>
	<string name="bass">Bas</string>
	<string name="bass_extreme">Extrem Bas</string>
	<string name="bass_treble">Bas &amp; Diskant</string>
	<string name="classical">Klassisk</string>
	<string name="dance">Dans</string>
	<string name="rock">Rock</string>
	<string name="techno">Techno</string>
	<string name="phone_speaker">Mobilhögtalare (Högljudd)</string>
	<string name="flat">Platt</string>
	<string name="live">Live</string>
	<string name="pop">Pop</string>
	<string name="soft">Mjuk</string>
	<string name="soft_bass">Mjuk Bas</string>
	<string name="soft_treble">Mjuk Diskant</string>
	<string name="middle">Mitt</string>
	<string name="OK">OK</string>
	<string name="close">Stäng</string>
	<string name="get_support">Få support</string>
	<string name="site">Webbsida</string>
	<!-- Never translate "@string/" - it's a reference to other translated text and if translated, it crashes app -->
	<!-- Sync with public-strings.xml -->
	<string name="l_failed">Misslyckades att verifiera licens</string>
	<string name="l_pending_call">Licenskontroll väntar</string>
	<string name="started_queue">Påbörjat kön</string>
	<string name="d_min">%d min</string>
	<string name="reset">Återställ</string>
	<string name="sleep_timer">Sovtimer</string>
	<string name="built_in">Inbyggd</string>
	<string name="no_lyrics">"Ingen tagg för låttext hittades"</string>
	<string name="pref_press_here_for_details">Klicka här för detaljer</string>
	<string name="pref_look_and_feel">Utseende och känsla</string>
	<string name="pref_skin">Skal</string>
	<string name="pref_buy">Köp Poweramp</string>
	<string name="pref_folders_selection">Markera mappar</string>
	<string name="pref_rescan_folders">Scanna igen</string>
	<string name="pref_erase_and_rescan">Komplett omskanning</string>
	<string name="pref_playlist_item_action">Listobjekt klick händelse</string>
	<string name="pref_summary_queue">Köinställningar</string>
	<string name="pref_lists">Listor</string>
	<string name="pref_summary_folders_library_scanner">Inställningar för Poweramps mappar- och biblioteksskanner</string>
	<string name="pref_select_folders">Musikmappar</string>
	<string name="pref_advanced">Avancerat</string>
	<string name="pref_show_cue_source">Visa CUE-disk bildfiler</string>
	<string name="pref_process_cues">Tolka CUE filer</string>
	<string name="pref_summary_process_cues">Virtuella mappar skapas för CUE filer med flera spår</string>
	<string name="pref_auto_scan">Auto-skanning</string>
	<string name="pref_summary_auto_scan">Aktivera automatisk SD-kort/lagringssökning. Om inaktiverat är bara manuell sökning tillgänglig</string>
	<string name="pref_initial_scan">Första skanning</string>
	<string name="pref_summary_initial_scan">Snabbsökning när Poweramp startas första gången</string>
	<string name="pref_playlists_import_export">Import/export av spellistor</string>
	<string name="pref_playlists_import">Importera systembibliotekets spellistior</string>
	<string name="pref_playlists_export">Exportera Poweramps spellistor</string>
	<string name="pref_playlists_import_msg">"Poweramp kommer importera systembibliotekets spellistor. Existerande Poweramp spellists kommer inte skrivas över"</string>
	<string name="pref_import">Importera</string>
	<string name="pref_export">Exportera</string>
	<string name="pref_exporting_playlists_progress">Exporterar spellistor, vänligen vänta</string>
	<string name="pref_playlists_exported_d">Spellistor exporterade: %d</string>
	<!-- As in "Playlist (Imported 05.05.2020 12:25) -->
	<string name="pref_about">Om</string>
	<string name="pref_other">Övrigt</string>
	<string name="pref_pl_no_dups">"Lägg inte till dubbletter"</string>
	<string name="pref_summary_pl_no_dups">"Lägg inte till dubbletter spellistor"</string>
	<string name="pref_version">Version/ändringslogg</string>
	<string name="pref_about_poweramp">Om Poweramp</string>
	<string name="pref_misc">Övrigt</string>
	<string name="pref_tag_endcoding">Taggkodning</string>
	<string name="pref_orientation">Skärmorientering</string>
	<string name="pref_player_ui">Spelargränssnitt</string>
	<string name="pref_headset_connection">Anslutning</string>
	<string name="pref_headset_buttons">Knappar</string>
	<string name="pref_headset_bt">Hörlur/Bluetooth</string>
	<string name="pref_enable_headset_controls">Svara på knappar</string>
	<string name="pref_resume_on_headset">Spela när hörlutar kopplas in</string>
	<string name="pref_resume_on_bt">Spela när Bluetooth ansluts</string>
	<string name="pref_pause_on_headset">Pausa vid frånkoppling</string>
	<string name="pref_headset_beep">Pip</string>
	<string name="pref_controls_single">Enkeltryck (snabb)</string>
	<string name="pref_send_errors">Skicka fel till utvecklaren</string>
	<string name="pref_download_album_art">Ladda ner skivomslag</string>
	<string name="pref_summary_download_album_art">Sök automatiskt och ladda ner saknade skivomslag</string>
	<string name="pref_album_art_options">Skivomslag</string>
	<string name="pref_download_if_no_tags">Också sök också efter titel/filnamn</string>
	<string name="pref_summary_download_if_no_tags">Sök efter skivomslag även om inga taggar hittas i filen</string>
	<string name="pref_prefer_download">Föredra nerladdade skivomslag</string>
	<string name="pref_aa_wifi_only">Ladda ner endast på Wi-Fi</string>
	<string name="pref_summary_aa_wifi_only">Skivomslag kommer endast laddas ner när wi-fi är ansluten</string>
	<string name="pref_animate_album_art">Skivomslagsanimation</string>
	<string name="pref_lock_screen">Låsskärm</string>
	<string name="pref_scrobbling">Scrobbling</string>
	<string name="pref_scrobble_via_last_fm">Scrobbla med den officiella last.fm appen</string>
	<string name="pref_summary_scrobble_via_last_fm">Scrobbla med Last.fm appen</string>
	<string name="pref_scrobble_via_simple_last_fm">Scrobbla med Simple Last.fm</string>
	<string name="pref_summary_scrobble_via_simple_last_fm">Scrobbla till Last.fm/Libre.fm med Simple Last.fm</string>
	<string name="pref_notifications">Notifikationer</string>
	<string name="pref_keep_screen_on">Håll skärm igång</string>
	<string name="pref_summary_keep_screen_on">Håller alltid skärmen igång i Poweramp</string>
	<string name="pref_prev_previous_resets">&lt;&lt; knappen återställer aktuellt spår till början</string>
	<string name="pref_keep_service">Behåll tjänst</string>
	<string name="pref_summary_keep_service">Poweramps spelartjänst kommer inte stängas av när den inte används</string>
	<!-- "Automatic" -->
	<string name="pref_auto">Auto</string>
	<string name="pref_audio_focus">Ljudfokus</string>
	<string name="pref_pause_on_permanent">Permanent ljudfokusbyte</string>
	<string name="pref_summary_pause_on_permanent">Pausar vid permanent byte av ljudfokus (andra spelare/spel/osv.)</string>
	<string name="pref_resume_after_call">Fortsätt efter samtal</string>
	<string name="pref_summary_resume_after_call">Fortsätt spela när du lägger på (om pausat av samtal)</string>
	<string name="pref_audio_engine">Ljud</string>
	<string name="pref_auto_advance_fading">Autoavanceringstoning</string>
	<string name="pref_summary_auto_advance_fading">När låt byts automatiskt till nästa: %s</string>
	<string name="pref_crossfade">Övertoning</string>
	<string name="pref_manual_advance_fading">Manuell spårbytestoning</string>
	<string name="pref_fade_play_pause">Tona spela/paus/stopp</string>
	<string name="pref_fade_seek">Tona vid sökning</string>
	<string name="pref_no_fading">Ingen toning</string>
	<string name="pref_xfade_non_gapless">Övertona icke-gapless/icke-cue spår</string>
	<string name="pref_xfade_all">Övertona alla spår</string>
	<string name="pref_crossfade_length">Övertoningslängd</string>
	<string name="pref_replay_gain">Uppspelningsförstärkning (RG)</string>
	<string name="pref_summary_replay_gain">Aktivera RG, välj källa, förförstärkninsinställningar</string>
	<string name="pref_replay_gain_type">Uppspelningsförstärkning</string>
	<string name="pref_rg_type_none">Förstärk inte</string>
	<string name="pref_rg_type_apply">Tillämpa förstärkning</string>
	<string name="pref_rg_type_apply_peak">Tillämpa förstärkning/förhindra hack med  peak-värdet</string>
	<string name="pref_replay_gain_source">Källa</string>
	<string name="pref_rg_source_album">Album</string>
	<string name="pref_rg_source_track">Spår</string>
	<string name="pref_rg_default_gain">Förförstärkning för spår utan RG info</string>
	<string name="pref_rg_preamp">RG förförstärkning</string>
	<!-- Should be named f1_db -->
	<string name="d_db">%.1fdB</string>
	<string name="pref_reset_equ_presets">Återställ eq-förinställningar</string>
	<string name="pref_summary_reset_equ_presets">Inbyggda eq-förinställningar blir återställda till sitt ursprung</string>
	<string name="pref_auto_find">Hitta musikmappar automatiskt</string>
	<string name="pref_summary_auto_find">Använd denna inställning för att automatiskt söka efter musikmappar</string>
	<string name="sensor">Standard</string>
	<string name="vertical">Porträttläge (stående)</string>
	<string name="horizontal">Landskapsläge (liggande)</string>
	<string name="play_and_go_to_main_ui">Spela och gå till huvudskärmen</string>
	<string name="play_and_stay_in_list">Spela och stanna i listan</string>
	<string name="enqueue_and_stay">Sätt i kö och stanna i listan</string>
	<string name="no_folders_selected_message">VARNING: Inga mappar markerades. Musikmapparna har inte ändrats.</string>
	<string name="select">Välj</string>
	<string name="add_new_short">Lägg till ny</string>
	<string name="add_new_playlist">Lägg till ny spellista</string>
	<string name="add_new_preset">Lägg till förinställning</string>
	<string name="preset">Förval</string>
	<string name="unassign">Ta bort tilldelning</string>
	<string name="apply_preset_s_to_outputs_colon">Lägg automatiskt på förinställning %s till utgångar:</string>
	<string name="optionally_apply_to_outputs_colon">Lägg valbart på förinställning till utgångar:</string>
	<string name="assign_preset">Tilldela förval</string>
	<string name="speaker">Högtalare</string>
	<string name="wired_headset">Trådat headset</string>
	<string name="bluetooth_headset">Bluetooth</string>
	<string name="mono">Mono</string>
	<string name="stereo">Stereo</string>
	<string name="d_channels" tools:ignore="PluralsCandidate">%d kanaler</string>
	<string name="save">Spara</string>
	<string name="save_preset">Spara förval</string>
	<string name="edit_tags">Ändra taggar</string>
	<string name="search">Sök</string>
	<string name="comment">Kommentar</string>
	<string name="track">Spår</string>
	<string name="lyrics">Låttext</string>
	<!-- Meaning "track disc" tag, used together with "track number" tag -->
	<string name="filter">Filtrera</string>
	<string name="album_art">Skivomslag</string>
	<string name="no_embed_album_art">Inget inbäddat skivomslag</string>
	<string name="embed_album_art_d" tools:ignore="PluralsCandidate">Inbäddat skivmomslag (%d bytes)</string>
	<string name="embed_album_art">Inbäddat skivomslag</string>
	<string name="in_folder_image">Bild i mapp</string>
	<string name="pick_image">Välj från minneskort</string>
	<string name="poweramp_expired">Poweramp provversion upphört</string>
	<string name="poweramp_cant_verify">Kan inte verifiera Poweramp licens</string>
	<!-- NOTE: required, used in code -->
	<string name="time_limited_trial">Tidsbegränsad provversion</string>
	<string name="full_version">Full Version</string>
	<string name="loading">Loading...</string>
	<string name="send_error_log_message">En tidigare krasch sparades. Vill du skicka in felloggen med e-post för att fixa problemet i framtiden?</string>
	<string name="send">Skicka</string>
	<string name="never">Aldrig</string>
	<string name="not_now">Not Now</string>
	<string name="select_folders">välj mappar</string>
	<string name="changelog">Ändringslogg</string>
	<string name="welcome_title">Välkommen till Poweramp</string>
	<string name="welcome_line1">Tack för att du installerar Poweramp (%s)!</string>
	<string name="paid_update_line1">Tack för att du uppdaterar Poweramp (%s)!</string>
	<string name="welcome_msg">"Notera, detta är en provversion som kommer upphöra inom 2 veckor. Du kan köpa den fulla versionen i Poweramp inställningarna."</string>
	<string name="auto_find">Hitta musikmappar automatiskt</string>
	<string name="music_folders_found_d">Hittade ytterligare musikmappar: %d</string>
	<string name="also_import_system_library_playlists">Importera också saknade systembiblioteksspellistor</string>
	<string name="paid_welcome_title">Poweramp Fullversion</string>
	<string name="paid_welcome_line1">Tack för att du köper Poweramp Fullversionen!</string>
	<string name="pref_translations">Översättningar</string>
	<string name="pref_enable_ics_ls_aa">Skivomslag</string>
	<string name="pref_ics_ls">Android-låsskärm</string>
	<string name="pref_poweramp_ls">Poweramp låsskärm</string>
	<string name="pref_tweaks">Justeringar</string>
	<string name="pref_use_wakelocks">Använd wakelock</string>
	<string name="pref_summary_use_wakelocks">Aktivera om musiken slutat spela när skärmen är av</string>
	<string name="pref_poweramp_settings">Poweramp inställningar</string>
	<string name="pref_open_source_licenses">Open Source Licenser</string>
	<string name="next_track_list_reshuffle">Blanda om listan</string>
	<!-- For example: "Next Album" -->
	<string name="next_cat_s">Nästa %s</string>
	<string name="leave_queue">Lämna kö</string>
	<!-- Translate only "WARNING: Some storage(s) unmounted" phrase -->
	<string name="pref_scan_post_usb_mount">USB frånkoppling/SD-kort montering</string>
	<string name="pref_summary_scan_post_usb_mount">Poweramp skannar när USB kopplas från och/eller SD-kort monteras</string>
	<string name="pref_scan_post_system">Androids mediaskanner/MTP</string>
	<string name="scanning_library">Skannar bibliotek...</string>
	<string name="pref_language">Språk</string>
	<string name="pref_status_lib">Öppna nuvarande lista</string>
	<string name="pref_summary_status_lib">Notifikationen öppnar till nuvarande lista</string>
	<string name="pref_send_metachanged">Metachanged Intent</string>
	<string name="disabled">Inaktiverad</string>
	<!-- E.g. failed to load Poweramp -->
	<!-- E.g. Sorry, but Poweramp has failed... %1$==Poweramp -->
	<string name="disable">Inaktivera</string>
	<string name="ignore">Ignorera</string>
	<string name="pref_summary_platform_fx">Aktivera MusicFX (Androids inbyggda ljudeffekter) i Ton/Vol menyn</string>
	<string name="pref_ls_enable_land">Liggande format</string>
	<string name="pref_summary_ls_enable_land">Aktivera rotation till liggande format</string>
	<string name="pref_aa_8888">Använd 24-bit RGB</string>
	<string name="pref_summary_aa_8888">Högre färgupplösning för skivomslag. Kräver dubbelt så mycket minne för bilder. Kan kräva att du laddar ner skivomslaget på nytt</string>
	<string name="pref_translators">Översättare</string>
	<string name="pref_notify_prio">Notifikationsprioritet</string>
	<string name="pref_summary_notify_prio">Definerar Poweramps notifikationsposition</string>
	<string name="minimum_short">Min</string>
	<string name="maximum_short">Max</string>
	<string name="high">Hög</string>
	<string name="low">Låg</string>
	<string name="update_required_excl">Uppdatering krävs!</string>
	<string name="pref_other_purchasing_methods">Andra betalmetoder</string>
	<string name="pref_all_purchasing_methods">Alla betalmetoder</string>
	<string name="pref_license_verified">Köp verifierat</string>
	<string name="pref_purchase_faq">Köp F.A.Q.</string>
	<string name="pref_store_s">Butik: %s</string>
	<string name="l_pending_iap">Kollar In-app köp</string>
	<string name="l_pending_iap_msg">Poweramp letar efter In-app köp. Om du tidigare köpt Poweramp med in-app köp kommer detta att återställa Fullversionsstatus</string>
	<string name="pref_already_purchased_q">Redan köpt?</string>
	<string name="pref_already_purchased_on_play_msg">Du kan installer om Unlocker gratis så länge som du använder samma Google-konto som du köpte fullversionsappen med.\n\nOm du har flera Google-konton på denna enhet, vänligen kontrollera att rätt konto är markerat i Play Store-appen</string>
	<string name="pref_restore_purchase">Återställ köp</string>
	<string name="iap_err_validate_failed">Misslyckades med att kontrollera köp</string>
	<string name="pref_title_filename">Filnamn som titel</string>
	<string name="pref_aa_mobile_agent">Mobil Användaragent</string>
	<string name="pref_summary_aa_mobile_agent">Använd mobil användaragent när du söker med en mobil anslutning</string>
	<string name="pref_google_account_or_email">Google konto eller email</string>
	<string name="pref_purchase_order_id">Order ID</string>
	<string name="pref_restore_non_play">Vänligen ladda ner och installera icke-playversionen av Poweramp från Poweramp-hemsidan om du vill återställa ett köp utanför Play store</string>
	<string name="error_excl">Fel!</string>
	<string name="file_is_readonly_msg">Filen kan inte modifieras, troligvis är den skrivskyddad eller så saknas behörighet</string>
	<string name="pref_summary_aa_download_hd">Högre upplösta skivomslag laddas ner, detta ökar lagrings- och dataanvändning</string>
	<string name="pref_aa_download_hd_warning">Vänligen notera att färre bilder kan hittas när det här alternativet är aktiverat.\n\nAktivering av detta alternative kan kräva att du laddar ner skivomslag på nytt</string>
	<string name="pref_hide_unknown_album">Dölj skivomslag</string>
	<string name="pref_aa_downloading">Ladda ner</string>
	<string name="pref_resume_on_start">Fortsätt vid uppstart</string>
	<string name="pref_summary_resume_on_start">Börja spela när Poweramp öppnas</string>
	<string name="pref_settings_import">Importera inställningar</string>
	<string name="pref_settings_export">Exportera inställningar</string>
	<string name="saved_s">Sparad: %s</string>
	<string name="pref_aa_blur_intensity">Bakgrunds styrka</string>
	<string name="pref_ignore_short_tracks">Ignorera korta spår (notifikationer, etc)</string>
	<string name="pref_ignore_tracks_with_duration">Ignorera spår kortare än (sekunder)</string>
	<string name="pref_duration_below_s">Kortare än (sekunder): %s</string>
	<string name="pref_dont_ignore">Ingorera inte, inkludera alla</string>
	<string name="grant_write_access">Ge åtkomst</string>
	<string name="skin_failed_s">Hud misslyckades: %s, återställning till standard</string>
	<string name="pref_advanced_tweaks">Avancerade justeringar</string>
	<string name="pref_summary_buffer_size">Justera om ljudet hackar</string>
	<!-- NOTE: pa_output_*** naming is tied to names of plugins. These resources are dynamically used, not directly referenced -->
	<!-- NOTE: pa_out_device_*** naming is tied to names of devices in various places (prefs) -->
	<!-- Generic gender neutral "Selected: xx", e.g. Selected sample rate, Selected format -->
	<!-- Generic gender neutral  "Using: xx", e.g. Using sample rate, Using format -->
	<!-- Can be spelled simply as "Device sample rate" -->
	<!-- %1$s - main sentense, %2$s - details, e.g.: System Default (16) -->
	<!-- (To) Shuffle - verb -->
	<!-- NOTE: used dynamically -->
	<string name="pref_general">Allmänt</string>
	<!-- Minutes. Should be independent from the number quantity, thus, probably, abbreviated -->
	<!-- Accessibility -->
	<!-- Accessibility -->
	<!-- Accessibility -->
	<!-- Accessibility -->
	<!-- Accessibility -->
	<!-- Accessibility -->
	<!-- Accessibility -->
	<!-- Used for voice search. Should not be abbriviated. If original string is not abbiriviated, the default reference @string/most_played may be left as is.
	Never translate "@string/" - it's a reference to other translated text and if translated, it crashes app -->
	<!-- Used for voice search. Should not be abbriviated. If original string is not abbiriviated, the default reference @string/top_rated may be left as is.
	Never translate "@string/" - it's a reference to other translated text and if translated, it crashes app -->
	<!-- Used for voice search. Should not be abbriviated. If original string is not abbiriviated, the default reference @string/low_rated may be left as is.
	Never translate "@string/" - it's a reference to other translated text and if translated, it crashes app -->
	<!-- Used for voice search. Should not be abbriviated. If original string is not abbiriviated, the default reference @string/recently_played may be left as is.
	Never translate "@string/" - it's a reference to other translated text and if translated, it crashes app -->
	<!-- Used for voice search. Should not be abbriviated. If original string is not abbiriviated, the default reference @string/recently_added may be left as is.
	Never translate "@string/" - it's a reference to other translated text and if translated, it crashes app -->
	<!-- Used for voice search. This is the root word for given term.
	Never translate "@string/" - it's a reference to other translated text and if translated, it crashes app  -->
	<!-- Used for voice search. This is the root word for given term.
	Never translate "@string/" - it's a reference to other translated text and if translated, it crashes app -->
	<!-- Used for voice search. This is the root word for given term.
	Never translate "@string/" - it's a reference to other translated text and if translated, it crashes app -->
	<!-- Used for voice search. This is the root word for given term.
	Never translate "@string/" - it's a reference to other translated text and if translated, it crashes app -->
	<!-- Like in "Hi-Res: supported" -->
	<!-- Also refered as "Main UI" -->
	<!-- Provider means "Track Provider Plugin" - the plugin which adds tracks to Poweramp, such as cloud tracks, streaming tracks, etc. -->
	<!-- Also, can be "Edit" or "Modify". For example, "Change folder permission", "Edit folder permission" -->
	<!-- For example, missing playlist entry -->
	<!-- Noun, i.e. "a screen" -->
	<string name="pref_dvc_not_supported">Stöds inte av din ROM</string>
	<!-- Headroom gain is basically reduction of volume to allow equalization. See https://en.wikipedia.org/wiki/Headroom_(audio_signal_processing) -->
	<!-- NOTE: %.1f is a placeholder for digits. It looks like this when formatted: 5.0dB -->
	<!-- E.g. Round icon -->
	<!-- E.g. Zap icon -->
	<!-- E.g. Classic icon -->
	<!-- E.g. Just (only) zap icon -->
	<!-- E.g. Black Play icon  -->
	<!-- E.g. White Play icon  -->
	<!-- Like in "online radio stream" -->
	<!-- E.g. "Small buffer size" -->
	<!-- Like "Use this album art for the list" -->
	<!-- Do not translate: UTF-8, .m3u -->
	<!-- Do not translate: UTF-8, .m3u, .m3u8 -->
	<!-- Stream/radio URL -->
	<!-- Stream/radio URL -->
	<!-- Last _Time_ Played, e.g. 5 days ago -->
	<!-- Do not translate: Poweramp v3 skin. "Play" is google play market app -->
	<!-- Provider means "Track Provider Plugin" - the plugin which adds tracks to Poweramp, such as cloud tracks, streaming tracks, etc. -->
	<!-- Provider means "Track Provider Plugin" - the plugin which adds tracks to Poweramp, such as cloud tracks, streaming tracks, etc. -->
	<!-- Provider means "Track Provider Plugin" - the plugin which adds tracks to Poweramp, such as cloud tracks, streaming tracks, etc. -->
	<!-- Provider means "Track Provider Plugin" - the plugin which adds tracks to Poweramp, such as cloud tracks, streaming tracks, etc. -->
	<!-- Provider means "Track Provider Plugin" - the plugin which adds tracks to Poweramp, such as cloud tracks, streaming tracks, etc. -->
	<!-- Provider means "Track Provider Plugin" - the plugin which adds tracks to Poweramp, such as cloud tracks, streaming tracks, etc. -->
	<!-- Provider means "Track Provider Plugin" - the plugin which adds tracks to Poweramp, such as cloud tracks, streaming tracks, etc. -->
	<!-- Huawei AppGallery -->
	<!-- For example, "Error: Some error #1111" -->
	<!-- E.g. "Open Playlist" -->
	<!-- "User Agent" probably, shouldn't be translated -->
	<!-- As in "Migrate Data to Android 10" -->
	<!-- Used as verb, i.e. in the menu as action to bookmark the song position -->
	<!-- Noun, used as a category name -->
	<!-- E.g.: Added to bookmarks. Should be neutral to number of items added -->
	<!-- Max 12 chars -->
	<!-- Monochromatic "color" -->
	<!-- Meaning app build number, e.g. Build 987 -->
	<!-- NOTE: %d is replaced with a number, double percent %% is replaced with just percent % -->
	<!-- E.g. "Rounded corner" -->
</resources>
