<?xml version="1.0" encoding="utf-8"?>
<resources xmlns:tools="http://schemas.android.com/tools">
	<string name="peq_app_name">Equalizador do Poweramp</string>
	<string name="pref_known_players">Players conhecidos</string>
	<string name="pref_summary_known_players">Ativar/desativar equalização para aplicativos de player</string>
	<string name="pref_known_players_hint">Toque algo em qualquer aplicativo de player e (se a equalização for compatível) o aplicativo aparecerá aqui</string>
	<string name="pref_known_players_hint2">Alguns players podem exigir a seleção da nova faixa ou pausar e reiniciar para iniciar a equalização</string>
	<string name="pref_known_players_hint3">Após reiniciar, a equalização pode atrasar em 1-2 minutos. Permitir que o Equalizador Poweramp inicie automaticamente ao ligar o aparelho reduz o atraso</string>
	<string name="pref_known_players_hint4">Reprodutor Poweramp ignorado</string>
	<string name="pref_enable_for_app">Habilite para o app</string>
	<string name="pref_last_time_seen">Visto pela última vez em</string>
	<string name="pref_summary_eq_disable_dvc">Desativar o controle de volume direto para este aplicativo</string>
	<string name="pref_summary_eq_opt_player_restart">Dependendo do reprodutor, esta opção tomará efeito na próxima faixa selecionada, reinicio do reprodutor, etc.</string>
	<string name="pref_summary_eq_player_fade">Abafar o reprodutor temporariamente quando a sessão é recriada para evitar artefatos de áudio</string>
	<string name="pref_summary_eq_player_fade_msg">Ajuda a mitigar um bug do reprodutor com a constante recriação da sessão de áudio: na mudança de faixa, na busca, etc.</string>
	<string name="volume_and_tweaks">Volume e ajustes</string>
	<string name="pref_app_session_is_buggy_icon">Este aplicativo possui um bug reconhecido</string>
	<string name="pref_app_session_is_buggy">Este aplicativo possui bug reconhecido de não reportar sessão de áudio propriamente para equalizadores</string>
	<string name="pref_app_multiple_sessions_bug">Este aplicativo tem um bug reconhecido de criar múltiplas sessões de áudio ativas</string>
	<string name="hint_session_com_google_android_apps_youtube_music"><![CDATA[Para evitar o bug, "Não reproduzir clipes de música" nos ajustes do YouTube Music pode ajudar ou/e mudar entre versões de vídeo/áudio da faixa]]></string>
	<string name="pref_report_bug_from_player">Favor reportar o bug dentro do aplicativo de reprodução!</string>
	<string name="pref_press_for_bug_desc">Pressione aqui para copiar a descrição do bug</string>
	<string name="enable_vis">Habilitar visualização</string>
	<string name="enable_vis_perm_required">Permissão necessária para habilitar visualização</string>
	<string name="enable_vis_perm_no_mic">Equalizador Poweramp nunca grava áudio ou usa o microphone, apesar do nome da permissão</string>
	<string name="enable_vis_perm_later">Você pode habilitar a visualização mais tarde nas configurações</string>
	<string name="pref_enable_dvc_for_bt">Habilitar DVC para Bluetooth</string>
	<string name="pref_summary_enable_dvc_for_bt">DVC para Bluetooth requer que a opção do sistema Volume Absoluto/Sincronizar Volume de Mídia seja desabilitada</string>
	<string name="pref_summary_peq_equalizer">Configurações do equalizador, reprodutores reconhecidos, DVC</string>
	<string name="pref_summary_peq_look_and_feel">Aparência, idioma, notificações</string>
	<string name="pref_utils">Utilidades</string>
	<string name="pref_summary_utils">Continuar ao conectar fone de ouvido, controle dos botões de volume, ajustes</string>
	<string name="pref_volume_keys">Botões de volume</string>
	<string name="pref_peq_volume_keys_long_press_hint">Mudar faixas respondendo ao aperto longo dos botões de volume. Esta opção usa um API semi-oficial do Android 8+, que pode ser ativado apenas via comando ADB ou shell (uma linha, pressione aqui para copiar o comando):</string>
	<string name="pref_long_volume_resume">Também resumir com longo aperto do botão de volume</string>
	<string name="pref_summary_long_volume_resume">Também mandar um comando de continuar para começar a reproduzir no reprodutor recentemente usado</string>
	<string name="h_first_start_msg">Para habilitar a equalização para o reprodutor iniciado antes da instalação/primeira ativação do Equalizador Poweramp, talvez seja necessário <b>pausar</b> e <b>reiniciar</b> uma vez limpando o aplicativo da lista de recentes</string>
	<string name="pref_notification_type_micro">Micro</string>
	<string name="pref_summary_notification_type_micro">Notificação que toma o mínimo de espaço possível</string>
	<string name="pref_notification_type_standard">Padrão</string>
	<string name="pref_summary_notification_type_standard">Tamanho de notificação padrão</string>
	<string name="pref_peq_notification_msg1">A notificação é necessária para manter o Equalizador Poweramp ativo</string>
	<string name="pref_peq_notification_msg2">A notificação é especialmente importante em alguns aparelhos que desativam aplicativos muito cedo, ou quando o Equalizador Poweramp deve ficar ativo o tempo todo, por exemplo, para processar botões de volume ou conexão de fone de ouvido</string>
	<string name="pref_peq_notification_msg3"><![CDATA[A maneira recomendada para esconder a notificação é via as <a href="android_notif_settings">configurações de notificacões do Android</a>"]]></string>
	<string name="pref_summary_peq_keep_notification_always">Notificação permanece mesmo se o aplicativo de reprodução não estiver tocando, mantendo o Equalizador Poweramp pronto para a próxima reprodução</string>
	<string name="pref_summary_peq_keep_notification_always_msg">Se desativado, a notificação é removida algum tempo após os reprodutores fecharem e portanto não requisitarem mais a equalização</string>
	<string name="pref_summary_peq_no_keep_notif_on_dscn">Notificação é removida na desconexão do Fone de ouvido/BT</string>
	<string name="pref_peq_buy">Comprar Equalizador Poweramp</string>
	<string name="pref_peq_long_close_delay">Manter sessão de equalizador</string>
	<string name="pref_summary_peq_long_close_delay">Manter ativa a sessão para o reprodutor. Necessário para reprodutores que fecham a sessão de equalização ao pausar, causando artefatos de áudio ao continuar</string>
	<string name="pref_peq_doesnt_increase_res_usage">Não aumenta o uso de recursos, mas mantém o Equalizador Poweramp ativo por mais tempo</string>
	<string name="pref_peq_increases_res_usage">Aumenta uso de recursos</string>
	<string name="pref_test_build">Versão de testes</string>
	<string name="test_build_expired">Versão de testes expirada</string>
	<string name="update_app">Favor atualizar o aplicativo</string>
	<string name="thanks_for_testing">Obrigado pelo teste!</string>
	<string name="pref_peq_blocksize">Tamanho do Bloco</string>
	<string name="pref_summary_peq_blocksize">Define o número de amostras no bloco processado. Um tamanho de bloco maior aumenta a resolução de frequência, mas também aumenta o uso da CPU. Reduza se o áudio pular</string>
	<string name="pref_peq_blocksize_hires">Tamanho do bloco para Hi-Res</string>
	<string name="pref_summary_peq_blocksize_hires">O tamanho do bloco para áudio de alta resolução pode ser reduzido se o áudio pular, por exemplo, para reprodução de alta resolução/LDAC</string>
	<string name="pref_peq_blocksize_hires_msg">Como a maioria dos reprodutores de streaming usa 44,1 kHz/48 kHz, é recomendado definir 44,1/48 kHz para LDAC (ou outras saídas de alta resolução) para evitar reamostragem extra e/ou aumento do uso da CPU</string>
	<string name="pref_peq_blocksize_msg_android_9">O Android 9 tem um bug que exige um tamanho de bloco maior para evitar cliques correlacionados de graves quando os graves são amplificados</string>
	<string name="pref_peq_multi_session">Multi-sessão</string>
	<string name="pref_summary_peq_multi_session">Solução alternativa para um bug quando o aplicativo de player cria várias sessões de áudio ativas</string>
	<!-- I.e. playback audio session -->
	<string name="audio_session">Sessão de áudio</string>
	<string name="samples_d">Amostras: %d</string>
	<string name="compressor">Compressor</string>
	<string name="h_compressor">Compressão de alcance dinâmico</string>
	<string name="pref_summary_peq_compressor">Parâmetros adicionais do compressor</string>
	<!-- %.1 is replaced to a number of milliseconds -->
	<string name="f1_ms">%.1fms</string>
	<!-- %.0 is replaced to a number of milliseconds -->
	<string name="f0_ms">%.0fms</string>
	<!-- (Compressor) Attack time -->
	<string name="compr_attack">Ataque</string>
	<!-- (Compressor) Release time -->
	<string name="compr_release">Lançamento</string>
	<!-- (Compressor) Ratio -->
	<string name="compr_ratio">Proporção</string>
	<!-- (Compressor) Knee -->
	<string name="compr_knee">Joelho</string>
	<!-- (Compressor) Threshold -->
	<string name="compr_thr">Limite</string>
	<!-- (Compressor) Gain -->
	<string name="compr_gain">Ganho</string>
	<!-- (Compressor) Frequency -->
	<string name="compr_freq">Frequência</string>
	<!-- (Compressor) Expand Ratio -->
	<string name="compr_expand_ratio">Expandir proporção</string>
	<!-- (Compressor) Noise Gate -->
	<string name="compr_noise_gate">Compressor portão de ruído</string>
	<!-- (Compressor) Pre-gain -->
	<string name="compr_pregain">Pré-ganho</string>
	<string name="recently_rebooted">Reinicializado recentemente</string>
	<string name="recently_rebooted_msg">A equalização pode começar com um atraso de alguns minutos após a reinicialização devido à limitação do sistema operacional</string>
	<string name="pref_peq_enable">Habilitar processamento de áudio</string>
	<string name="pref_summary_peq_enable">Se desativado, nenhum áudio é processado</string>
	<string name="audio_processing_disabled">Processamento de áudio desativado</string>
	<string name="peq_enable_press_to_reenable"><![CDATA[<a href="settings/peq_equ#peq_enable"> Pressione aqui para reativar </a>]]></string>
	<!-- Icon -->
	<string name="black_equ">Equalizador preto</string>
	<!-- Icon -->
	<string name="white_equ">Equalizador branco</string>
	<string name="active_players">Players ativos</string>
	<string name="pref_about_peq">Sobre o Equalizador Poweramp</string>
	<string name="h_recognized_active_players">Reprodutores ativos reconhecidos</string>
	<string name="pref_advanced_player_tracking">Rastreamento de Reprodutor avançado</string>
	<string name="pref_summary_advanced_player_tracking">Permite a equalização em quase qualquer reprodutor, mas requer permissões adicionais</string>
	<!-- "DUMP" is probably shoud not be translated -->
	<string name="pref_dump_permission">Permissão DUMP</string>
	<!-- "DUMP", "ADB" - probably shoud not be translated, "shell" - means shell command console -->
	<string name="pref_dump_permission_hint">A permissão DUMP é usada para obter a lista de todas as sessões de reprodução de áudio. Isso pode ser ativado apenas por meio do comando ADB (ou shell) (clique aqui para copiar o comando de linha única):</string>
	<string name="pref_notification_listener_permission">Permissão de ouvinte de notificação</string>
	<string name="pref_notification_listener_permission_hint">A permissão do ouvinte de notificação é usada para rastrear reprodutores quando eles postam suas notificações e/ou mudam seu estado de reprodução/pausa</string>
	<string name="pref_notification_listener_permission_hint2">Poweramp Equalizer só acessa notificações do reprodutor de mídia</string>
	<string name="pref_enable_player_tracking">Ativar rastreamento de reprodutor</string>
	<string name="pref_requires_two_permissions">Duas permissões necessárias</string>
	<string name="pref_advanced_experimental_feature">Este é um recurso experimental avançado</string>
</resources>
