<?xml version="1.0" encoding="utf-8"?>
<resources>
    <string name="paid_welcome_line1">Obrigado pela sua compra!</string>
    <string name="please_install_poweramp">Por favor, instale o <b>Poweramp (Trial)</b> - este é o aplicativo principal.</string>
    <string name="install_trial_version_msg">O Full Version Unlocker é uma chave para o Poweramp (Trial). O Unlocker transforma o Poweramp na versão completa</string>
    <string name="unlocker_can_hide_icon">O Unlocker não precisa de um ícone no inicializador, você pode ocultá-lo</string>
    <string name="unlocker_remove_msg">Você pode desinstalar o Unlocker <b>2 dias</b> após a compra/instalação, se desejar</string>
    <string name="unlocker_free_reinstall_msg">Você sempre pode reinstalar o Unlocker do Play gratuitamente</string>
    <string name="install">Instalar Poweramp</string>
    <string name="hide_icon">Ocultar o ícone do Unlocker no inicializador</string>
    <string name="start_poweramp">Iniciar Poweramp</string>
    <string name="icon_hidden">O ícone pode permanecer até a reinicialização</string>
    <string name="icon_shown">O ícone pode não aparecer até a reinicialização</string>
</resources>
