<?xml version="1.0" encoding="utf-8"?>
<resources xmlns:tools="http://schemas.android.com/tools">
	<string name="peq_app_name">Еквалайзер Poweramp</string>
	<string name="pref_known_players">Відомі програвачі</string>
	<string name="pref_summary_known_players">Увімкнути/вимкнути еквалайзер для програвачів (застосунків, які відтворюють пісні)</string>
	<string name="pref_known_players_hint">Відтворити  у будь-якому  іншому програвачі , і (якщо це підтримується ) програма з’явиться тут</string>
	<string name="pref_known_players_hint2">Деякі виконавці можуть вимагати вибір нового треку або паузи та перезапуску, щоб розпочати вирівнювання</string>
	<string name="pref_known_players_hint3">Після перезавантаження вирівнювання може бути затримано на 1-2 хвилини. Дозвіл автозапуску еквалайзера Poweramp під час завантаження зменшує затримку</string>
	<string name="pref_known_players_hint4">Плеєр Poweramp можна увімкнути за допомогою опції MusicFX та відключивши DVC у програмі Poweramp</string>
	<string name="pref_enable_for_app">Увімкнути для застосунку</string>
	<string name="pref_last_time_seen">Востаннє переглянуто</string>
	<string name="pref_summary_eq_disable_dvc">Вимкнути головне керування гучності для цього пристрою</string>
	<string name="pref_summary_eq_opt_player_restart">Залежно від програвача, ця опція може набути чинності для наступного вибраного треку, перезапуску програвача тощо.</string>
	<string name="pref_summary_eq_player_fade">Програвач тимчасово зникає під час відтворення сесії, щоб уникнути звукових шумів спотворень</string>
	<string name="pref_summary_eq_player_fade_msg">Допомагає зменшити помилку програвача завдяки постійному відтворенню аудіосесій: при зміні треку, при пошуку тощо.</string>
	<string name="volume_and_tweaks">Обсяг і налаштування</string>
	<string name="pref_app_session_is_buggy_icon">Цей пристрій має очевидну помилку</string>
	<string name="pref_app_session_is_buggy">У цьому пристрої є очевидна помилка неправильного звіту Audio Session для еквалайзерів</string>
	<string name="pref_app_multiple_sessions_bug">Цей програвач має очевидну помилку створення декількох активних аудіо-сесій</string>
	<string name="enable_vis">Увімкнути візуалізацію</string>
	<string name="pref_test_build">Тестова збірка</string>
	<!-- I.e. playback audio session -->
	<!-- %.1 is replaced to a number of milliseconds -->
	<string name="f1_ms">%.1fмс</string>
	<!-- %.0 is replaced to a number of milliseconds -->
	<string name="f0_ms">%.0fмс</string>
	<!-- (Compressor) Attack time -->
	<!-- (Compressor) Release time -->
	<!-- (Compressor) Ratio -->
	<!-- (Compressor) Knee -->
	<!-- (Compressor) Threshold -->
	<!-- (Compressor) Gain -->
	<!-- (Compressor) Frequency -->
	<!-- (Compressor) Expand Ratio -->
	<!-- (Compressor) Noise Gate -->
	<!-- (Compressor) Pre-gain -->
	<!-- Icon -->
	<string name="black_equ">Чорний еквалайзер</string>
	<!-- Icon -->
	<string name="white_equ">Білий еквалайзер</string>
	<string name="active_players">Активні програвачі</string>
	<string name="h_recognized_active_players">Розпізнані активні програвачі</string>
	<!-- "DUMP" is probably shoud not be translated -->
	<!-- "DUMP", "ADB" - probably shoud not be translated, "shell" - means shell command console -->
</resources>
