<?xml version="1.0" encoding="utf-8"?>
<resources>
    <string name="paid_welcome_line1">Дякуємо за покупку!</string>
    <string name="please_install_poweramp">Встановіть <b>Poweramp (Trial)</b> — це основний застосунок</string>
    <string name="install_trial_version_msg">Full Version Unlocker — це ключ для Poweramp (Trial), який перетворює його на повну версію. Він не потребує піктограми, тому її можна сховати</string>
    <string name="unlocker_can_hide_icon">Unlocker не потребує піктограми, ви можете сховати її</string>
    <string name="unlocker_remove_msg">За бажанням, ви можете видалити Unlocker через <b>2 дні</b> після покупки/встановлення</string>
    <string name="unlocker_free_reinstall_msg">Ви завжди можете безкоштовно перевстановити Unlocker з Google Play</string>
    <string name="install">Встановити Poweramp</string>
    <string name="hide_icon">Сховати значок Unlocker з панелі запуску</string>
    <string name="start_poweramp">Запуск Poweramp</string>
    <string name="icon_hidden">Піктограма може залишатися до перезавантаження</string>
    <string name="icon_shown">Піктограма може не відображатися, до перезавантаження</string>
</resources>
