<?xml version="1.0" encoding="utf-8"?>
<resources xmlns:tools="http://schemas.android.com/tools">
	<string name="peq_app_name">Еквалайзер на Poweramp</string>
	<string name="pref_last_time_seen">За последно видяно</string>
	<string name="enable_vis">Включване на визуализация</string>
	<string name="pref_notification_type_micro">Микро</string>
	<string name="pref_summary_notification_type_micro">Известия, заемащи възможно най-малко място</string>
	<string name="pref_notification_type_standard">Обичайно</string>
	<string name="pref_summary_notification_type_standard">Обичайна големина на известие</string>
	<!-- I.e. playback audio session -->
	<!-- %.1 is replaced to a number of milliseconds -->
	<!-- %.0 is replaced to a number of milliseconds -->
	<!-- (Compressor) Attack time -->
	<!-- (Compressor) Release time -->
	<!-- (Compressor) Ratio -->
	<!-- (Compressor) Knee -->
	<!-- (Compressor) Threshold -->
	<!-- (Compressor) Gain -->
	<!-- (Compressor) Frequency -->
	<!-- (Compressor) Expand Ratio -->
	<!-- (Compressor) Noise Gate -->
	<!-- (Compressor) Pre-gain -->
	<!-- Icon -->
	<!-- Icon -->
	<!-- "DUMP" is probably shoud not be translated -->
	<!-- "DUMP", "ADB" - probably shoud not be translated, "shell" - means shell command console -->
</resources>
