<?xml version="1.0" encoding="utf-8"?>
<resources>
    <string name="paid_welcome_line1">Благодарим Ви за вашата покупка!</string>
    <string name="please_install_poweramp">Моля, инсталирайте <b>Poweramp (Trial)</b> - то е главното приложение.</string>
    <string name="install_trial_version_msg">\"Ключът\" е приставка за Poweramp (пробен период), която го преобразува в пълната му версия</string>
    <string name="unlocker_can_hide_icon">\"Ключът\" не се нуждае от икона за стартиране, може да я скриете</string>
    <string name="unlocker_remove_msg">Може да премахнете \"Ключът\" <b>2 дена</b> след плащането/инсталирането му ако желаете</string>
    <string name="unlocker_free_reinstall_msg">Вие можете да инсталирате \"Ключът\" отново от магазина безплатно</string>
    <string name="install">Инсталирай Poweramp</string>
    <string name="hide_icon">Скриване иконата на \"Ключът\"</string>
    <string name="start_poweramp">Стартиране на Poweramp</string>
    <string name="icon_hidden">Иконата може да остане до рестартиране</string>
    <string name="icon_shown">Иконата може да не се появи до рестартиране</string>
</resources>
