<?xml version="1.0" encoding="utf-8"?>
<resources xmlns:tools="http://schemas.android.com/tools">
	<string name="searchable_label">Търсене на песни, изпълнители, албуми, плейлисти</string>
	<string name="about_poweramp_changelog">Списък с промени</string>
	<string name="unknown">Неизвестен</string>
	<string name="unknown_artist_name">Неизвестен изпълнител</string>
	<string name="unknown_album_name">Неизвестен албум</string>
	<string name="unknown_genre_name">Неизвестен жанр</string>
	<string name="unknown_year_name">Неизвестна година</string>
	<string name="unknown_composer_name">Неизвестен композитор</string>
	<string name="library">Библиотека</string>
	<string name="all_songs">Всички песни</string>
	<string name="folders">Папки</string>
	<string name="folders_hier">Йерархия на страници</string>
	<string name="song">Песен</string>
	<string name="songs">Песни</string>
	<string name="album">Албум</string>
	<string name="albums">Албуми</string>
	<string name="artist">Изпълнител</string>
	<string name="album_artist">Изпълнител на албум</string>
	<string name="album_artists">Изпълнители на албуми</string>
	<string name="artists">Изпълнители</string>
	<string name="composer">Композитор</string>
	<string name="composers">Композитори</string>
	<string name="genre">Жанр</string>
	<string name="genres">Жанрове</string>
	<string name="queue">Опашка</string>
	<string name="folder">Папка</string>
	<string name="playlist">Плейлист</string>
	<string name="playlists">Плейлисти</string>
	<string name="most_played">Най-слушани</string>
	<string name="top_rated">Високо оценени</string>
	<string name="low_rated">Ниска оценка</string>
	<string name="recently_played">Наскоро слушани</string>
	<string name="recently_added">Наскоро добавени</string>
	<string name="long_files">Дълго</string>
	<string name="streams">Потоци</string>
	<string name="files">Файлове</string>
	<string name="year">Година</string>
	<string name="years">Години</string>
	<!-- No more than ~9 chars, can be abbreviated. Used in the main track menu -->
	<string name="artist_short">Изпъл.</string>
	<!-- No more than ~9 chars, can be abbreviated. Used in the main track menu -->
	<string name="album_short">Албум</string>
	<!-- No more than ~9 chars, can be abbreviated. Used in the main track menu -->
	<string name="folder_short">Папка</string>
	<!-- No more than ~9 chars, can be abbreviated. Used in the main track menu -->
	<string name="genre_short">Жанр</string>
	<!-- No more than ~9 chars, can be abbreviated. Used in the main track menu -->
	<string name="lyrics_short">Текстове</string>
	<!-- No more than ~9 chars, can be abbreviated. Used in the main track menu -->
	<string name="album_art_short">Обложка</string>
	<!-- No more than ~9 chars, can be abbreviated. Used in the main track menu -->
	<string name="info_short">Инфо/Таг.</string>
	<string name="artist_albums">Албуми на този изпълнител</string>
	<string name="artist_album">Албум на изпълнител</string>
	<string name="composer_albums">Албуми на този композитор</string>
	<string name="composer_album">Албум по композитора</string>
	<string name="albums_by_artist">Албуми по изпълнител</string>
	<string name="album_by_artist">Албум по изпълнител</string>
	<string name="genre_albums">Албуми от жанр</string>
	<string name="genre_album">Албум от жанр</string>
	<string name="year_albums">Албуми по година</string>
	<string name="year_album">Албум по година</string>
	<string name="all_artist_songs">Всички песни на този изпълнител</string>
	<string name="all_album_artist_songs">Песни от всички изпъкнители</string>
	<string name="all_genre_songs">Всички песни от жанра</string>
	<string name="all_composer_songs">Всички песни на композитора</string>
	<string name="all_year_songs">Песни от всички години</string>
	<string name="album_songs">Песни от албума</string>
	<string name="artist_album_songs">Песни от албум на изпълнител</string>
	<string name="composer_album_songs">Песни от албум на композитор</string>
	<string name="genre_album_songs">Песни от албум от жанра</string>
	<string name="year_album_songs">Песни от година</string>
	<string name="folder_songs">Песни от папка</string>
	<string name="playlist_songs">Песни от списък</string>
	<string name="summary_album_artists">Категория според албума на изпълнител</string>
	<string name="summary_albums_by_artists">Категория албум в кобинация Изпълнител / Албум</string>
	<string name="cant_continue_due_to_scan">"Изпълнява се сканиране на библиотеката, не мога да продължа операцията"</string>
	<string name="initializing">Инициализиране...</string>
	<string name="scanning_folders">Сканиране на папки...</string>
	<string name="add_to_playlist">Добавяне към списък</string>
	<string name="add">Добавяне</string>
	<string name="info">Инфо/Тагове</string>
	<string name="delete">Изтриване</string>
	<string name="settings">Настройки</string>
	<string name="play">Изпълнение</string>
	<string name="delete_dups">Изтриване повт</string>
	<string name="list_opts">Опции за списък</string>
	<!-- (To) Shuffle - verb -->
	<string name="shuffle">Разбъркване</string>
	<!-- (A) Shuffle - noun -->
	<string name="sort">Сортиране</string>
	<string name="resort">Пресортиране</string>
	<string name="clear_q">Изчисти опашката</string>
	<string name="clear_q_short">Изчисти опашката</string>
	<string name="clear">Изчисти</string>
	<string name="assign">Присвояване</string>
	<string name="rename">Преименуване</string>
	<string name="limit">Граница</string>
	<string name="preamp">Предусилв.</string>
	<string name="volume">Сила на звука</string>
	<string name="bass_tone">Бас</string>
	<string name="treble">Вис. честоти</string>
	<string name="balance">Баланс</string>
	<string name="balance_L">Л</string>
	<string name="balance_R">Д</string>
	<string name="repeat_on">Повторение на списъка</string>
	<string name="repeat_none">Повторение изключено</string>
	<string name="repeat_song">Повторение песен</string>
	<string name="repeat_advance">Към следващия списък</string>
	<string name="repeat_one_song">Повтаряне на песента</string>
	<string name="single_song">Една песен</string>
	<string name="stop_on_last_song">Спиране на последната песен в списък</string>
	<string name="jump_to_next_list">Скок на следващ списък</string>
	<string name="jump_to_first_song">Скок на първата песен в списък</string>
	<string name="play_single_song_and_pause">Пускане на една песен и пауза</string>
	<string name="shuffle_all">Разбъркване всички</string>
	<string name="shuffle_none">Разбъркване Изкл</string>
	<string name="shuffle_songs">Разбъркване песни</string>
	<string name="shuffle_cats">Разбъркано категории</string>
	<string name="shuffle_songs_and_cats">Разбъркано песни/категории</string>
	<string name="shuffle_all_long">Разбъркване всички налични песни</string>
	<string name="shuffle_none_long">Разбъркване Изкл</string>
	<string name="shuffle_songs_long">Разбъркване песни</string>
	<string name="shuffle_cats_long">Разбъркано само категории</string>
	<string name="shuffle_songs_and_cats_long">Разбъркано песни и категории</string>
	<string name="shuffle_hier_songs_long">Разбъркано песни (в йерархията)</string>
	<string name="long_press_for_more_options">Натиснете продължително за повече опции</string>
	<string name="long_press_item_for_selection">Дълго натиснете за менюто за избор</string>
	<string name="long_press_item_for_multiselect">Дълго натиснете, за да изберете няколко елемента</string>
	<!-- Short label, ~3-5 chars -->
	<string name="tone">Тон</string>
	<!-- "Tone" should be a short label, ~3-5 chars -->
	<string name="tone_off">Тон изкл.</string>
	<!-- Short label, ~3-5 chars -->
	<string name="equ">Екв.</string>
	<!-- "Equ" should be a ahort label, ~3-5 chars -->
	<string name="equ_off">Екв. изкл.</string>
	<string name="sort_s">Сортиране отново %s</string>
	<string name="shuffle_random_sort">Разбъркване (случайно сортиране)</string>
	<string name="by_title">По заглавие</string>
	<string name="by_track">По # на песен</string>
	<string name="by_disc_and_track">По номер на диск и песен</string>
	<string name="by_album">По албум</string>
	<string name="by_artist">По изпълнител</string>
	<string name="by_album_artist">По албум/артист</string>
	<string name="by_filename">По име на файл</string>
	<string name="by_artist_album">По изпълнител/албум</string>
	<string name="by_date_added_modified">По дата на добавяне/модифициране</string>
	<string name="by_date_added_to_lib">По дата на добавяне в библиотеката</string>
	<string name="by_rating">По оценка</string>
	<string name="by_duration">По времетраене</string>
	<string name="by_name">По име</string>
	<string name="by_path">По път</string>
	<string name="by_path_cs">По директория</string>
	<string name="by_year">По година</string>
	<string name="by_played_at">По време на последно слушано</string>
	<string name="by_shuffle">По разбъркан ред</string>
	<string name="by_play_count">По номер на слушания</string>
	<string name="by_num_tracks">По номер на песен</string>
	<string name="by_url">По URL</string>
	<string name="fs_date_time">Файлова система дата/час</string>
	<string name="list_opts_s">Опции за списък: %s</string>
	<string name="view_as">Преглед като</string>
	<string name="list">Списък</string>
	<string name="grid">Мрежа</string>
	<string name="list_small">Списък - малък</string>
	<string name="grid_small">Решетка - малка</string>
	<string name="grid_extra_small">Решетка - много малка</string>
	<string name="list_compact">Списък - компактен</string>
	<string name="list_no_aa">Списък - без изображения</string>
	<string name="list_1_no_aa">1 ред</string>
	<string name="list_1_no_aa_extra_small">1 ред много малък</string>
	<string name="reverse">Обратно</string>
	<string name="cancel">Отказ</string>
	<string name="deleting">Изтриване...</string>
	<string name="delete_song_q">Изтрий песента?</string>
	<string name="delete_songs_q">Изтриване на песните?</string>
	<string name="delete_entry_q">Изтрий записа?</string>
	<string name="delete_entries_q">Изтрий записите?</string>
	<!-- NOTE: update the plurals as well, as those are used in plurals in strings-data.xml -->
	<string name="no_enough_tags">Няма достатъчно етикети в тази песен</string>
	<string name="no_album_art">Няма обложка на албум</string>
	<string name="delete_duplicates_q">Изтриване на дубликати?</string>
	<string name="duplicates_will_be_deleted_from_playlist">Дубликатите ще бъдат изтрити от списъка. Самите файлове няма да бъдат изтрити от SD картата</string>
	<plurals name="songs_d">
		<item quantity="one">%d песен</item>
		<item quantity="other">%d песни</item>
	</plurals>
	<string name="sec">сек</string>
	<string name="d_ms">%dмс</string>
	<!-- %1$.0f is format (don't translate), "s" is seconds -->
	<string name="f_sec">%1$.0fс</string>
	<!-- %1$.0f is format (don't translate), "mb" is megabytes -->
	<string name="f1_mb">%1$.1fмб</string>
	<string name="data_not_available">Няма налични данни</string>
	<string name="_empty">празно</string>
	<string name="failed_to_play_file">Неуспешно изпълнение на файл!</string>
	<string name="failed_bad_directory">Папката липсва/не се чете. Повторно сканиране?</string>
	<string name="too_many_failed">Твърде много неуспешни файлове</string>
	<string name="failed_to_play">Неуспешно изпълнение</string>
	<string name="no_files_in_the_db">Няма налични файлове и избрания списък</string>
	<string name="end_reached">Списъкът свърши</string>
	<string name="start_reached">Начало на списъка</string>
	<string name="shuffle_history_start_reached">Начало на разбъркан списък</string>
	<string name="bit">бит</string>
	<string name="khz">kHz</string>
	<string name="hz">Hz</string>
	<string name="kbps">kbps</string>
	<string name="kb">kb</string>
	<string name="f0_hz">%.0fHz</string>
	<string name="f1_khz">%.1fkHz</string>
	<string name="bass">Бас</string>
	<string name="bass_extreme">Bass Extreme</string>
	<string name="bass_treble">Bass &amp; Treble</string>
	<string name="classical">Класика</string>
	<string name="dance">Танц</string>
	<string name="rock">Рок</string>
	<string name="techno">Техно</string>
	<string name="phone_speaker">Говорител (силно)</string>
	<string name="flat">Flat</string>
	<string name="live">На живо</string>
	<string name="pop">Поп</string>
	<string name="soft">Soft</string>
	<string name="soft_bass">Мек бас</string>
	<string name="soft_treble">Soft Treble</string>
	<string name="middle">Средни честоти</string>
	<string name="OK">Да</string>
	<string name="close">Затваряне</string>
	<string name="get_support">Поддръжка</string>
	<string name="site">Уебсайт</string>
	<string name="pref_from_google_play">Google Play</string>
	<!-- Never translate "@string/" - it's a reference to other translated text and if translated, it crashes app -->
	<!-- Sync with public-strings.xml -->
	<string name="l_failed">Неуспешно потвърждаване на лиценза</string>
	<string name="l_pending_call">Изчаква се проверка на лиценза</string>
	<string name="started_queue">Стартирана опашка</string>
	<string name="exit_queue">Излизане от опашка</string>
	<string name="d_min">%d мин</string>
	<string name="reset">Нулиране</string>
	<string name="sleep_timer">Таймер заспиване</string>
	<string name="built_in">Вграден</string>
	<string name="no_lyrics">"В песента не е намерен етикет за текст"</string>
	<string name="pref_press_here_for_details">Натиснете тук за детайли</string>
	<string name="pref_look_and_feel">Изглед и усещане</string>
	<string name="pref_skin">Тема</string>
	<string name="pref_buy">Купете Poweramp</string>
	<string name="pref_folders_selection">Избор на папки</string>
	<string name="pref_rescan_folders">Повторно сканиране</string>
	<string name="pref_erase_and_rescan">Пълно повторно сканиране</string>
	<string name="pref_playlist_item_action">Щракване на елемент от списък</string>
	<string name="pref_summary_playlist_item_action_s">Избор какво да прави списъкът, след като се щракне върху елемент от него: %s</string>
	<string name="pref_summary_queue">Опции за опашка</string>
	<string name="pref_lists">Списъци</string>
	<string name="pref_library">Библиотека</string>
	<string name="pref_folders_library_scanner">Скенер</string>
	<string name="pref_summary_folders_library_scanner">Опции за Poweramp папки и скенер на библиотека</string>
	<string name="pref_select_folders">Папки с музика</string>
	<string name="pref_advanced">Разширени</string>
	<string name="pref_show_cue_source">Показва CUE файл с дисков образ</string>
	<string name="pref_process_cues">Разбор CUE файлове</string>
	<string name="pref_summary_process_cues">Създават се виртуални папки за CUE файлове с множество записи</string>
	<string name="pref_auto_scan">Автоматично сканиране</string>
	<string name="pref_summary_auto_scan">Включва автоматично сканиране на SD картата. Ако е изключено, е възможно само ръчно сканиране</string>
	<string name="pref_initial_scan">Начално сканиране</string>
	<string name="pref_summary_initial_scan">Бързо сканиране, когато Poweramp е стартиран за първи път</string>
	<string name="pref_playlists_import_export">Внасяне/Изнасяне на Плейлисти</string>
	<string name="pref_playlists_import">Внасяне плейлисти системна Библиотека</string>
	<string name="pref_playlists_export">Изнасяне Poweramp плейлисти</string>
	<string name="pref_playlists_import_msg">"Poweramp ще внесе плейлисти от системната Библиотека. Съществуващите Poweramp плейлисти ще бъдат презаписани"</string>
	<string name="pref_import">Внасяне</string>
	<string name="pref_export">Изнасяне</string>
	<string name="pref_exporting_playlists_progress">Изнасяне на плейлисти, моля изчакайте</string>
	<string name="pref_playlists_exported_d">Изнесени плейлисти: %d</string>
	<!-- As in "Playlist (Imported 05.05.2020 12:25) -->
	<string name="imported_prefix">Импортирано</string>
	<string name="pref_about">Относно</string>
	<string name="pref_other">Други</string>
	<string name="pref_pl_no_dups">"Не добавяй дубликати"</string>
	<string name="pref_summary_pl_no_dups">"Дублиращи се файлове няма да бъдат добавяни към плейлист"</string>
	<string name="pref_version">Версия / Промени</string>
	<string name="pref_about_poweramp">Относно Poweramp</string>
	<string name="pref_misc">Разни</string>
	<string name="pref_tag_endcoding">Кодировка на етикета</string>
	<string name="pref_orientation">Ориентация на екрана</string>
	<string name="pref_player_ui">Интерфейс на плейъра</string>
	<string name="pref_headset_connection">Свързване</string>
	<string name="pref_headset_buttons">Бутони</string>
	<string name="pref_headset_bt">Слушалки / Bluetooth</string>
	<string name="pref_enable_headset_controls">Реагира на бутони</string>
	<string name="pref_summary_enable_headset_controls">Разреши контрол за Слушалки/Bluetooth</string>
	<string name="pref_resume_on_headset">Продължава при слушалки с кабел</string>
	<string name="pref_resume_on_bt">Продължава при Bluetooth</string>
	<string name="pref_warning_resumt_on_bt">Bluetooth устройство може да изисква няколко секунди за да свърже с телефона. Poweramp ще възобнови възпроизвеждането, когато Bluetooth устройството е напълно свързано</string>
	<string name="pref_pause_on_headset">Пауза при изключване</string>
	<string name="pref_headset_beep">Звуков сигнал</string>
	<string name="pref_controls_single">Единично натискане (бързо)</string>
	<string name="pref_visit_site">Посетете уебсайта</string>
	<string name="pref_send_errors">Изпращане на грешки на разработчика</string>
	<string name="pref_download_album_art">Изтегляне на обложки</string>
	<string name="pref_summary_download_album_art">Автоматично търсене и изтегляне на липсващи обложки за албуми</string>
	<string name="pref_download_album_art_warning">Poweramp ще опита да търси за липсващи обложки, използвайки етикетите от песните. Поради неточната логика на търсене могат да бъдат намерени грешни обложки за албумите</string>
	<string name="pref_album_art_options">Обложка на албум</string>
	<string name="pref_download_if_no_tags">Също търси по Заглавие/Име на файл</string>
	<string name="pref_summary_download_if_no_tags">Търсене на обложка за албум дори и да не са намерени етикети в записа</string>
	<string name="pref_prefer_download">Предпочита се изтеглена обложка</string>
	<string name="pref_aa_wifi_only">Изтегляне само при Wi-Fi</string>
	<string name="pref_summary_aa_wifi_only">Обложките за албуми ще бъдат изтегляни само когато е свързана wi-fi мрежа</string>
	<string name="pref_animate_album_art">Анимация на обложки</string>
	<string name="pref_summary_clear_aa_cache">Кешът на изображенияta ще бъде изтрит</string>
	<string name="pref_summary_enable_lock_screen">Poweramp се показва отгоре на заключен  екрана на системата, ако се възпроизвежда музика. Настройки, изтриване, етикет за редактиране и др. задействат заключване на екрана</string>
	<string name="pref_lock_screen">Екран за заключване</string>
	<string name="pref_scrobbling">Онлайн статистика какво слушам</string>
	<string name="pref_scrobble_via_last_fm">Scrobble чрез официалното Last.fm приложение</string>
	<string name="pref_summary_scrobble_via_last_fm">Scrobble чрез приложението на Last.fm</string>
	<string name="pref_scrobble_via_simple_last_fm">Scrobble чрез Simple Last.fm</string>
	<string name="pref_summary_scrobble_via_simple_last_fm">Scrobble към Last.fm/Libre.fm чрез Simple Last.fm</string>
	<string name="pref_notifications">Известия</string>
	<string name="pref_keep_screen_on">Запазва екрана включен</string>
	<string name="pref_summary_keep_screen_on">Екранът на телефона е винаги включен, докато Poweramp е активен</string>
	<string name="pref_prev_previous_resets">&lt;&lt; бутон връща текущата песен</string>
	<string name="pref_keep_service">Запази услугата</string>
	<string name="pref_summary_keep_service">Услугата на Poweramp няма да бъде спряна, когато приложението е неактивно</string>
	<!-- "Automatic" -->
	<string name="pref_auto">Автоматично</string>
	<string name="pref_audio_focus">Аудио фокус</string>
	<string name="pref_pause_on_permanent">Постоянна промяна на аудио фокус</string>
	<string name="pref_summary_pause_on_permanent">Пауза при постоянна промяна на аудио фокус (друг плейър/игра/и др.)</string>
	<string name="pref_resume_after_call">Подновяване след повикване</string>
	<string name="pref_summary_resume_after_call">Възстановява възпроизвеждането след прекратяване на обаждането (ако е спряно от повикване)</string>
	<string name="pref_audio_engine">Звук</string>
	<string name="pref_auto_advance_fading">Затихване при авто преход</string>
	<string name="pref_summary_auto_advance_fading">Когато песента е сменена автоматично към следващата, се прилага: %s</string>
	<string name="pref_crossfade">Припокриване</string>
	<string name="pref_manual_advance_fading">Ръчна промяна на запис</string>
	<string name="pref_fade_play_pause">Затихване при изпълнение/пауза/стоп</string>
	<string name="pref_fade_seek">Затихване при търсене</string>
	<string name="pref_no_fading">Без затихване</string>
	<string name="pref_xfade_non_gapless">Припокриване за не-без пауза/не-cue песни</string>
	<string name="pref_xfade_all">Припокриване на всички песни</string>
	<string name="pref_crossfade_length">Дължина на припокриване</string>
	<string name="pref_replay_gain">Регулиране на звука (РЗ)</string>
	<string name="pref_summary_replay_gain">Включване на РЗ, задаване на източник, стойности на предусилвател</string>
	<string name="pref_replay_gain_type">Регулиране на звука</string>
	<string name="pref_rg_type_none">Без прилагане</string>
	<string name="pref_rg_type_apply">Прилага усилване</string>
	<string name="pref_rg_type_apply_peak">Прилага усилване/предотвратява претоварване според пика</string>
	<string name="pref_replay_gain_source">Източник</string>
	<string name="pref_rg_source_album">Албум</string>
	<string name="pref_rg_source_track">Запис</string>
	<string name="pref_rg_default_gain">Предусилвател за песни без инфо за РЗ</string>
	<string name="pref_rg_preamp">РЗ предусилвател</string>
	<!-- Should be named f1_db -->
	<string name="d_db">%.1fdB</string>
	<string name="pref_auto_find">Автоматично откриване на папки с музика</string>
	<string name="pref_summary_auto_find">Използвайте тази опция за автоматично намиране на папките с музика</string>
	<string name="sensor">По подразбиране</string>
	<string name="vertical">Портрет (вертикално)</string>
	<string name="horizontal">Пейзаж (хоризонтално)</string>
	<string name="play_and_go_to_main_ui">Изпълнение и отиване в плейъра</string>
	<string name="play_and_stay_in_list">Изпълнение и оставане в списъка</string>
	<string name="enqueue_and_stay">Добавяне към опашка и оставане в списъка</string>
	<string name="no_folders_selected_message">ВНИМАНИЕ! Не са избрани папки. Папките с музика не са променени.</string>
	<string name="select">Избор</string>
	<string name="add_new_short">Добави нов</string>
	<string name="add_new_preset">Добавяне на запазена настройка</string>
	<string name="preset">EQ настройки</string>
	<string name="unassign">Освобождаване</string>
	<string name="assign_preset">Асоцииране на шаблон с настройки на екв.</string>
	<string name="speaker">Говорител</string>
	<string name="wired_headset">Слушалки с кабел</string>
	<string name="bluetooth_headset">Bluetooth</string>
	<string name="mono">Моно</string>
	<string name="stereo">Стерео</string>
	<string name="d_channels" tools:ignore="PluralsCandidate">%d канала</string>
	<string name="save">Запис</string>
	<string name="save_preset">Запис на предефинирането</string>
	<string name="edit_tags">Редакция на етикети</string>
	<string name="search">Търсене</string>
	<string name="comment">Коментар</string>
	<string name="track">Запис</string>
	<string name="lyrics">Текстове</string>
	<!-- Meaning "track disc" tag, used together with "track number" tag -->
	<string name="disc">Диск</string>
	<string name="filter">Филтър</string>
	<string name="album_art">Обложка на албум</string>
	<string name="no_embed_album_art">Няма закрепена обложка</string>
	<string name="embed_album_art_d" tools:ignore="PluralsCandidate">Закрепена обложка (%d bytes)</string>
	<string name="embed_album_art">Вградена обложка</string>
	<string name="in_folder_image">Изображение в папка</string>
	<string name="pick_image">Избор от SD карта</string>
	<string name="poweramp_expired">Изтичане на Пробния Период на Poweramp</string>
	<string name="poweramp_cant_verify">Не може да се потвърди лиценза на Poweramp</string>
	<!-- NOTE: required, used in code -->
	<string name="trial_expired">Демо версията приключи</string>
	<string name="time_limited_trial">Времево ограничена пробна версия</string>
	<string name="full_version">Пълна версия</string>
	<string name="loading">Зареждане...</string>
	<string name="send">Изпращане</string>
	<string name="never">Никога</string>
	<string name="not_now">Не сега</string>
	<string name="deleting_cache">Изтриване на кеша...</string>
	<string name="select_folders">Избор на папки</string>
	<string name="changelog">Списък с промени</string>
	<string name="welcome_title">Добре дошли в Poweramp</string>
	<string name="welcome_line1">Благодаря, че инсталирахте Poweramp (%s)!</string>
	<string name="paid_update_line1">Благодаря, че инсталирахте обновяване за Poweramp (%s)!</string>
	<string name="welcome_msg">"Забележка: това е пробна версия, която ще изтече след две седмици. Може да купите Пълната версия чрез менюто с настройки на Poweramp."</string>
	<string name="auto_find">Автоматично намиране</string>
	<string name="music_folders_found_d">Намерени допълнителни папки с музика: %d</string>
	<string name="also_import_system_library_playlists">Също внеси липсващи плейлисти от системната библиотека</string>
	<string name="paid_welcome_title">Пълна версия на Poweramp</string>
	<string name="paid_welcome_line1">Благодаря, че закупихте пълната версия на Poweramp!</string>
	<string name="pref_translations">Преводи</string>
	<string name="pref_enable_ics_ls_aa">Обложка на албум</string>
	<string name="pref_ics_ls">Екран за заключване на Android</string>
	<string name="pref_poweramp_ls">Екран за заключване на Poweramp</string>
	<string name="setup_permissions">Настройване на позволенията</string>
	<string name="pref_tweaks">Допълнителни настройки</string>
	<string name="pref_use_wakelocks">Използва Wakelock</string>
	<string name="pref_summary_use_wakelocks">Отметнете това, ако звукът спира, когато екранът е изключен</string>
	<string name="pref_poweramp_settings">Настройки на Poweramp</string>
	<string name="pref_peq_settings">Настройки на еквалайзера на Poweramp</string>
	<string name="pref_open_source_licenses">Лицензи с отворен код</string>
	<string name="next_track_list_reshuffle">Преразбъркване на списък</string>
	<!-- For example: "Next Album" -->
	<string name="next_cat_s">Следващ %s</string>
	<string name="leave_queue">Излизане от опашка</string>
	<!-- Translate only "WARNING: Some storage(s) unmounted" phrase -->
	<string name="pref_scan_post_usb_mount">USB изключване/монтиране на SD карта</string>
	<string name="pref_summary_scan_post_usb_mount">Poweramp ще сканира при изключване на USBи/или монтиране на SD карта</string>
	<string name="pref_scan_post_system">Системен медия скенер/MTP</string>
	<string name="scanning_library">Сканиране на библиотека...</string>
	<string name="pref_language">Език</string>
	<string name="pref_status_lib">Навигация към списък</string>
	<string name="pref_summary_status_lib">Докосване на известието навигира до текущия списък</string>
	<string name="pref_send_metachanged">Metachanged Intent</string>
	<string name="pref_summary_send_metachanged">За външни приложения</string>
	<string name="disabled">Деактивирано</string>
	<!-- E.g. failed to load Poweramp -->
	<string name="failed_to_load">Неуспешно зареждане</string>
	<!-- E.g. Sorry, but Poweramp has failed... %1$==Poweramp -->
	<string name="disable">Изключване</string>
	<string name="ignore">Игнорирай</string>
	<string name="pref_summary_platform_fx">Показва бутона за MusicFX (системните аудио-ефекти на Android) в екрана за Тон/Сила на звука</string>
	<string name="pref_ls_enable_land">Пейзажно оформление</string>
	<string name="pref_summary_ls_enable_land">Включва завъртане към пейзажно оформление</string>
	<string name="poweramp_will_restart">Приложението сега ще се рестартира</string>
	<string name="pref_aa_8888">Използва 24-bit RGB</string>
	<string name="pref_summary_aa_8888">По висока резолюция на цвета за обложките. Изисква 2 пъти повече памет за снимките. Може да изисква повторно изтегляне на обложките</string>
	<string name="pref_translators">Преводачи</string>
	<string name="pref_notify_prio">Приоритет на известие</string>
	<string name="pref_summary_notify_prio">Определя позицията на известие от Poweramp</string>
	<string name="minimum_short">Минимално</string>
	<string name="maximum_short">Максимално</string>
	<string name="high">Високо</string>
	<string name="low">Ниско</string>
	<string name="update_required_excl">Изисква се актуализация!</string>
	<string name="pref_other_purchasing_methods">Други методи на закупуване</string>
	<string name="pref_all_purchasing_methods">Всички методи на закупуване</string>
	<string name="pref_license_verified">Покупката е проверена</string>
	<string name="pref_license_verified_cached">Покупка проверена и съхранена</string>
	<string name="license_permanently_stored">Лицензът се съхранява на устройството. Не са необходими онлайн проверки</string>
	<string name="purchase_failed">Покупката не бе успешна</string>
	<string name="failed_restore_purchase">Възстановяването на плащането не бе успешно</string>
	<string name="no_purchase_found">Няма намерена предишна покупка</string>
	<string name="pref_purchase_faq">Ч.З.В. за покупки</string>
	<string name="pref_store_s">Магазин: %s</string>
	<string name="l_pending_iap">Проверка на покупките от приложението</string>
	<string name="l_pending_iap_msg">Poweramp проверява покупките от приложението. Ако по-рано сте закупили Poweramp чрез покупка от приложението, това ще възстанови статуса на пълната версия</string>
	<string name="pref_already_purchased_q">Вече сте закупили?</string>
	<string name="pref_already_purchased_on_play_msg">Може да преинсталирате Unlocker-а по всяко време безплатно, стига да използвате Google профила, с който сте го закупили.\n\nАко имате няколко Google профила на устройството, моля убедете се, че е избран правилният в Play приложението</string>
	<string name="pref_restore_purchase">Възстановяване на покупка</string>
	<string name="iap_err_validate_failed">Неуспешно потвърждение на покупката</string>
	<string name="pref_title_filename">Има на файла като заглавие</string>
	<string name="pref_aa_mobile_agent">Мобилен User-Agent</string>
	<string name="pref_summary_aa_mobile_agent">Използвайте мобилен user-agent при търсене чрез мобилна връзка</string>
	<string name="pref_poweramp_forum">Форум</string>
	<string name="pref_google_account_or_email">Google акаунт или Имейл</string>
	<string name="pref_purchase_order_id">ID на поръчка</string>
	<string name="pref_restore_non_play">Моля, изтеглете и инсталирайте не-Play версията на Poweramp чрез страницата на приложението, ако искате да възстановите не-Play покупка</string>
	<string name="error_excl">Грешка!</string>
	<string name="file_is_readonly_msg">Файлът не може да бъде редактиран - файлът е само за четене или няма разрешение за писане</string>
	<string name="pref_aa_download_hd">Висока резолюция</string>
	<string name="pref_summary_aa_download_hd">Изтеглените обложки с по-висока резолюция увеличават използването на памет/мрежов трафик</string>
	<string name="pref_aa_download_hd_warning">Моля, имайте предвид, че при използването на тази опция могат да бъдат намерени и малък брой други обложки.\n\nВключването и може да изисква повторно изтегляне на обложките</string>
	<string name="pref_hide_unknown_album">Сриване на непознат албум</string>
	<string name="pref_aa_downloading">Изтегляне</string>
	<string name="pref_resume_on_start">Подновяване при пускане</string>
	<string name="pref_summary_resume_on_start">Подновява възпроизвеждането, когато се стартира Poweramp</string>
	<string name="pref_settings_import">Внасяне на настройки</string>
	<string name="pref_settings_export">Изнасяне на настройки</string>
	<string name="saved_s">Запазено: %s</string>
	<string name="pref_aa_bg_options">Фон</string>
	<string name="pref_aa_blur_less">По-малко</string>
	<string name="pref_aa_blur_more">Повече</string>
	<string name="pref_aa_blur_intensity">Наситеност на фона</string>
	<string name="pref_aa_blur_scale_more">Подробен</string>
	<string name="pref_ignore_short_tracks">Игнориране на кратки записи (известия и др.)</string>
	<string name="pref_ignore_tracks_with_duration">Игнориране на записи с времетраене по-малко от (сек)</string>
	<string name="pref_duration_below_s">По-малко от (сек): %s</string>
	<string name="pref_dont_ignore">Без игнориране - всичко</string>
	<string name="grant_write_access">Предоставяне на достъп</string>
	<string name="skin_failed_s">Този скин не можа да се зареди: %s,връщане към скина по подразбиране</string>
	<string name="pref_advanced_tweaks">Разширени настройки</string>
	<string name="pref_restore_defaults">Възстанови първоначалните настройки</string>
	<string name="pref_no_plugins_found">Не са намерени приставки</string>
	<string name="pref_get_plugins">Вземи приставки</string>
	<string name="pa_plugin_author">Екип на Poweramp</string>
	<string name="buy">Купуване</string>
	<string name="visualization">Визуализация</string>
	<string name="pref_vis_gles3">Разреши OpenGL ES 3</string>
	<string name="pref_buffer_size">Големина на буфера</string>
	<string name="pref_summary_buffer_size">Променете, ако звукът прескача</string>
	<string name="pref_not_supported">Не се поддържа</string>
	<string name="vis_preset_dir">Папка</string>
	<string name="key_colon_value_s_s">%1$s: %2$s</string>
	<string name="scanning">Сканира се...</string>
	<string name="lock">Заключено</string>
	<string name="by_type">По тип</string>
	<string name="by_author">По изпълнител</string>
	<string name="by_source">По източник</string>
	<string name="apply">Прилагане</string>
	<string name="buffers">Буфери</string>
	<string name="output_device_s">Изходно устройство: %s</string>
	<string name="pref_summary_vis_extra_latency_d">Допълнително забавяне да се прилага към визуализиране за по-добро аудио-визуално съвпадение: %d ms</string>
	<string name="tempo">Темпо</string>
	<string name="dsp">Процесор за цифров сигнал</string>
	<string name="reverb_predelay">Предв. забавяне</string>
	<string name="reverb_damp">Затихване</string>
	<string name="reverb_filter">Филтър</string>
	<string name="reverb_size">Големина</string>
	<string name="reverb_fade">Избледняване</string>
	<string name="reverb_mix">Микс</string>
	<string name="stereo_x">Разширение на стереото</string>
	<string name="rev_auditorium">Аудитория</string>
	<string name="rev_great_hall">Велика зала</string>
	<string name="rev_studio">Студио</string>
	<string name="rev_echo">Ехо</string>
	<string name="failed">Неуспешно</string>
	<string name="pref_audio_output">Изходно</string>
	<!-- NOTE: pa_output_*** naming is tied to names of plugins. These resources are dynamically used, not directly referenced -->
	<string name="variant_s">Вариант: %s</string>
	<string name="coming_soon">Очаквай скоро</string>
	<!-- NOTE: pa_out_device_*** naming is tied to names of devices in various places (prefs) -->
	<string name="device_speaker">Говорител</string>
	<string name="device_bt">Bluetooth</string>
	<string name="device_chromecast">Chromecast</string>
	<string name="pref_output_plugins">Изходни приставки</string>
	<string name="pref_active">Активни</string>
	<!-- Generic gender neutral "Selected: xx", e.g. Selected sample rate, Selected format -->
	<string name="selected_s">Избрано: %s</string>
	<!-- Generic gender neutral  "Using: xx", e.g. Using sample rate, Using format -->
	<!-- Can be spelled simply as "Device sample rate" -->
	<string name="failed_s">Неуспешно: %s</string>
	<string name="pref_output_dvc_not_supported">DVC не се поддържа</string>
	<string name="pref_output_dvc_always_enabled">ДКЗ винаги е включен</string>
	<string name="enable">Включен</string>
	<string name="internal_storage">Вътрешно хранилище</string>
	<string name="access_granted">Достъпът е осигурен</string>
	<string name="decoder">Декодер</string>
	<string name="output_device">Изходно устройство</string>
	<string name="volume_control">Сила на звука</string>
	<!-- %1$s - main sentense, %2$s - details, e.g.: System Default (16) -->
	<string name="details_in_paren_s_s">%1$s (%2$s)</string>
	<string name="pref_volume_levels">Звукови нива</string>
	<string name="flags">Флагове</string>
	<string name="change_by_time">По времетраене</string>
	<!-- (To) Shuffle - verb -->
	<string name="pref_always_enabled">Винаги разрешен</string>
	<string name="pref_black">Черна</string>
	<string name="pref_white">Бял</string>
	<string name="permissions">Разрешения</string>
	<!-- NOTE: used dynamically -->
	<string name="continue_">Продължи</string>
	<string name="pref_ls_aa_blur">Замъгляване</string>
	<string name="vis_full_screen">Пълен екран</string>
	<string name="_default">Стандартна</string>
	<string name="pref_settings_theme_light">Светла</string>
	<string name="pref_settings_theme_dark">Тъмна</string>
	<string name="next_list">След. списък</string>
	<string name="pref_general">Общи</string>
	<string name="art_image">Изображение</string>
	<string name="done">Готово</string>
	<string name="working">Зает...</string>
	<string name="no_items_limit">Без ограничение</string>
	<string name="select_all_short">Всички</string>
	<string name="widget_4x4">Poweramp голям</string>
	<string name="configure_widget">Конфигуриране на приспособление</string>
	<string name="background">Фон</string>
	<string name="alt_scale">Побиране на обложка</string>
	<string name="bg_opacity">Прозрачност на фон</string>
	<string name="corner_radius">Ъглов радиус</string>
	<string name="icons_scale">Размер на иконата</string>
	<string name="widget_no_songs_selected">&lt;Няма заредена песен&gt;</string>
	<string name="icons">Икони</string>
	<string name="icons_opacity">Прозрачност на иконите</string>
	<string name="advanced">Разширени</string>
	<string name="button_theme">Тема на бутоните</string>
	<string name="text">Текст</string>
	<string name="other">Други</string>
	<string name="widget_style">Стил на приспособлението</string>
	<string name="widget_style_d">Стил %d</string>
	<string name="widget_no_style">Без фон</string>
	<string name="none">Нищо</string>
	<string name="overwrite_style_s">Презаписване на стила: %s?</string>
	<string name="style_saved">Стилът е запазен</string>
	<string name="failed_to_save_style">Грешка при запазване на стила</string>
	<string name="copy_to_clipboard">Копиране в клипборда</string>
	<string name="import_from_clipboard">Внасяне от клипборда</string>
	<string name="save_widget_style">Запис на стила</string>
	<string name="style_copied_to_clipboard">Стилът е копиран в клипборда</string>
	<string name="style_s_imported_from_clipboard">Стилът %s е внесен от клипборда</string>
	<string name="delete_widget_style">Изтрий стила на приспособлението</string>
	<string name="delete_widget_style_s_s">Изтриване стила на приспособлението: %1$s\n(%2$s)?</string>
	<string name="share">Сподели</string>
	<string name="new_name">Ново име</string>
	<string name="reconfigure_widget">Пренастройване на приспособлението</string>
	<string name="meta_bg">Мета фон</string>
	<string name="aa_opacity">Прозрачност на обложката</string>
	<string name="default_string">По подразбиране</string>
	<string name="widget_circle">Кръг</string>
	<string name="normal_font">Нормален шрифт</string>
	<string name="normal">Нормален</string>
	<string name="bold">Удебелен</string>
	<string name="italic">Курсив</string>
	<string name="normal_size">Нормален размер</string>
	<string name="album_art_shadow">Сянка на обложката</string>
	<string name="list_icon">Икона на списъка</string>
	<string name="neon_icons">Неонови икони</string>
	<string name="meta">Мета информация</string>
	<string name="bg_style">Стил на фона</string>
	<string name="widget_reconfigure_hint">Натиснете горния десен ъгъл на приспособлението за да пренастроите</string>
	<string name="font_size">Размер на шрифта</string>
	<string name="shadow">Сянка</string>
	<string name="shadow_opacity">Прозрачност на сянката</string>
	<string name="other_text">Друг текст</string>
	<string name="title">Заглавие</string>
	<string name="size">Размер</string>
	<string name="pref_5_stars">5 звезди</string>
	<string name="pref_hide_status_bar">Скрита лента на състояние</string>
	<string name="help">Помощ</string>
	<string name="h_frs_drag_to_scroll">Плъзнете, за да въртите копчетата</string>
	<string name="h_knobs_scroll_view">Натиснете отгоре или отдолу на копчето за фина настройка</string>
	<string name="h_equ_effects">Екв./ефекти</string>
	<string name="h_prev_list">Пред. категория</string>
	<string name="h_next_list">След. категория</string>
	<string name="back_10s">Назад 10с</string>
	<string name="forward_10s">Напред 10с</string>
	<string name="pref_az_scroll">А-Я Списък</string>
	<string name="pref_summary_az_scroll">Използвайте азбучно превъртане А-Я в списъци</string>
	<string name="pref_notification_type">Вид известие</string>
	<string name="pref_legacy">Наследено</string>
	<string name="pref_media_style">Мултимедия / оцветено</string>
	<string name="pref_media_custom">Мултимедия с потребителска обложка</string>
	<string name="pref_open_app_settings">Отворете настройките на Poweramp</string>
	<string name="pref_queue_no_shuffle">Игнориране на разбъркването</string>
	<!-- Minutes. Should be independent from the number quantity, thus, probably, abbreviated -->
	<!-- Accessibility -->
	<string name="pause">Пауза</string>
	<!-- Accessibility -->
	<!-- Accessibility -->
	<string name="next_track">Следващ запис</string>
	<!-- Accessibility -->
	<string name="like">Харесвам</string>
	<!-- Accessibility -->
	<!-- Accessibility -->
	<string name="menu">Меню</string>
	<!-- Accessibility -->
	<string name="rating">Оценка</string>
	<string name="song_s">Песен: %s</string>
	<string name="apply_to_songs_colon">Прилагане към песните:</string>
	<string name="pref_direct_unlock">Директно отключване</string>
	<string name="repeat_shuffle">Повтаряне/разбъркване</string>
	<string name="pref_preload_more">Повече</string>
	<string name="pref_preload_normal">Нормален</string>
	<string name="pref_enable_deletion">Действие при изтриване</string>
	<string name="delete_files">Изтриване на файловете</string>
	<string name="pref_search">Търсене</string>
	<string name="pref_search_categories">Търсене в категории</string>
	<string name="dont_show_again">Не показвай отново</string>
	<string name="device_apps_settings">Настройки на приложението</string>
	<string name="no_results_found">Няма намерени резултати</string>
	<!-- Used for voice search. Should not be abbriviated. If original string is not abbiriviated, the default reference @string/most_played may be left as is.
	Never translate "@string/" - it's a reference to other translated text and if translated, it crashes app -->
	<!-- Used for voice search. Should not be abbriviated. If original string is not abbiriviated, the default reference @string/top_rated may be left as is.
	Never translate "@string/" - it's a reference to other translated text and if translated, it crashes app -->
	<!-- Used for voice search. Should not be abbriviated. If original string is not abbiriviated, the default reference @string/low_rated may be left as is.
	Never translate "@string/" - it's a reference to other translated text and if translated, it crashes app -->
	<!-- Used for voice search. Should not be abbriviated. If original string is not abbiriviated, the default reference @string/recently_played may be left as is.
	Never translate "@string/" - it's a reference to other translated text and if translated, it crashes app -->
	<!-- Used for voice search. Should not be abbriviated. If original string is not abbiriviated, the default reference @string/recently_added may be left as is.
	Never translate "@string/" - it's a reference to other translated text and if translated, it crashes app -->
	<!-- Used for voice search. This is the root word for given term.
	Never translate "@string/" - it's a reference to other translated text and if translated, it crashes app  -->
	<!-- Used for voice search. This is the root word for given term.
	Never translate "@string/" - it's a reference to other translated text and if translated, it crashes app -->
	<!-- Used for voice search. This is the root word for given term.
	Never translate "@string/" - it's a reference to other translated text and if translated, it crashes app -->
	<!-- Used for voice search. This is the root word for given term.
	Never translate "@string/" - it's a reference to other translated text and if translated, it crashes app -->
	<string name="pref_android_auto">Android Auto</string>
	<string name="pref_mb_a_aa_cats">Изображения за категориите</string>
	<!-- Like in "Hi-Res: supported" -->
	<string name="pref_supported">Поддържано</string>
	<!-- Also refered as "Main UI" -->
	<string name="pref_main_menu">Главно меню</string>
	<!-- Provider means "Track Provider Plugin" - the plugin which adds tracks to Poweramp, such as cloud tracks, streaming tracks, etc. -->
	<!-- Also, can be "Edit" or "Modify". For example, "Change folder permission", "Edit folder permission" -->
	<string name="change">Заместете</string>
	<!-- For example, missing playlist entry -->
	<string name="no_permission">Няма позволение</string>
	<string name="permission_granted">Позволен достъп</string>
	<string name="pref_privacy_policy">Декларация за поверителност</string>
	<string name="copied_to_clipboard">URL копиран в клипборда</string>
	<!-- Noun, i.e. "a screen" -->
	<string name="display">Дисплей</string>
	<string name="volume_long">Сила на звука</string>
	<string name="available">На разположение</string>
	<string name="not_available">Не е налично</string>
	<string name="enabled">Разрешен</string>
	<string name="status_unknown">Неизвестно състояние</string>
	<string name="pref_enable_direct_volume_control">Включи Директен Контрол на Звука</string>
	<string name="pref_dvc_not_supported">Не се поддържа от ROM-а</string>
	<!-- Headroom gain is basically reduction of volume to allow equalization. See https://en.wikipedia.org/wiki/Headroom_(audio_signal_processing) -->
	<!-- NOTE: %.1f is a placeholder for digits. It looks like this when formatted: 5.0dB -->
	<string name="show_all">Покажи всички</string>
	<string name="pref_eq_labels">Стойности на еквалайзера</string>
	<string name="hidden">Скрито</string>
	<string name="db">dB</string>
	<string name="pref_vis_in_lib">Визуализиране в библиотеката</string>
	<string name="pref_icon">Икона</string>
	<string name="adaptive_icon">Адаптивна икона</string>
	<!-- E.g. Round icon -->
	<string name="round">Кръгъл</string>
	<!-- E.g. Zap icon -->
	<!-- E.g. Classic icon -->
	<string name="classic">Класически</string>
	<!-- E.g. Just (only) zap icon -->
	<!-- E.g. Black Play icon  -->
	<!-- E.g. White Play icon  -->
	<string name="pref_experiment">Експеримент</string>
	<!-- Like in "online radio stream" -->
	<string name="stream">Поток</string>
	<!-- E.g. "Small buffer size" -->
	<!-- Like "Use this album art for the list" -->
	<!-- Do not translate: UTF-8, .m3u -->
	<!-- Do not translate: UTF-8, .m3u, .m3u8 -->
	<!-- Stream/radio URL -->
	<string name="add_url">Добавяне на уебадрес</string>
	<!-- Stream/radio URL -->
	<string name="invalid_url">Невалиден URL</string>
	<string name="faq">ЧЗВ</string>
	<!-- Last _Time_ Played, e.g. 5 days ago -->
	<string name="pref_aa_aspect_ratio">Съотношение на страните</string>
	<string name="pref_aa_crop">Квадрат</string>
	<string name="pref_immediately">Незабавно</string>
	<string name="download">Изтегляне</string>
	<string name="whats_new">Какво ново</string>
	<!-- Do not translate: Poweramp v3 skin. "Play" is google play market app -->
	<!-- Provider means "Track Provider Plugin" - the plugin which adds tracks to Poweramp, such as cloud tracks, streaming tracks, etc. -->
	<!-- Provider means "Track Provider Plugin" - the plugin which adds tracks to Poweramp, such as cloud tracks, streaming tracks, etc. -->
	<!-- Provider means "Track Provider Plugin" - the plugin which adds tracks to Poweramp, such as cloud tracks, streaming tracks, etc. -->
	<!-- Provider means "Track Provider Plugin" - the plugin which adds tracks to Poweramp, such as cloud tracks, streaming tracks, etc. -->
	<string name="remove">Премахване</string>
	<!-- Provider means "Track Provider Plugin" - the plugin which adds tracks to Poweramp, such as cloud tracks, streaming tracks, etc. -->
	<!-- Provider means "Track Provider Plugin" - the plugin which adds tracks to Poweramp, such as cloud tracks, streaming tracks, etc. -->
	<!-- Provider means "Track Provider Plugin" - the plugin which adds tracks to Poweramp, such as cloud tracks, streaming tracks, etc. -->
	<!-- Huawei AppGallery -->
	<!-- For example, "Error: Some error #1111" -->
	<string name="error">Грешка</string>
	<string name="error_loading_s">Грешка при зареждане: %s</string>
	<!-- E.g. "Open Playlist" -->
	<string name="open">Отвори</string>
	<!-- "User Agent" probably, shouldn't be translated -->
	<!-- As in "Migrate Data to Android 10" -->
	<string name="pref_pause_on_volume">Пауза/Пускане</string>
	<string name="pref_summary_pause_on_volume">Пауза, когато звукът е 0, продължаване при увеличаване на звука</string>
	<string name="pref_option_for_active_pa">Тази опция работи, при наличие Poweramp UI или известие</string>
	<!-- Used as verb, i.e. in the menu as action to bookmark the song position -->
	<!-- Noun, used as a category name -->
	<!-- E.g.: Added to bookmarks. Should be neutral to number of items added -->
	<string name="added">Добавено</string>
	<string name="equalizer">Еквалайзер</string>
	<!-- Max 12 chars -->
	<string name="autosave">Автоматично записване</string>
	<!-- Monochromatic "color" -->
	<string name="not_installed">Не е инсталирано</string>
	<!-- Meaning app build number, e.g. Build 987 -->
	<!-- NOTE: %d is replaced with a number, double percent %% is replaced with just percent % -->
	<!-- E.g. "Rounded corner" -->
</resources>
