<?xml version="1.0" encoding="utf-8"?>
<resources xmlns:tools="http://schemas.android.com/tools">
	<string name="peq_app_name">Poweramp Equalizer</string>
	<string name="pref_known_players">Riproduttori noti</string>
	<string name="pref_summary_known_players">Attiva/disattiva l\'equalizzazione per le app dei riproduttori</string>
	<string name="pref_known_players_hint">Riproduci qualcosa nell\'app del riproduttore e l\'app apparirà qui (se l\'equalizzazione è supportata)</string>
	<string name="pref_known_players_hint2">Per alcuni riproduttori può essere necessario selezionare una nuova traccia o mettere in pausa e riavviare per attivare l\'equalizzazione</string>
	<string name="pref_known_players_hint3">Dopo il riavvio, l\'equalizzazione potrebbe richiedere 1-2 minuti. Abilitare l\'avvio automatico di Poweramp Equalizer per ridurre il ritardo</string>
	<string name="pref_known_players_hint4">Il riproduttore Poweramp può essere attivato con l\'opzione MusicFX e disattivando DVC nell\'app di Poweramp</string>
	<string name="pref_enable_for_app">Abilita per l\'app</string>
	<string name="pref_last_time_seen">Visto l\'ultima volta</string>
	<string name="pref_summary_eq_disable_dvc">Disabilita Controllo del Volume Diretto per quest\'app</string>
	<string name="pref_summary_eq_opt_player_restart">In funzione del riproduttore, quest\'opzione potrebbe avere effetto della prossima traccia, dal riavvio del riproduttore, etc.</string>
	<string name="pref_summary_eq_player_fade">Metti in dissolvenza temporaneamente il riproduttore quando la sessione viene ricreata per evitare artefatti audio</string>
	<string name="pref_summary_eq_player_fade_msg">Aiuta a mitigare i bug del riproduttore quando viene costantemente ricreata una sessione audio: ad esempio al cambio traccia, alla ricerca, ecc.</string>
	<string name="volume_and_tweaks">Volume e regolazioni</string>
	<string name="pref_app_session_is_buggy_icon">Questa app ha un bug noto</string>
	<string name="pref_app_session_is_buggy">Questa app ha un bug noto e non segnala correttamente le sessioni audio per gli equalizzatori</string>
	<string name="pref_app_multiple_sessions_bug">Questa app ha un bug noto e non riesce a creare più sessioni audio attive contemporaneamente</string>
	<string name="hint_session_com_google_android_apps_youtube_music"><![CDATA[Per evitare questo bug, potrebbe essere necessario selezionare "Non riprodurre video musicali" nelle impostazioni di YouTube Music e/o cambiare da versione audio/video della traccia]]></string>
	<string name="pref_report_bug_from_player">Segnala il bug dall\'app del riproduttore!</string>
	<string name="pref_press_for_bug_desc">Premi qui per copiare la descrizione del bug</string>
	<string name="enable_vis">Abilita Visualizzazione</string>
	<string name="enable_vis_perm_required">È necessario il permesso per attivare la visualizzazione</string>
	<string name="enable_vis_perm_no_mic">Poweramp Equalizer non registrerà mai audio né utilizzerà il microfono nonostante il nome dell\'autorizzazione</string>
	<string name="enable_vis_perm_later">Puoi attivare la visualizzazione più tardi dalle impostazioni</string>
	<string name="pref_enable_dvc_for_bt">Attiva DVC per Bluetooth</string>
	<string name="pref_summary_enable_dvc_for_bt">DVC per Bluetooth richiede la disattivazione dell\'opzione di sistema Sincronizzazione volume assoluto/volume contenuti multimediali</string>
	<string name="pref_summary_peq_equalizer">Impostazioni dell\'equalizzatore, riproduttori conosciuti, DVC</string>
	<string name="pref_summary_peq_look_and_feel">Skin, lingua, notifiche</string>
	<string name="pref_utils">Utilità</string>
	<string name="pref_summary_utils">Riprendi alla connessione delle cuffie, controlli dei tasti volume, bilanciamenti</string>
	<string name="pref_volume_keys">Tasti Volume</string>
	<string name="pref_peq_volume_keys_long_press_hint">Cambia le tracce tenendo premuto a lungo sui tasti del volume. Quest\'opzione utilizza un\'API semi-ufficiale di Android 8+ che può essere attivata solo tramite ADB o linea di comando (singola linea, tocca qui per copiare il comando):</string>
	<string name="pref_long_volume_resume">Riprendi anche tenendo premuto a lungo il tasto volume</string>
	<string name="pref_summary_long_volume_resume">Invia un comando di Riprendi insieme l\'avvio riproduzione nell\'ultimo riproduttore usato</string>
	<string name="h_first_start_msg">Per attivare l\'equalizzazione per un riproduttore avviato prima dell\'istallazione o del primo avvio di Poweramp Equalizer, potresti dover <b>metterlo in pausa</b> e <b>riavviarlo</b> scorrendolo via dalle app recenti</string>
	<string name="pref_notification_type_micro">Micro</string>
	<string name="pref_summary_notification_type_micro">Notifica che occupa il minor spazio possibile</string>
	<string name="pref_notification_type_standard">Standard</string>
	<string name="pref_summary_notification_type_standard">Dimensione standard della notifica</string>
	<string name="pref_peq_notification_msg1">Le notifiche servono a mantenere attivo Poweramp Equalizer</string>
	<string name="pref_peq_notification_msg2">La notifica è importante soprattutto sui dispositivi che chiudono le app in maniera più aggressiva, o quando si ha necessità di mantenere attivo Poweramp Equalizer costantemente, ad esempio per rispondere ai tasti volume o alla connessione delle cuffie</string>
	<string name="pref_peq_notification_msg3"><![CDATA[Il modo consigliato per nascondere le notifiche e attraverso le <a href="android_notif_settings">Impostazioni di notifica di Android</a>"]]></string>
	<string name="pref_summary_peq_keep_notification_always">La notifica resta visibile anche se l\'app di riproduzione non è attiva, tenendo Poweramp Equalizer pronto per la prossima esecuzione</string>
	<string name="pref_summary_peq_keep_notification_always_msg">Se disabilitato, la notifica verrà rimossa dopo un po\' che il riproduttore sarà stato chiuso, quando non servirà più l\'equalizzazione</string>
	<string name="pref_summary_peq_no_keep_notif_on_dscn">La notifica è stata rimossa per disconnessione di cuffie o BT</string>
	<string name="pref_peq_buy">Acquista Poweramp Equalizer</string>
	<string name="pref_peq_long_close_delay">Mantieni la sessione dell\'equalizzatore</string>
	<string name="pref_summary_peq_long_close_delay">Mantiene attiva la sessione del riproduttore. Serve per quei produttori che chiudono l\'equalizzazione con la messa in pausa, causando artefatti audio alla ripresa</string>
	<string name="pref_peq_doesnt_increase_res_usage">Non aumenta l\'utilizzo delle risorse, ma tiene attivo Poweramp Equalizer più a lungo</string>
	<string name="pref_peq_increases_res_usage">Aumenta l\'utilizzo di risorse</string>
	<string name="pref_test_build">Build di Test</string>
	<string name="test_build_expired">Build di Test scaduta</string>
	<string name="update_app">Aggiorna l\'app</string>
	<string name="thanks_for_testing">Grazie per il testing!</string>
	<string name="pref_peq_blocksize">Dimensione blocco</string>
	<string name="pref_summary_peq_blocksize">Definisce il numero di campioni nel blocco elaborato. Una dimensione di blocco maggiore aumenta la risoluzione della frequenza, ma aumenta anche l\'utilizzo della CPU. Riducilo se l\'audio va a scatti</string>
	<string name="pref_peq_blocksize_hires">Dimensione blocco per alta risoluzione</string>
	<string name="pref_summary_peq_blocksize_hires">È possibile ridurre la dimensione di blocco per alta risoluzione se l\'audio ma scatti per esempio con riproduzione Hi-Res/LDAC</string>
	<string name="pref_peq_blocksize_hires_msg">Dato che la maggior parte dei riproduttori streaming utilizzano 44.1kHz/48kHz, è consigliato impostare 44.1/48kHz per LDAC (o altri output Hi-Res) per evitare di sovra-campionare e/o aumentare l\'utilizzo della CPU</string>
	<string name="pref_peq_blocksize_msg_android_9">Android 9 ha un bug che richiede una dimensione di blocco maggiore per evitare dei clic correlati quando vengono amplificati i bassi</string>
	<string name="pref_peq_multi_session">Multi-sessione</string>
	<string name="pref_summary_peq_multi_session">Soluzione per un bug nel caso in cui l\'app di riproduzione crei più sessioni audio attive</string>
	<!-- I.e. playback audio session -->
	<string name="audio_session">Sessione audio</string>
	<string name="samples_d">Campioni: %d</string>
	<string name="compressor">Compressore</string>
	<string name="h_compressor">Compressione dinamica dell\'intervallo</string>
	<string name="pref_summary_peq_compressor">Parametri di compressione aggiuntivi</string>
	<!-- %.1 is replaced to a number of milliseconds -->
	<string name="f1_ms">%.1fms</string>
	<!-- %.0 is replaced to a number of milliseconds -->
	<string name="f0_ms">%.0fms</string>
	<!-- (Compressor) Attack time -->
	<string name="compr_attack">Attacco</string>
	<!-- (Compressor) Release time -->
	<string name="compr_release">Rilascio</string>
	<!-- (Compressor) Ratio -->
	<string name="compr_ratio">Rapporto</string>
	<!-- (Compressor) Knee -->
	<string name="compr_knee">Curva</string>
	<!-- (Compressor) Threshold -->
	<string name="compr_thr">Soglia</string>
	<!-- (Compressor) Gain -->
	<string name="compr_gain">Guadagno</string>
	<!-- (Compressor) Frequency -->
	<string name="compr_freq">Frequenza</string>
	<!-- (Compressor) Expand Ratio -->
	<string name="compr_expand_ratio">Tasso espansione</string>
	<!-- (Compressor) Noise Gate -->
	<string name="compr_noise_gate">Noise Gate</string>
	<!-- (Compressor) Pre-gain -->
	<string name="compr_pregain">Pre-guadagno</string>
	<string name="recently_rebooted">Riavviati di recente</string>
	<string name="recently_rebooted_msg">L\'equalizzatore potrebbe partire con un ritardo che dura fino a qualche minuto dopo il riavvio a causa di limiti del sistema operativo</string>
	<string name="pref_peq_enable">Attiva l\'elaborazione dell\'audio</string>
	<string name="pref_summary_peq_enable">Se non è attivo, non verrà elaborato alcun audio</string>
	<string name="audio_processing_disabled">Elaborazione audio disattivata</string>
	<string name="peq_enable_press_to_reenable"><![CDATA[<a href="settings/peq_equ#peq_enable">Tocca qui per riattivare</a>]]></string>
	<!-- Icon -->
	<string name="black_equ">Equalizzatore Nero</string>
	<!-- Icon -->
	<string name="white_equ">Equalizzatore Bianco</string>
	<string name="active_players">Riproduttori attivi</string>
	<string name="pref_about_peq">Informazioni su Poweramp Equalizer</string>
	<string name="h_recognized_active_players">Lettori attivi riconosciuti</string>
	<string name="pref_advanced_player_tracking">Monitoraggio Avanzato del Riproduttore</string>
	<string name="pref_summary_advanced_player_tracking">Permette l\'equalizzazione in quasi tutti i riproduttori, ma richiede permessi aggiuntivi</string>
	<!-- "DUMP" is probably shoud not be translated -->
	<string name="pref_dump_permission">Permesso DUMP</string>
	<!-- "DUMP", "ADB" - probably shoud not be translated, "shell" - means shell command console -->
	<string name="pref_dump_permission_hint">Il permesso DUMP è usato per ottenere una lista di tutte le sessioni di riproduzione audio. Questo può essere attivato solo attraverso un comando ADB (o shell) (clicca qui per copiare il comando single-line):</string>
	<string name="pref_notification_listener_permission">Permesso di accesso alle notifiche</string>
	<string name="pref_notification_listener_permission_hint">Il permesso di accesso alle notifiche permette di rilevare quando un lettore multimediale genera una notifica e/o cambia lo stato di riproduzione/pausa</string>
	<string name="pref_notification_listener_permission_hint2">Poweramp Equalizer ha accesso unicamente alle notifiche del lettore multimediale</string>
	<string name="pref_enable_player_tracking">Abilita il rilevamento del lettore</string>
	<string name="pref_requires_two_permissions">Due permessi richiesti</string>
	<string name="pref_advanced_experimental_feature">Questa è una caratteristica sperimentale avanzata</string>
</resources>
