<?xml version="1.0" encoding="utf-8"?>
<resources>
    <string name="paid_welcome_line1">Grazie per il tuo acquisto!</string>
    <string name="please_install_poweramp">Installa <b>Poweramp (Trial)</b>, è l\'applicazione di base</string>
    <string name="install_trial_version_msg">Full Version Unlocker è una chiave per Poweramp (Trial). Full Version Unlocker trasforma l\'app nella Versione Completa</string>
    <string name="unlocker_can_hide_icon">Unlocker non richiede un\'icona nella lista delle app, puoi nasconderla</string>
    <string name="unlocker_remove_msg">Puoi disinstallare Unlocker <b>2 giorni</b> dopo l\'acquisto/installazione se desideri</string>
    <string name="unlocker_free_reinstall_msg">Potrai sempre installare Unlocker di nuovo tramite Play Store gratuitamente</string>
    <string name="install">Installa Poweramp</string>
    <string name="hide_icon">Nascondi l\'Icona di Unlocker dal Launcher</string>
    <string name="start_poweramp">Avvia Poweramp</string>
    <string name="icon_hidden">L\'icona potrebbe rimanere fino al riavvio</string>
    <string name="icon_shown">L\'icona potrebbe non apparire fino al riavvio</string>
</resources>
