<?xml version="1.0" encoding="utf-8"?>
<resources>
    <string name="paid_welcome_line1">Хвала Вам на наруџбини!</string>
    <string name="please_install_poweramp">Молимо инсталирајте <b>Poweramp (Trial)</b> - то је основна апликација.</string>
    <string name="install_trial_version_msg">Unlocker комплетне верзије је кључ за Poweramp (Trial) који га претвара у плаћену верзију програма.\n\nUnlocker нема потребу за иконицом у листи апликација, можете да га сакријете.</string>
    <string name="unlocker_can_hide_icon">Анлокеру не треба икона за стартовање, можете је сакрити</string>
    <string name="unlocker_remove_msg">Ако желите, можете да избаците инсталирани Анлокер <b>2 дана</b> након куповине/инсталације</string>
    <string name="unlocker_free_reinstall_msg">Откључавач програма можете увек бесплатно да преузмете из Play продавнице</string>
    <string name="install">Инсталирај Poweramp</string>
    <string name="hide_icon">Сакриј Unlocker икону из листе апликација</string>
    <string name="start_poweramp">Покрените Poweramp</string>
    <string name="icon_hidden">Икона може да остане до поновног покретања система</string>
    <string name="icon_shown">Икона можда неће да се појави до поновног покретања система</string>
</resources>
