<?xml version="1.0" encoding="utf-8"?>
<resources>
    <string name="paid_welcome_line1">Merci de votre achat !</string>
    <string name="please_install_poweramp">Merci d\'installer <b>Poweramp (Version d\'essai)</b> - Il s\'agit de l\'application principale</string>
    <string name="install_trial_version_msg">Full Version Unlocker est une extension qui transforme Poweramp (version d\'essai) en version complète</string>
    <string name="unlocker_can_hide_icon">Unlocker n\'a pas besoin d\'icône dans le lanceur d\'applications, vous pouvez la masquer</string>
    <string name="unlocker_remove_msg">Vous pouvez désinstaller Unlocker <b>2 jours</b> après son achat/installation si vous voulez</string>
    <string name="unlocker_free_reinstall_msg">Vous pouvez toujours réinstaller Unlocker gratuitement depuis le Play Store</string>
    <string name="install">Installer Poweramp</string>
    <string name="hide_icon">Masquer l\'icône d\'Unlocker dans le lanceur d\'applications</string>
    <string name="start_poweramp">Démarrer Poweramp</string>
    <string name="icon_hidden">L\'icône risque de rester jusqu\'au redémarrage</string>
    <string name="icon_shown">L\'icône risque de ne pas apparaître jusqu\'au redémarrage</string>
</resources>
