<?xml version="1.0" encoding="utf-8"?>
<resources xmlns:tools="http://schemas.android.com/tools">
	<string name="peq_app_name">Poweramp Equalizer</string>
	<string name="pref_known_players">Lecteurs connus</string>
	<string name="pref_summary_known_players">Activer/désactiver l\'égaliseur pour des lecteurs connus</string>
	<string name="pref_known_players_hint">Jouer quelque chose dans n\'importe quel lecteur audio et (si l\'égalisation est prise en charge) l\'application apparaîtra ici.</string>
	<string name="pref_known_players_hint2">Certains lecteurs peuvent avoir besoin de sélectionner une nouvelle piste ou de faire une pause et de redémarrer pour lancer l\'égalisation.</string>
	<string name="pref_known_players_hint3">Après le redémarrage, l\'égalisation peut être retardée de 1 à 2 minutes. Permettre à Poweramp Equalizer
de démarrer automatiquement au démarrage de votre appareil pour réduire ce délai.</string>
	<string name="pref_known_players_hint4">Le lecteur Poweramp peut être activé avec l\'option MusicFX et la désactivation du DVC dans l\'application Poweramp.</string>
	<string name="pref_enable_for_app">Activer pour cette application</string>
	<string name="pref_last_time_seen">Vu pour la dernière fois</string>
	<string name="pref_summary_eq_disable_dvc">Désactiver le contrôle direct du volume (DVC) pour cette application</string>
	<string name="pref_summary_eq_opt_player_restart">Selon le lecteur, cette option peut prendre effet sur la piste suivante, après le redémarrage du lecteur, etc.</string>
	<string name="pref_summary_eq_player_fade">Ajouter un fondu temporaire du lecteur lorsque la session est recréée pour éviter les artefacts audio</string>
	<string name="pref_summary_eq_player_fade_msg">Aide à atténuer les bugs de lecteur, avec la création constante de session audio : lors du changement de piste, à la recherche, etc.</string>
	<string name="volume_and_tweaks">Volume et ajustements</string>
	<string name="pref_app_session_is_buggy_icon">Cette application a un bug connu</string>
	<string name="pref_app_session_is_buggy">Cette application a un bug connu qui consiste à ne pas signaler correctement la session audio pour les égaliseurs</string>
	<string name="pref_app_multiple_sessions_bug">Cette application a un bug connu qui consiste à créer plusieurs sessions audio actives</string>
	<string name="hint_session_com_google_android_apps_youtube_music"><![CDATA[Pour contourner ce problème, il est possible de sélectionner « Ne pas lire les vidéoclips » dans les paramètres musicaux de YouTube et/ou de basculer entre les versions vidéo/audio d\'une piste]]></string>
	<string name="pref_report_bug_from_player">Veuillez signaler le bug depuis l\'application du lecteur !</string>
	<string name="pref_press_for_bug_desc">Appuyez ici pour copier la description du bug</string>
	<string name="enable_vis">Visualisation activée</string>
	<string name="enable_vis_perm_required">Une autorisation est nécessaire pour permettre la visualisation</string>
	<string name="enable_vis_perm_no_mic">Poweramp Equalizer n\'enregistre jamais le son ou n\'utilise jamais le microphone, malgré le nom de l\'autorisation</string>
	<string name="enable_vis_perm_later">Vous pouvez activer la visualisation plus tard dans les Paramètres</string>
	<string name="pref_enable_dvc_for_bt">Activer le DVC pour le Bluetooth</string>
	<string name="pref_summary_enable_dvc_for_bt">Le DVC pour Bluetooth nécessite l\'option système Synchronisation Volume absolu/Volume médias désactivée</string>
	<string name="pref_summary_peq_equalizer">Paramètres d\'égaliseur, lecteurs connus, DVC</string>
	<string name="pref_summary_peq_look_and_feel">Thème, langue, notifications</string>
	<string name="pref_utils">Divers</string>
	<string name="pref_summary_utils">Reprendre à la connexion de casque, commandes des touches de volume, ajustements</string>
	<string name="pref_volume_keys">Réglage du volume</string>
	<string name="pref_peq_volume_keys_long_press_hint">Changez de piste en appuyant longuement sur les touches de volume. Cette option utilise une API Android 8+ semi-officielle qui ne peut être activée que via une commande ADB ou shell (une ligne, appuyez ici pour copier la commande) :</string>
	<string name="pref_long_volume_resume">Reprendre également en appuyant longuement sur la touche de volume</string>
	<string name="pref_summary_long_volume_resume">Envoyez également une commande Reprendre pour commencer à lire dans le lecteur récemment utilisé</string>
	<string name="h_first_start_msg">Pour activer l\'égalisation pour le lecteur démarré avant l\'installation/la première exécution de Poweramp Equalizer, 
vous pouvez avoir besoin de le mettre en <b>pause</b> et de le <b>redémarrer</b> une fois en l\'écartant des applications récentes</string>
	<string name="pref_notification_type_micro">Micro</string>
	<string name="pref_summary_notification_type_micro">Une notification qui prend le moins de place possible</string>
	<string name="pref_notification_type_standard">Standard</string>
	<string name="pref_summary_notification_type_standard">Notification de taille standard</string>
	<string name="pref_peq_notification_msg1">La notification est requise pour maintenir actif Poweramp Equalizer</string>
	<string name="pref_peq_notification_msg2">La notification est particulièrement importante sur les appareils qui tuent les applications de manière trop agressive, ou lorsque Poweramp Equalizer doit rester actif à tout moment, par exemple pour répondre aux boutons de volume ou à la connexion d\'un casque</string>
	<string name="pref_peq_notification_msg3"><![CDATA[Le moyen recommandé pour masquer la notification est de passer par les <a href="android_notif_settings">Paramètres de notification Android</a>"]]></string>
	<string name="pref_summary_peq_keep_notification_always">La notification reste visible même si l\'application ne lit rien, ce qui permet de garder Poweramp Equalizer prêt pour la prochaine lecture</string>
	<string name="pref_summary_peq_keep_notification_always_msg">Si elle est désactivée, la notification est supprimée quelque temps après la fermeture des lecteurs et n\'envoie donc plus de requêtes d\'égalisation</string>
	<string name="pref_summary_peq_no_keep_notif_on_dscn">La notification est supprimée lors de la déconnexion du casque/périphérique BT</string>
	<string name="pref_peq_buy">Acheter Poweramp Equalizer</string>
	<string name="pref_peq_long_close_delay">Garder la session d\'égalisation</string>
	<string name="pref_summary_peq_long_close_delay">Maintenez la session active pour le lecteur. Nécessaire pour les lecteurs qui ferment la session d\'égalisation quand ils passent en pause, ce qui entraîne des artefacts audio à la reprise</string>
	<string name="pref_peq_doesnt_increase_res_usage">Poweramp Equalizer n\'utilise pas plus de ressources, mais reste actif plus longtemps</string>
	<string name="pref_peq_increases_res_usage">Augmente l\'utilisation de ressources</string>
	<string name="pref_test_build">Version de test</string>
	<string name="test_build_expired">La version de test a expiré</string>
	<string name="update_app">Veuillez mettre à jour l\'application</string>
	<string name="thanks_for_testing">Merci d\'avoir testé !</string>
	<string name="pref_peq_blocksize">Taille des blocs</string>
	<string name="pref_summary_peq_blocksize">Définit le nombre d\'échantillons dans le bloc traité. Une taille de bloc plus importante augmente la résolution des fréquences, mais aussi l\'utilisation du processeur. Réduire si le son saute</string>
	<string name="pref_peq_blocksize_hires">Taille des blocs pour la haute résolution</string>
	<string name="pref_summary_peq_blocksize_hires">La taille du bloc pour le son en haute résolution peut être réduite si le son saute, par exemple lors de la lecture en haute résolution/LDAC</string>
	<string name="pref_peq_blocksize_hires_msg">Comme la plupart des lecteurs en streaming utilisent 44,1 kHz/48 kHz, il est recommandé de configurer 44,1/48 kHz pour les sorties LDAC (ou autres sorties haute résolution) afin d\'éviter un rééchantillonnage supplémentaire et/ou une utilisation accrue du processeur</string>
	<string name="pref_peq_blocksize_msg_android_9">Android 9 a un bug nécessitant une plus grande taille de blocs pour éviter les clics corrélés à la basse lorsque cette dernière est amplifiée</string>
	<string name="pref_peq_multi_session">Multi-session</string>
	<string name="pref_summary_peq_multi_session">Solution à un bug lorsque l\'application du lecteur crée plusieurs sessions sonores actives</string>
	<!-- I.e. playback audio session -->
	<string name="audio_session">Session sonores</string>
	<string name="samples_d">Échantillons : %d</string>
	<string name="compressor">Compresseur</string>
	<string name="h_compressor">Compression audio dynamique</string>
	<string name="pref_summary_peq_compressor">Paramètres supplémentaires du compresseur</string>
	<!-- %.1 is replaced to a number of milliseconds -->
	<string name="f1_ms">%.1f ms</string>
	<!-- %.0 is replaced to a number of milliseconds -->
	<string name="f0_ms">%.0f ms</string>
	<!-- (Compressor) Attack time -->
	<string name="compr_attack">Attaque</string>
	<!-- (Compressor) Release time -->
	<string name="compr_release">Envoi</string>
	<!-- (Compressor) Ratio -->
	<string name="compr_ratio">Format</string>
	<!-- (Compressor) Knee -->
	<string name="compr_knee">Knee</string>
	<!-- (Compressor) Threshold -->
	<string name="compr_thr">Seuil</string>
	<!-- (Compressor) Gain -->
	<string name="compr_gain">Gain</string>
	<!-- (Compressor) Frequency -->
	<string name="compr_freq">Fréquence</string>
	<!-- (Compressor) Expand Ratio -->
	<string name="compr_expand_ratio">Taux d\'expansion</string>
	<!-- (Compressor) Noise Gate -->
	<string name="compr_noise_gate">Antiparasite</string>
	<!-- (Compressor) Pre-gain -->
	<string name="compr_pregain">Pré-gain</string>
	<string name="recently_rebooted">Redémarrage récent</string>
	<string name="recently_rebooted_msg">L\'égalisation peut commencer avec un délai allant jusqu\'à quelques minutes après le redémarrage en raison de la limitation du système d\'exploitation</string>
	<string name="pref_peq_enable">Activer le traitement audio</string>
	<string name="pref_summary_peq_enable">S\'il est désactivé, aucun son n\'est traité</string>
	<string name="audio_processing_disabled">Traitement audio désactivé</string>
	<string name="peq_enable_press_to_reenable"><![CDATA[<a href="settings/peq_equ#peq_enable">Appuyez ici pour réactiver</a>]]></string>
	<!-- Icon -->
	<string name="black_equ">Égalisateur noir</string>
	<!-- Icon -->
	<string name="white_equ">Égalisateur blanc</string>
	<string name="active_players">Lecteurs actifs</string>
	<string name="pref_about_peq">À propos de Poweramp Equalizer</string>
	<string name="h_recognized_active_players">Lecteurs actifs reconnus</string>
	<string name="pref_advanced_player_tracking">Tracker de lecteur avancé</string>
	<string name="pref_summary_advanced_player_tracking">Permettre l\'égalisation dans presque tous les lecteurs, mais nécessite des autorisations supplémentaires</string>
	<!-- "DUMP" is probably shoud not be translated -->
	<string name="pref_dump_permission">Autorisation DUMP</string>
	<!-- "DUMP", "ADB" - probably shoud not be translated, "shell" - means shell command console -->
	<string name="pref_dump_permission_hint">L\'autorisation DUMP est utilisée pour obtenir la liste de toutes les sessions audio en cours de lecture. Cela ne peut être activé que via la commande ADB (ou shell) (cliquez ici pour copier la commande sur une seule ligne) :</string>
	<string name="pref_notification_listener_permission">Autorisation du tracker de notification</string>
	<string name="pref_notification_listener_permission_hint">L\'autorisation de tracker de notification est utilisée pour suivre les lecteurs lorsqu\'ils publient leur notification et/ou modifient leur état de lecture/pause</string>
	<string name="pref_notification_listener_permission_hint2">Poweramp Equalizer accède uniquement aux notifications de lecteur multimédia</string>
	<string name="pref_enable_player_tracking">Activer le tracker de lecteur</string>
	<string name="pref_requires_two_permissions">Deux autorisations requises</string>
	<string name="pref_advanced_experimental_feature">Ceci est une fonctionnalité expérimentale</string>
</resources>
