<?xml version="1.0" encoding="utf-8"?>
<resources>
    <string name="paid_welcome_line1">Îți mulțumim pentru achiziție!</string>
    <string name="please_install_poweramp">Te rugăm să instalezi <b>Poweramp (Trial)</b> - este aplicația principală.</string>
    <string name="install_trial_version_msg">Deblocare Versiune Integrală este o cheie pentru Poweramp (Trial) care o transformă în versiune completă.\n\nNu necesită o pictogramă în lansator, deci, o puteți ascunde.</string>
    <string name="unlocker_can_hide_icon">Unlocker nu necesită o pictogramă în lansatorul de aplicații. O poți înlătura</string>
    <string name="unlocker_remove_msg">Dacă dorești, poți dezinstala Unlocker după <b>2 zile</b> de la achiziție/instalare</string>
    <string name="unlocker_free_reinstall_msg">Poți reinstala gratuit Unlocker din Google Play, oricând dorești</string>
    <string name="install">Instalare Poweramp</string>
    <string name="hide_icon">Ascundeți pictograma din lansator</string>
    <string name="start_poweramp">Pornește Poweramp</string>
    <string name="icon_hidden">Pictograma poate rămâne până la repornire</string>
    <string name="icon_shown">Pictograma poate să nu apară până la repornire</string>
</resources>
