<?xml version="1.0" encoding="utf-8"?>
<resources>
    <string name="paid_welcome_line1">תודה על הרכישה!</string>
    <string name="please_install_poweramp">אנא התקן את <b>Poweramp (ניסיון)</b> - זוהי האפליקציה הראשית.</string>
    <string name="install_trial_version_msg">הגרסה המלאה של Unlocker היא מפתח ל-Poweramp (גרסת ניסיון) שהופכת אותו לגרסה המלאה.\n\nUnlocker
אינו זקוק לסמל הפעלה, באפשרותך להסתירו.</string>
    <string name="unlocker_can_hide_icon">Unlocker אינו דורש סמל הפעלה. ניתן להסתיר אותו</string>
    <string name="unlocker_remove_msg">אם תרצו, באפשרותכם להסיר את ההתקנה של Unlocker לאחר &lt;b&gt;יומיים &lt;b/&gt; מיום הרכישה/התקנה</string>
    <string name="unlocker_free_reinstall_msg">תמיד תוכל להתקין מחדש את Unlocker מ-Google Play בחינם</string>
    <string name="install">התקן את Poweramp</string>
    <string name="hide_icon">הסתר את סמל ה-Unlocker מה-Launcher</string>
    <string name="start_poweramp">הפעל את PowerAmp</string>
    <string name="icon_hidden">הסמל עשוי להישאר עד לאתחול מחדש</string>
    <string name="icon_shown">הסמל עשוי לא להופיע עד לאתחול מחדש</string>
</resources>
