<?xml version="1.0" encoding="utf-8"?>
<resources xmlns:tools="http://schemas.android.com/tools">
	<string name="peq_app_name">Poweramp Equalizer</string>
	<string name="pref_known_players">他のプレイヤー</string>
	<string name="pref_summary_known_players">プレイヤーのイコライザーの有効化/無効化</string>
	<string name="pref_known_players_hint">他のアプリ (イコライザーをサポートしている場合) で音楽を再生したらここにそのアプリが表示されます</string>
	<string name="pref_known_players_hint2">イコライザーの設定を開始するにはいくつかのプレイヤーでは新規トラックの選択や一時停止/再生が必要になる場合があります</string>
	<string name="pref_known_players_hint3">端末の再起動後、イコライザーが1~2分遅延する場合があります。端末起動時に Powerampイコライザーの自動起動を許可することで遅延は軽減します。</string>
	<string name="pref_known_players_hint4">PowerampプレーヤーはMusicFXオプションとアプリ内のDVCを無効にすることで有効にできます</string>
	<string name="pref_enable_for_app">アプリを有効化</string>
	<string name="pref_last_time_seen">最終閲覧</string>
	<string name="pref_summary_eq_disable_dvc">このアプリへの直接的音量制御を無効化</string>
	<string name="pref_summary_eq_opt_player_restart">プレイヤーによって、このオプションは次に選択されたトラックやプレイヤーの再起動などに影響を及ぼす場合があります。</string>
	<string name="pref_summary_eq_player_fade">セッションを再生成する際、音声アーチファクトを回避するために、一時的にプレイヤーをフェードする。</string>
	<string name="pref_summary_eq_player_fade_msg">トラック変更時やシーク時などに継続的なセッションの再生成を行うことで、再生時の不具合軽減に寄与することができます。</string>
	<string name="volume_and_tweaks">音量と調整</string>
	<string name="pref_app_session_is_buggy_icon">このアプリには既知の不具合があります</string>
	<string name="pref_app_session_is_buggy">このアプリにはイコライザーにオーディオセッションが正常に報告されない既知の不具合があります</string>
	<string name="pref_app_multiple_sessions_bug">このアプリには複数のアクティブなオーディオセッションが生成させる既知の不具合があります</string>
	<string name="hint_session_com_google_android_apps_youtube_music"><![CDATA[この不具合を回避するには、YouTube Music 設定の ” ミュージック ビデオを再生しない” を選択、曲のビデオ/オーディオの切り替え、のどちらかあるいは両方をお試しください。]]></string>
	<string name="pref_report_bug_from_player">アプリ内から不具合を報告してください!</string>
	<string name="pref_press_for_bug_desc">バグの説明をコピーするにはここをタップしてください</string>
	<string name="enable_vis">ビジュアリゼーションを有効化</string>
	<string name="enable_vis_perm_required">視覚効果の有効化には許可が必要です</string>
	<string name="enable_vis_perm_no_mic">権限の名称に関わらず Poweramp Equalizer は音声を記録しません、またマイクも使用しません。</string>
	<string name="enable_vis_perm_later">後で設定からビジュアリゼーションを有効化できます</string>
	<string name="pref_enable_dvc_for_bt">BluetoothのDVCを有効化</string>
	<string name="pref_summary_enable_dvc_for_bt">Bluetooth の DVC には絶対音量/メディア音量同期システムのオプションを無効化する必要があります</string>
	<string name="pref_summary_peq_equalizer">イコライザー設定, 既知のプレイヤー, DVC</string>
	<string name="pref_summary_peq_look_and_feel">スキン, 言語, 通知</string>
	<string name="pref_utils">ユーティリティ</string>
	<string name="pref_summary_utils">ヘッドセット接続で再開, 音量ボタンのコントロール, 調整</string>
	<string name="pref_volume_keys">音量ボタン</string>
	<string name="pref_peq_volume_keys_long_press_hint">ボリュームキーの長押しで曲を切り替えます。こんもオプションは Android 8 以降の准公式機能を利用します。この機能は ADB またはシェルコマンド実行により有効になります。(1行のコマンドをコピーするにはここをタップしてください。)</string>
	<string name="pref_long_volume_resume">ボリュームキーの長押しで再開も行う</string>
	<string name="pref_summary_long_volume_resume">最近使用したプレイヤーで再生を開始するのと同様に再開コマンドを送る</string>
	<string name="h_first_start_msg">Poweramp Equalizer のインストール/初回起動前に起動したプレイヤーに対してイコライザーを有効化するには、一旦アプリの<b>一時停止</b>と<b>再起動</b>が必要となる場合があります。これはアプリ履歴から破棄することで行うことができます。</string>
	<string name="pref_notification_type_micro">小</string>
	<string name="pref_summary_notification_type_micro">省スペースな通知</string>
	<string name="pref_notification_type_standard">標準</string>
	<string name="pref_summary_notification_type_standard">標準サイズの通知</string>
	<string name="pref_peq_notification_msg1">Poweramp Equalizer を稼働させ続けるために通知が必要です</string>
	<string name="pref_peq_notification_msg2">アプリを積極的に kill するデバイスや Poweramp Equalizer が常に稼働している場合、ボリュームボタンやヘッドセットの接続への応答などの通知は特に重要です。</string>
	<string name="pref_peq_notification_msg3"><![CDATA[通知を隠すにはAndroidの通知設定の使用を推奨します。]]></string>
	<string name="pref_summary_peq_keep_notification_always">通知はプレイヤーが演奏していなくても表示されます。Poweramp Equalizer が次のプレイバックのために待機しています。</string>
	<string name="pref_summary_peq_keep_notification_always_msg">無効化すると通知はプレイヤーのクローズ後しばらくして消去され、以後、イコライゼーションを要求しません。</string>
	<string name="pref_summary_peq_no_keep_notif_on_dscn">ヘッドセットや Bluetooth が切断された時に通知は消去されます</string>
	<string name="pref_peq_buy">Poweramp Equalizer を購入</string>
	<string name="pref_peq_long_close_delay">イコライザーのセッションを維持</string>
	<string name="pref_summary_peq_long_close_delay">プレイヤーのアクティブなセッションを維持します。一時停止時にイコライザーセッションを一時停止し、再開時にオーディオアーティファクトを引き起こすプレイヤーに必要です。</string>
	<string name="pref_peq_doesnt_increase_res_usage">リソース消費は増加しませんが Poweramp イコライザーの起動がより長く維持されます</string>
	<string name="pref_peq_increases_res_usage">リソース消費が増加します</string>
	<string name="pref_test_build">テストビルド</string>
	<string name="test_build_expired">テストビルドは期限切れです</string>
	<string name="update_app">アプリをアップデートして下さい</string>
	<string name="thanks_for_testing">テストして頂きありがとうございます!</string>
	<string name="pref_peq_blocksize">ブロックサイズ</string>
	<string name="pref_summary_peq_blocksize">処理されるブロック内のサンプル数を指定します。ブロックサイズを大きくすると周波数分解能が向上しますが、CPU 使用率も向上します。オーディオがスキップする場合は減らして下さい。</string>
	<string name="pref_peq_blocksize_hires">ハイレゾのブロックサイズ</string>
	<string name="pref_summary_peq_blocksize_hires">ハイレゾ/LDAC のようなオーディオがスキップする場合にハイレゾのブロックサイズを小さくすることができます</string>
	<string name="pref_peq_blocksize_hires_msg">ほとんどのストリーミングプレイヤーは 44.1kHz/48kHz を使用するため、余分なリサンプリングや CPU 使用率の増加を避けるために、LDAC (または他のハイレゾ出力) にも 44.1/48kHz に設定することをお勧めします。</string>
	<string name="pref_peq_blocksize_msg_android_9">Android 9 には低音が増幅された時に関係するクリック音を回避するために、必要以上に大きなブロックサイズを必要とする不具合があります。</string>
	<string name="pref_peq_multi_session">マルチセッション</string>
	<string name="pref_summary_peq_multi_session">プレイヤーアプリが複数のアクティブなオーディオセッションを生成する時の不具合を回避する</string>
	<!-- I.e. playback audio session -->
	<string name="audio_session">オーディオセッション</string>
	<string name="samples_d">サンプル数: %d</string>
	<string name="compressor">コンプレッサー</string>
	<string name="h_compressor">ダイナミックレンジコンプレッション</string>
	<string name="pref_summary_peq_compressor">追加のコンプレッサーパラメーター</string>
	<!-- %.1 is replaced to a number of milliseconds -->
	<string name="f1_ms">%.1fms</string>
	<!-- %.0 is replaced to a number of milliseconds -->
	<string name="f0_ms">%.0fms</string>
	<!-- (Compressor) Attack time -->
	<string name="compr_attack">アタック</string>
	<!-- (Compressor) Release time -->
	<string name="compr_release">リリース</string>
	<!-- (Compressor) Ratio -->
	<string name="compr_ratio">レシオ</string>
	<!-- (Compressor) Knee -->
	<string name="compr_knee">ニー</string>
	<!-- (Compressor) Threshold -->
	<string name="compr_thr">スレッショルド</string>
	<!-- (Compressor) Gain -->
	<string name="compr_gain">ゲイン</string>
	<!-- (Compressor) Frequency -->
	<string name="compr_freq">周波数</string>
	<!-- (Compressor) Expand Ratio -->
	<string name="compr_expand_ratio">拡張レシオ</string>
	<!-- (Compressor) Noise Gate -->
	<string name="compr_noise_gate">ノイズゲート</string>
	<!-- (Compressor) Pre-gain -->
	<string name="compr_pregain">プリゲイン</string>
	<string name="recently_rebooted">最近再起動されました</string>
	<string name="recently_rebooted_msg">OS の制限により再起動後に最大数分間の遅延でイコライザーが開始される場合があります</string>
	<string name="pref_peq_enable">オーディオ処理を有効化</string>
	<string name="pref_summary_peq_enable">無効にするとオーディオは処理されません</string>
	<string name="audio_processing_disabled">オーディオ処理は無効です</string>
	<string name="peq_enable_press_to_reenable"><![CDATA[<a href="settings/peq_equ#peq_enable">再有効化するにはここを押す</a>]]></string>
	<!-- Icon -->
	<string name="black_equ">黒いイコライザー</string>
	<!-- Icon -->
	<string name="white_equ">白いイコライザー</string>
	<string name="active_players">有効なプレイヤー</string>
	<string name="pref_about_peq">Poweramp Equalizer について</string>
	<string name="h_recognized_active_players">認識されアクティブなプレイヤー</string>
	<string name="pref_advanced_player_tracking">詳細なプレイヤー追跡</string>
	<string name="pref_summary_advanced_player_tracking">ほとんどのプレイヤーでのイコライゼーションを許可します。さらに権限の許可が要求されます。</string>
	<!-- "DUMP" is probably shoud not be translated -->
	<string name="pref_dump_permission">DUMP 権限</string>
	<!-- "DUMP", "ADB" - probably shoud not be translated, "shell" - means shell command console -->
	<string name="pref_dump_permission_hint">DUMP 権限はすべての音声再生セッションのリストを取得するのに使用されます。これは ADB (またはシェル) コマンドで有効化されます (1行コマンドをコピーするにはここをクリックしてください)。</string>
	<string name="pref_notification_listener_permission">通知リスナー権限</string>
	<string name="pref_notification_listener_permission_hint">通知リスナー権限はプレイヤーが通知の投稿や再生・一次停止の状態変更を行った時の追跡に使用されます。</string>
	<string name="pref_notification_listener_permission_hint2">Poweramp イコライザーはメディアプレイヤーの通知のみにアクセスします。</string>
	<string name="pref_enable_player_tracking">プレイヤー追跡を有効にします</string>
	<string name="pref_requires_two_permissions">2つの権限が要求されました</string>
	<string name="pref_advanced_experimental_feature">これは実験的な機能です</string>
</resources>
