<?xml version="1.0" encoding="utf-8"?>
<resources>
    <string name="paid_welcome_line1">ご購入ありがとうございました！</string>
    <string name="please_install_poweramp">メインアプリの<b>Poweramp (Trial)</b>をインストールしてください。</string>
    <string name="install_trial_version_msg">Poweramp Full Version UnlockerはPoweramp (Trial) を完全版にするためのライセンスキーです。</string>
    <string name="unlocker_can_hide_icon">Unlockerに起動アイコンは不要なため、隠すことができます。</string>
    <string name="unlocker_remove_msg">Unlockerの購入またはインストールから<b>2日</b>以内であればアンインストールすることができます。</string>
    <string name="unlocker_free_reinstall_msg">UnlockerアプリはGoogle Playからいつでも再インストールできます。</string>
    <string name="install">Powerampをインストール</string>
    <string name="hide_icon">Unlockerのアイコンをランチャーから隠す</string>
    <string name="start_poweramp">Powerampを起動</string>
    <string name="icon_hidden">再起動するまでアイコンは消えないかもしれません</string>
    <string name="icon_shown">再起動するまでアイコンは表示されないかもしれません</string>
</resources>
