<?xml version="1.0" encoding="utf-8"?>
<resources xmlns:tools="http://schemas.android.com/tools">
	<string name="peq_app_name">Poweramp 等化器</string>
	<string name="pref_known_players">已知播放器</string>
	<string name="pref_summary_known_players">為播放器啟用/關閉等化器</string>
	<string name="pref_known_players_hint">在任何播放器中播放內容，則該App(若有支援等化器)會顯示在此處</string>
	<string name="pref_known_players_hint2">某些播放器可能需要選取新音軌、暫停或是重新開始以啟動等化器</string>
	<string name="pref_known_players_hint3">重新開機後，等化器可能會延遲1至2分鐘生效。允許Poweramp等化器於開機時自動啟動可以縮短延遲時間</string>
	<string name="pref_known_players_hint4">Poweramp播放器被忽略</string>
	<string name="pref_enable_for_app">在App啟用</string>
	<string name="pref_last_time_seen">最後一次出現</string>
	<string name="pref_summary_eq_disable_dvc">關閉此App的直接音量控制</string>
	<string name="pref_summary_eq_opt_player_restart">依據播放器不同，此選項可能在下一首、播放器重啟等狀況下才生效</string>
	<string name="pref_summary_eq_player_fade">當音訊期間重新建立時，先暫時淡出播放器以避免雜訊</string>
	<string name="pref_summary_eq_player_fade_msg">幫助緩和播放器持續重新創建音訊期間的問題: 變換音軌、搜尋等</string>
	<string name="volume_and_tweaks">音量和微調</string>
	<string name="pref_app_session_is_buggy_icon">此App有已知的問題</string>
	<string name="pref_app_session_is_buggy">此App有無法適切回報音訊期間資訊給等化器的已知問題</string>
	<string name="pref_app_multiple_sessions_bug">此App有建立多個同時有效音訊期間的已知問題</string>
	<string name="hint_session_com_google_android_apps_youtube_music"><![CDATA[要解決這個問題，YouTube Music的"不要播放音樂影像"設定可能有效，或者嘗試切換看看音軌的影像/聲音版本]]></string>
	<string name="pref_report_bug_from_player">請在播放器App內回報此問題!</string>
	<string name="pref_press_for_bug_desc">按此複製問題描述</string>
	<string name="enable_vis">啟用視覺效果</string>
	<string name="enable_vis_perm_required">視覺效果需要權限</string>
	<string name="enable_vis_perm_no_mic">雖然要求的權限名稱可能因起誤解，但Poweramp等化器決不會錄下聲音或使用麥克風</string>
	<string name="enable_vis_perm_later">您之後仍可在設定中啟用視覺效果</string>
	<string name="pref_enable_dvc_for_bt">為藍牙啟用DVC</string>
	<string name="pref_summary_enable_dvc_for_bt">在藍牙使用DVC需要關閉絕對音量/媒體音量同步的系統選項</string>
	<string name="pref_summary_peq_equalizer">等化器設定、已知播放器、直接音量控制</string>
	<string name="pref_summary_peq_look_and_feel">主題、語言、通知訊息</string>
	<string name="pref_utils">工具</string>
	<string name="pref_summary_utils">在耳機連線、音量控制、微調後繼續播放</string>
	<string name="pref_volume_keys">音量按鈕</string>
	<string name="pref_peq_volume_keys_long_press_hint">透過長按音量按鈕切換音軌。此選項使用了Android 8+中的半公開API，只能透過ADB(或是shell)命令啟用(一行指令，按此複製)</string>
	<string name="pref_long_volume_resume">長按音量鍵也能繼續播放</string>
	<string name="pref_summary_long_volume_resume">送出繼續播放命令並同時在最近使用的播放器中開始播放</string>
	<string name="h_first_start_msg">要在Poweramp等化器安裝/首次執行前就已經啟動的播放器中啟用等化器，您可能需要<b>暫停</b>並透過在最近使用的App列表中，把它關閉後再<b>重啟</b>一次</string>
	<string name="pref_notification_type_micro">微小型</string>
	<string name="pref_summary_notification_type_micro">占用最小空間的通知訊息</string>
	<string name="pref_notification_type_standard">標準</string>
	<string name="pref_summary_notification_type_standard">標準大小的通知訊息</string>
	<string name="pref_peq_notification_msg1">要確保Poweramp等化器不被終止，需要有通知訊息</string>
	<string name="pref_peq_notification_msg2">通知訊息在某些裝置上特別重要，以免App被自動關閉，或是當Poweramp等化器應該持續執行，例如要處理音量按鈕的操作或是耳機的連接</string>
	<string name="pref_peq_notification_msg3"><![CDATA[建議透過<a href="android_notif_settings">Android通知設定</a>"隱藏通知訊息]]></string>
	<string name="pref_summary_peq_keep_notification_always">即使App沒在播放音樂，通知訊息仍會持續存在，以便Poweramp等化器在下次播放前隨時就緒</string>
	<string name="pref_summary_peq_keep_notification_always_msg">如果關閉此功能，通知訊息在播放器關閉且不需要等化器一段時間之後會被移除</string>
	<string name="pref_summary_peq_no_keep_notif_on_dscn">通知訊息在耳機/藍牙連接斷開後被移除</string>
	<string name="pref_peq_buy">購買Poweramp等化器</string>
	<string name="pref_peq_long_close_delay">保持等化器期間</string>
	<string name="pref_summary_peq_long_close_delay">保留播放器運作中的期間。對於會在暫停時關閉等化器期間，進而導致雜訊出現的播放器有需要</string>
	<string name="pref_peq_doesnt_increase_res_usage">不會增加資源用量，但能夠讓Poweramp等化器留存較久</string>
	<string name="pref_peq_increases_res_usage">增加資源使用</string>
	<string name="pref_test_build">測試版本</string>
	<string name="test_build_expired">測試版本已過期</string>
	<string name="update_app">請更新App</string>
	<string name="thanks_for_testing">謝謝您參與測試!</string>
	<string name="pref_peq_blocksize">區塊大小</string>
	<string name="pref_summary_peq_blocksize">定義在處理區塊內的樣本數。較大的區塊可以提升頻率解析度，但也會耗用更多CPU。如果聲音有跳過的狀況，請降低區塊大小</string>
	<string name="pref_peq_blocksize_hires">Hi-Res音訊使用的區塊大小</string>
	<string name="pref_summary_peq_blocksize_hires">如果聲音出現被跳過的狀況，例如在播放Hi-Res/LDAC時，可以調降用於Hi-Res音訊的區塊大小</string>
	<string name="pref_peq_blocksize_hires_msg">因為多數串流播放器使用44.1kHz/48kHz，針對LDAC(或其他Hi-Res輸出)建議選用44.1kHz/48kHz，也能避免額外的重新取樣以及CPU使用量</string>
	<string name="pref_peq_blocksize_msg_android_9">Android 9有個錯誤，導致需要使用較大的區塊來避免放大低音時產生相關的雜音</string>
	<string name="pref_peq_multi_session">多重期間</string>
	<string name="pref_summary_peq_multi_session">藉此解決當播放器創建了多個進行中的音訊期間導致的問題</string>
	<!-- I.e. playback audio session -->
	<string name="audio_session">音訊期間</string>
	<string name="samples_d">取樣: %d</string>
	<string name="compressor">壓縮器</string>
	<string name="h_compressor">動態範圍壓縮</string>
	<string name="pref_summary_peq_compressor">額外的壓縮器參數</string>
	<!-- %.1 is replaced to a number of milliseconds -->
	<string name="f1_ms">%.1fms</string>
	<!-- %.0 is replaced to a number of milliseconds -->
	<string name="f0_ms">%.0fms</string>
	<!-- (Compressor) Attack time -->
	<string name="compr_attack">開始</string>
	<!-- (Compressor) Release time -->
	<string name="compr_release">釋放</string>
	<!-- (Compressor) Ratio -->
	<string name="compr_ratio">比例</string>
	<!-- (Compressor) Knee -->
	<string name="compr_knee">轉折</string>
	<!-- (Compressor) Threshold -->
	<string name="compr_thr">閥值</string>
	<!-- (Compressor) Gain -->
	<string name="compr_gain">增益</string>
	<!-- (Compressor) Frequency -->
	<string name="compr_freq">頻率</string>
	<!-- (Compressor) Expand Ratio -->
	<string name="compr_expand_ratio">擴展比例</string>
	<!-- (Compressor) Noise Gate -->
	<string name="compr_noise_gate">雜訊閘</string>
	<!-- (Compressor) Pre-gain -->
	<string name="compr_pregain">前級增益</string>
	<string name="recently_rebooted">最近重新開機</string>
	<string name="recently_rebooted_msg">受限於作業系統，重新開機後等化器可能會延後幾分鐘才啟動</string>
	<string name="pref_peq_enable">啟用音訊處理</string>
	<string name="pref_summary_peq_enable">關閉時音訊將不會被處理</string>
	<string name="audio_processing_disabled">音訊處理已關閉</string>
	<string name="peq_enable_press_to_reenable"><![CDATA[<a href="settings/peq_equ#peq_enable">按此以啟用</a>]]></string>
	<!-- Icon -->
	<string name="black_equ">黑色等化器</string>
	<!-- Icon -->
	<string name="white_equ">白色等化器</string>
	<string name="active_players">執行中的播放器</string>
	<string name="pref_about_peq">關於Poweramp等化器</string>
	<string name="h_recognized_active_players">已知可用的播放器</string>
	<string name="pref_advanced_player_tracking">進階播放器追蹤</string>
	<string name="pref_summary_advanced_player_tracking">允許在幾乎任何播放器中使用等化器，但是需要額外的權限</string>
	<!-- "DUMP" is probably shoud not be translated -->
	<string name="pref_dump_permission">DUMP權限</string>
	<!-- "DUMP", "ADB" - probably shoud not be translated, "shell" - means shell command console -->
	<string name="pref_dump_permission_hint">DUMP權限是用來取得所有播放中的音訊期間清單。此權限只能透過ADB(或是shell)命令啟用(點此複製單行命令):</string>
	<string name="pref_notification_listener_permission">通知訊息聆聽權限</string>
	<string name="pref_notification_listener_permission_hint">通知訊息聆聽權限是在播放器張貼其通知訊息，而且/或是變更它們的播放/暫停狀態時追蹤使用</string>
	<string name="pref_notification_listener_permission_hint2">Poweramp等化器只會存取媒體播放器通知訊息</string>
	<string name="pref_enable_player_tracking">啟用播放器追蹤</string>
	<string name="pref_requires_two_permissions">需要兩個權限</string>
	<string name="pref_advanced_experimental_feature">這是一項進階的實驗功能</string>
</resources>
