<?xml version="1.0" encoding="utf-8"?>
<resources>
    <string name="paid_welcome_line1">謝謝你的訂購！</string>
    <string name="please_install_poweramp">請先安裝<b>Poweramp (試用版)</b> - 這是主應用程式</string>
    <string name="install_trial_version_msg">完整版解鎖器是Poweramp (試用版)的解鎖程式，可將其變成完整版。</string>
    <string name="unlocker_can_hide_icon">完整版解鎖器不需要啟動器圖示，您可以隱藏它。</string>
    <string name="unlocker_remove_msg">您可以在購買/安裝後 <b>2天</b>將完整版解鎖器解除安裝</string>
    <string name="unlocker_free_reinstall_msg">您隨時可以免費從Play商店安裝完整版解鎖器</string>
    <string name="install">安裝Poweramp</string>
    <string name="hide_icon">隱藏啟動器圖示</string>
    <string name="start_poweramp">啟動Poweramp</string>
    <string name="icon_hidden">圖示可能在重新開機前仍存在</string>
    <string name="icon_shown">圖示可能在重新開機後才會出現</string>
</resources>
