<?xml version="1.0" encoding="utf-8"?>
<resources>
    <string name="paid_welcome_line1">شكراً لطلبكم معنا!</string>
    <string name="please_install_poweramp">يرجى تثبيت <b>Poweramp (Trial)</b> - إنه التطبيق الرئيسي.</string>
    <string name="install_trial_version_msg">مفتاح تفعيل النسخه الكاملة هو عبارة عن برنامج مساعد للنسخه التجريبية (poweramp trial) والذي يحولها لنسخه كاملة. </string>
    <string name="unlocker_can_hide_icon">لا يحتاج \"مفتاح التفعيل\" إلى أيقونة المُشغل. يمكنك إخفائها</string>
    <string name="unlocker_remove_msg">يمكنك إلغاء تثبيت مفتاح التفعيل بعد <b>يومين</b> من الشراء/التثبيت إذا رغبت في ذلك</string>
    <string name="unlocker_free_reinstall_msg">يمكنك دائمًا إلغاء تثبيت مفتاح التفعيل من Play مجانًا</string>
    <string name="install">تثبيت باورامب (poweramp)</string>
    <string name="hide_icon">اخفاء ايقونة الغاء القفل من منصة الإطلاق</string>
    <string name="start_poweramp">بدأ تشغيل Poweramp</string>
    <string name="icon_hidden">الايقونة ممكن أن تظل إلى ان تتم اعادة التشغيل</string>
    <string name="icon_shown">الايقونة ممكن ان تختفي حين اعادة التشغيل</string>
</resources>
