<?xml version="1.0" encoding="utf-8"?>
<resources xmlns:tools="http://schemas.android.com/tools">
	<string name="peq_app_name">معادل الصوت Poweramp</string>
	<string name="pref_known_players">اللاعبين المعروفين</string>
	<string name="pref_summary_known_players">تفعيل/الغاء معادلة الصوت لتطيبيقات التشغيل الأخرى</string>
	<string name="pref_known_players_hint">قم بتشغيل اي شيء في أحد تطبيقات التشغيل الأخرى (في حال كان معادل الصوت مدعوم) سيكون التطبيق ظاهر هنا</string>
	<string name="pref_known_players_hint2">بعض برامج التشغيل الأخرى قد تحتاج إختيار المسار الجديد أو إيقافه مؤقتاً ومن ثم إعادة التشغيل لبدء تشغيل معادل الصوت</string>
	<string name="pref_known_players_hint3">بعد إعادة التشغيل, قد يكون هناك تأخر في تشغيل معادل الصوت تقريباً ١-٢ دقيقة.
السماح لمعادل الصوت Poweramp بالتشغيل الاوتوماتيكي عند الإقلاع يقلل التأخير</string>
	<string name="pref_known_players_hint4">مشغل Poweramp يمكن تفعيله مع خيار MusicFX وأيضاً مع ألغاء تفعيل DVC داخل تطبيق Poweramp</string>
	<string name="pref_enable_for_app">التفعيل للتطبيق</string>
	<string name="pref_last_time_seen">ما تم مشاهدة في المرة الأخير</string>
	<string name="pref_summary_eq_disable_dvc">إلغاء تفعيل خاصية التحكم الصوتي المباشر لهذا التطبيق</string>
	<!-- I.e. playback audio session -->
	<!-- %.1 is replaced to a number of milliseconds -->
	<!-- %.0 is replaced to a number of milliseconds -->
	<!-- (Compressor) Attack time -->
	<!-- (Compressor) Release time -->
	<!-- (Compressor) Ratio -->
	<!-- (Compressor) Knee -->
	<!-- (Compressor) Threshold -->
	<!-- (Compressor) Gain -->
	<!-- (Compressor) Frequency -->
	<!-- (Compressor) Expand Ratio -->
	<!-- (Compressor) Noise Gate -->
	<!-- (Compressor) Pre-gain -->
	<!-- Icon -->
	<!-- Icon -->
	<!-- "DUMP" is probably shoud not be translated -->
	<!-- "DUMP", "ADB" - probably shoud not be translated, "shell" - means shell command console -->
</resources>
