<?xml version="1.0" encoding="utf-8"?>
<resources>
    <string name="paid_welcome_line1">ক্রয়ের জন্য আপনাকে ধন্যবাদ!</string>
    <string name="please_install_poweramp">দয়া করে<b>Poweramp (Trial)</b> ইন্সটল করুন - এটিই মূল অ্যাপ্লিকেশন</string>
    <string name="install_trial_version_msg">সম্পূর্ণ সংস্করণ উন্মুক্ত হল পাওয়ারঅ্যাম্প (নিরীক্ষা) এর বিশেষ সংযুক্তি, যেটা সম্পূর্ন সংস্করণে পরিবর্তন করবে।</string>
    <string name="unlocker_can_hide_icon">আনলকার আইকনটি আড়াল করতে পারবেন</string>
    <string name="unlocker_remove_msg">আপনি আনলকারটি আনইন্সটল করতে পারবেন <b>২ দিন পরে</b> ক্রয়/ইনস্টলেশনের পর আপনার ইচ্ছা অনুযায়ী</string>
    <string name="unlocker_free_reinstall_msg">আপনি আনলকার টি যেকোনো সময় প্লে স্টোর থেকে ফ্রিতে পুনরায় ইন্সটল করতে পারবেন</string>
    <string name="install">পাওয়ারঅ্যাম্প ইন্সটল করুন</string>
    <string name="hide_icon">আনলকার আইকনটিকে লঞ্চার থেকে লুকিয়ে রাখুন</string>
    <string name="start_poweramp">Poweramp চালু করুন</string>
    <string name="icon_hidden">রিবুট করার পূর্ব পর্যন্ত আইকন প্রদর্শিত হবে</string>
    <string name="icon_shown">রিবুট করার আগে আইকন প্রদর্শিত হবে না</string>
</resources>
