<?xml version="1.0" encoding="utf-8"?>
<resources xmlns:tools="http://schemas.android.com/tools">
	<string name="peq_app_name">পাওয়ার অ্যাম্প ইকুলাইজার</string>
	<string name="pref_known_players">পরিচিত প্লেয়ারগুলো</string>
	<string name="pref_summary_known_players">প্লেয়ার এ্যাপ এর জন্য equalization সক্রিয়/নিষ্ক্রিয়</string>
	<string name="pref_known_players_hint">কোনকিছু চালাও যেকোন প্লেয়ার অ্যাপ এ (যদি equalization সমর্থন করে) অ্যাপটি এখানে দেখাবে</string>
	<string name="pref_known_players_hint3">রিবুটের পরে, equalization হয়তো ১-২ মিনিটের বিলম্ব করতে পারে। বিলম্বটি Poweramp Equalizer কে বুট-এ সয়ংক্রিয়তে অনুমতি দিয়ে হ্রাস করা হয়</string>
	<string name="pref_enable_for_app">অ্যাপের জন্য সক্রিয় করুন</string>
	<string name="pref_last_time_seen">শেষ দেখার সময়</string>
	<string name="pref_summary_eq_disable_dvc">সরাসরি ভলিউম নিয়ন্ত্রন নিষ্ক্রিয় করুন এই অ্যাপটির জন্য</string>
	<string name="volume_and_tweaks">ভলিউম এবং টুইকস্‌</string>
	<string name="enable_vis">দৃশ্যায়ন সক্রিয় করুন</string>
	<string name="pref_notification_type_micro">মাইক্রো</string>
	<string name="pref_peq_buy">Poweramp Equalizer কিনুন</string>
	<string name="update_app">দয়া করে অ্যাপটি আপডেট করুন</string>
	<string name="pref_peq_blocksize">ব্লকের মাপ</string>
	<!-- I.e. playback audio session -->
	<!-- %.1 is replaced to a number of milliseconds -->
	<!-- %.0 is replaced to a number of milliseconds -->
	<!-- (Compressor) Attack time -->
	<string name="compr_attack">আক্রমণ</string>
	<!-- (Compressor) Release time -->
	<string name="compr_release">মুক্তি</string>
	<!-- (Compressor) Ratio -->
	<!-- (Compressor) Knee -->
	<!-- (Compressor) Threshold -->
	<!-- (Compressor) Gain -->
	<string name="compr_gain">অর্জন</string>
	<!-- (Compressor) Frequency -->
	<!-- (Compressor) Expand Ratio -->
	<!-- (Compressor) Noise Gate -->
	<!-- (Compressor) Pre-gain -->
	<!-- Icon -->
	<!-- Icon -->
	<!-- "DUMP" is probably shoud not be translated -->
	<!-- "DUMP", "ADB" - probably shoud not be translated, "shell" - means shell command console -->
	<string name="pref_enable_player_tracking">প্লেয়ার Tracking সক্রিয় করুন</string>
	<string name="pref_requires_two_permissions">দুটি অনুমতি প্রয়োজন</string>
	<string name="pref_advanced_experimental_feature">এটি একটি উন্নত পরিক্ষামূলক ফিউচার</string>
</resources>
