<?xml version="1.0" encoding="utf-8"?>
<resources xmlns:tools="http://schemas.android.com/tools">
	<string name="peq_app_name">Poweramp Equalizer</string>
	<string name="pref_known_players">Kendte afspillere</string>
	<string name="pref_summary_known_players">Aktivér/deaktivér equalizering til afspiller-apps</string>
	<string name="pref_known_players_hint">Afspil noget i enhver afspiller-app, og (hvis equalisering understøttes) vises appen hér</string>
	<string name="pref_known_players_hint2">Visse afspillere kan kræve, at det nye spor vælges eller pause og genstarte for at starte equalisering</string>
	<string name="pref_known_players_hint3">Efter genstart kan equalisering være forsinket med 1-2 minutter. At tillade Poweramp Equalizer at autostarte ved boot reducerer forsinkelsen</string>
	<string name="pref_known_players_hint4">Poweramp-afspilleren ignoreres</string>
	<string name="pref_enable_for_app">Aktivér for app</string>
	<string name="pref_last_time_seen">Senest set</string>
	<string name="pref_summary_eq_disable_dvc">Deaktivér Direkte Lydstyrkekontrol for denne app</string>
	<string name="pref_summary_eq_opt_player_restart">Afhængigt af afspiller effektueres denne indstilling muligvis ved det næste valgte spor, afspilllergenstart mv.</string>
	<string name="pref_summary_eq_player_fade">Nedton midlertidigt afspiller ved sessionsgenskabelse for at undgå lydartefakter</string>
	<string name="pref_summary_eq_player_fade_msg">Hjælper med at afbøde afspillerfejl ifm. den konstante lydsessionsgenskabelse: ved f.eks. sporskift, søgning mv.</string>
	<string name="volume_and_tweaks">Lydstyrke og tilpasninger</string>
	<string name="pref_app_session_is_buggy_icon">Denne app indeholder en kendt fejl</string>
	<string name="pref_app_session_is_buggy">Denne app indeholder en kendt fejl ift. ikke korrekt at rapportere Lydsession til equalizere</string>
	<string name="pref_app_multiple_sessions_bug">Denne app har en kendt fejl ift. at oprette flere aktive lydsessioner</string>
	<string name="hint_session_com_google_android_apps_youtube_music"><![CDATA[Som en fejlløsning kan valg af "Afspil ikke musikvideoer" i YouTube Musik-indstillingerne måske hjælpe eller at skifte mellem video-/lydversioner af et spor]]></string>
	<string name="pref_report_bug_from_player">Anmeld venligst fejlen via selve afspiller-appen!</string>
	<string name="pref_press_for_bug_desc">Tryk hér for at kopiere fejlbeskrivelsen</string>
	<string name="enable_vis">Aktivér Visualisering</string>
	<string name="enable_vis_perm_required">Tilladelse kræves for at aktivere Visualisering</string>
	<string name="enable_vis_perm_no_mic">Trods tilladelsesnavnet, så vil Poweramp Equalizer aldrig optage lyd eller benytter mikrofonen</string>
	<string name="enable_vis_perm_later">Du kan aktivere Visualisering senere i Indstillinger</string>
	<string name="pref_enable_dvc_for_bt">Ativér DVC til Bluetooth</string>
	<string name="pref_summary_enable_dvc_for_bt">DVC til Bluetooth kræver, at systemindstillingen Absolut Lydstyrke/Medielydstyrkesynk er slået fra</string>
	<string name="pref_summary_peq_equalizer">Equalizer-indstillinger, kendte afspillere, DVC</string>
	<string name="pref_summary_peq_look_and_feel">Skin, sprog, notifikationer</string>
	<string name="pref_utils">Værktøjer</string>
	<string name="pref_summary_utils">Genoptag ved hovedtelefontilslutning, lydstyrketastbetjening, tilpasninger</string>
	<string name="pref_volume_keys">Lydstyrketaster</string>
	<string name="pref_peq_volume_keys_long_press_hint">Skift spor vha. langt tryk på lydstyrketasterne. Denne mulighed bruger en semi-officiel Android 8+ API, som kun kan aktiveres via ADB- eller shell-kommando (én linje, tryk hér for at kopiere kommandoen):</string>
	<string name="pref_long_volume_resume">Genoptag også via langt tryk på Lydstyrketast</string>
	<string name="pref_summary_long_volume_resume">Send også en Genoptag-kommando for at begynde afspilning i den senest anvendte afspiller</string>
	<string name="h_first_start_msg">For at muliggøre equalisering for afspilleren, der startes før installation af Poweramp Equalizer/første afvikling
skal du muligvis <b>pause</b> og <b>genstarte</b> den en gang ved at fjerne den fra seneste apps</string>
	<string name="pref_notification_type_micro">Mikro</string>
	<string name="pref_summary_notification_type_micro">Notifikation, der bruger så lidt plads som muligt</string>
	<string name="pref_notification_type_standard">Standard</string>
	<string name="pref_summary_notification_type_standard">Standardstørrelse notifikation</string>
	<string name="pref_peq_notification_msg1">Notifikationen kræves for at holde Poweramp Equalizer i live</string>
	<string name="pref_peq_notification_msg2">Notifikationen er især vigtig på enheder, som standser apps for aggresivt, eller når Poweramp Equalizer altid skal være i live f.eks. for at reagere på lydstyrkeknapper eller en hovedtelefontilslutning</string>
	<string name="pref_peq_notification_msg3"><![CDATA[Den anbefalede måde at skjule notifikationen på er via <a href="android_notif_settings">Android-notifikationsindstillingerne</a>"]]></string>
	<string name="pref_summary_peq_keep_notification_always">Notifikationen forbliver synlig, selv hvis afspiller-appen ikke afspiller, så Poweramp Equalizer dermed er klar til næste afspilning</string>
	<string name="pref_summary_peq_keep_notification_always_msg">Hvis deaktiveret, så fjernes notifikationen noget tid efter, at afspillerne lukkes og dermed ikke længere anmoder om equalisering</string>
	<string name="pref_summary_peq_no_keep_notif_on_dscn">Notifikationen fjernes ved hovedtelefon/BT frakobling</string>
	<string name="pref_peq_buy">Køb Poweramp Equalizer</string>
	<string name="pref_peq_long_close_delay">Behold Equalizer-session</string>
	<string name="pref_summary_peq_long_close_delay">Behold afspillersessionen. Nødvendigt for afspillere, som lukker en equaliseringssession, der er på pause og forårsager lydartefakter ved genoptagelse</string>
	<string name="pref_peq_doesnt_increase_res_usage">Forøger ikke ressourceforbruget, men holder Poweramp Equalizer i live længere</string>
	<string name="pref_peq_increases_res_usage">Forøger ressourceforbruget</string>
	<string name="pref_test_build">Test Build</string>
	<string name="test_build_expired">Test-build udløbet</string>
	<string name="update_app">Opdatér venligst appen</string>
	<string name="thanks_for_testing">Tak for din aftestning!</string>
	<string name="pref_peq_blocksize">Blokstørrelse</string>
	<string name="pref_summary_peq_blocksize">Definerer antallet af samples i den behandlede blok. Større blokstørrelse øger frekvensopløsningen, men øger også CPU-forbruget. Reducér, hvis lyd overspringes</string>
	<string name="pref_peq_blocksize_hires">Blokstørrelse for Hi-Res</string>
	<string name="pref_summary_peq_blocksize_hires">Blokstørrelse for Hi-Res lyd kan reduceres, hvis lyd overspringes f.eks. ved Hi-Res/LDAC-afspilning</string>
	<string name="pref_peq_blocksize_hires_msg">Da de fleste streaming-afspillere bruger 44,1 kHz/48 kHz, anbefales det også at indstille 44,1/48 kHz til LDAC (eller andre Hi-Res udgange) for at undgå ekstra sampling og/eller øget CPU-forbrug</string>
	<string name="pref_peq_blocksize_msg_android_9">Android 9 har en fejl, der kræver større blokstørrelse for at undgå basafledte klik, når bas forstærkes</string>
	<string name="pref_peq_multi_session">Multisession</string>
	<string name="pref_summary_peq_multi_session">Løsning på en fejl ift. når afspiller-apppen opretter flere aktive lydsessioner</string>
	<!-- I.e. playback audio session -->
	<string name="audio_session">Lydsession</string>
	<string name="samples_d">Samples: %d</string>
	<string name="compressor">Kompressor</string>
	<string name="h_compressor">Dynamikområdekompression</string>
	<string name="pref_summary_peq_compressor">Ekstra kompressorparametre</string>
	<!-- %.1 is replaced to a number of milliseconds -->
	<string name="f1_ms">%.1f ms</string>
	<!-- %.0 is replaced to a number of milliseconds -->
	<string name="f0_ms">%.0f ms</string>
	<!-- (Compressor) Attack time -->
	<string name="compr_attack">Attack</string>
	<!-- (Compressor) Release time -->
	<string name="compr_release">Release</string>
	<!-- (Compressor) Ratio -->
	<string name="compr_ratio">Forhold</string>
	<!-- (Compressor) Knee -->
	<string name="compr_knee">Knee</string>
	<!-- (Compressor) Threshold -->
	<string name="compr_thr">Grænseværdi</string>
	<!-- (Compressor) Gain -->
	<string name="compr_gain">Forstærkning</string>
	<!-- (Compressor) Frequency -->
	<string name="compr_freq">Frekvens</string>
	<!-- (Compressor) Expand Ratio -->
	<string name="compr_expand_ratio">Udvidelsesforhold</string>
	<!-- (Compressor) Noise Gate -->
	<string name="compr_noise_gate">Støjport</string>
	<!-- (Compressor) Pre-gain -->
	<string name="compr_pregain">Forforstærkning</string>
	<string name="recently_rebooted">Nyligt genstartet</string>
	<string name="recently_rebooted_msg">Equalisering kan starte med op til et par minutters forsinkelse efter genstart grundet OS-begrænsningen</string>
	<string name="pref_peq_enable">Aktivér Lydbehandling</string>
	<string name="pref_summary_peq_enable">Hvis deaktiveret, sker ingen lydbehandling</string>
	<string name="audio_processing_disabled">Lydbehandling deaktiveret</string>
	<string name="peq_enable_press_to_reenable"><![CDATA[<a href="settings/peq_equ#peq_enable">Tryk hér for at genaktivere</a>]]></string>
	<!-- Icon -->
	<string name="black_equ">Sort Equalizer</string>
	<!-- Icon -->
	<string name="white_equ">Hvid Equalizer</string>
	<string name="active_players">Aktive afspillere</string>
	<string name="pref_about_peq">Om Poweramp Equalizer</string>
	<string name="h_recognized_active_players">Omorganisér aktive afspillere</string>
	<string name="pref_advanced_player_tracking">Avanceret afspillersporing</string>
	<string name="pref_summary_advanced_player_tracking">Tillader equalisering i næsten enhver afspiller, men kræver yderligere tilladelser</string>
	<!-- "DUMP" is probably shoud not be translated -->
	<string name="pref_dump_permission">DUMP-tilladelse</string>
	<!-- "DUMP", "ADB" - probably shoud not be translated, "shell" - means shell command console -->
	<string name="pref_dump_permission_hint">DUMP-tilladelsen bruges til at få en liste over alle lydsessioner for alle afspillere. Denne kan kun aktiveres via en ADB / shell-kommando (klik her for at kopiere kommandoen med en linje):</string>
	<string name="pref_notification_listener_permission">Notification Listener Permission</string>
	<string name="pref_notification_listener_permission_hint">Notification Listener Permission bruges til at registrere ændringer i afspillertilstande, f.eks. når de sender notifikationer og/eller ændrer afspilnings/pausetilstande</string>
	<string name="pref_notification_listener_permission_hint2">Poweramp Equalizer tilgår kun medieafsplillernotifikationer</string>
	<string name="pref_enable_player_tracking">Aktivér afspillersporing</string>
	<string name="pref_requires_two_permissions">To tilladelser kræves</string>
	<string name="pref_advanced_experimental_feature">Dette er en avanceret, eksperimentel funktion</string>
</resources>
