<?xml version="1.0" encoding="utf-8"?>
<resources>
    <string name="paid_welcome_line1">Tak for dit køb!</string>
    <string name="please_install_poweramp">Installer venligst <b>Poweramp (Trial)</b> - den er hoved applikationen.</string>
    <string name="install_trial_version_msg">Fuld versions-Unlocker\'en er en nøgle til Poweramp (Prøveversion), der oplåser alle funktioner.</string>
    <string name="unlocker_can_hide_icon">Oplåser behøver intet app-starterikon - du kan skjule det</string>
    <string name="unlocker_remove_msg">Om ønsket kan du kan afinstallere Oplåser <b>2 dage</b> efter købet/installationen</string>
    <string name="unlocker_free_reinstall_msg">Du kan altid geninstallere Oplåser gratis fra Google Play</string>
    <string name="install">Installér Poweramp</string>
    <string name="hide_icon">Skjul Unlocke-ikon i Launcher</string>
    <string name="start_poweramp">Start Poweramp</string>
    <string name="icon_hidden">Ikonet kan blive vist indtil genstart</string>
    <string name="icon_shown">Ikonet vises muligvis ikke før efter genstart</string>
</resources>
