<?xml version="1.0" encoding="utf-8"?>
<resources xmlns:tools="http://schemas.android.com/tools">
	<string name="peq_app_name">Poweramp Ekolayzer</string>
	<string name="pref_known_players">Bilinen Oynatıcılar</string>
	<string name="pref_summary_known_players">Oynatıcı uygulamaları için eşitlemeyi etkinleştir/devre dışı bırak</string>
	<string name="pref_known_players_hint">Herhangi bir oynatıcı uygulamasında bir şeyler oynatın ve (eşitleme destekleniyorsa) uygulama burada görünecektir</string>
	<string name="pref_known_players_hint2">Bazı oynatıcılar, eşitlemeyi başlatmak için yeni parçayı seçmeyi veya duraklatıp yeniden başlatmayı gerektirebilir</string>
	<string name="pref_known_players_hint3">Yeniden başlatmanın ardından, eşitleme 1-2 dakika gecikebilir. Poweramp Ekolayzer\'in açılışta otomatik başlatılmasına izin vermek gecikmeyi azaltır</string>
	<string name="pref_known_players_hint4">Poweramp oynatıcı, MusicFX seçeneği ile etkinleştirilebilir ve Poweramp uygulamasında DVC devre dışı bırakılabilir</string>
	<string name="pref_enable_for_app">Uygulama için etkinleştir</string>
	<string name="pref_last_time_seen">Son görülme zamanı</string>
	<string name="pref_summary_eq_disable_dvc">Bu uygulama için Direkt Ses Kontrolünü devre dışı bırak</string>
	<string name="pref_summary_eq_opt_player_restart">Oynatıcıya bağlı olarak, bu seçenek bir sonraki seçilen parça, oynatıcının yeniden başlatılması vb. üzerinde etkili olabilir</string>
	<string name="pref_summary_eq_player_fade">Ses bozukluklarını önlemek için oturum yeniden oluşturulduğunda oynatıcıyı geçici olarak sessize al</string>
	<string name="pref_summary_eq_player_fade_msg">Ses oturumlarını sürekli yeniden oluşturarak oynatıcının hatasını hafifletmeye yardımcı olur: parçaları değiştirirken, arama yaparken vb.</string>
	<string name="volume_and_tweaks">Ses ve ince ayarlar</string>
	<string name="pref_app_session_is_buggy_icon">Bu uygulamada bilinen bir hata var</string>
	<string name="pref_app_session_is_buggy">Bu uygulamada, ekolayzerler için Ses Oturumu\'nu doğru şekilde raporlamama hatası var</string>
	<string name="pref_app_multiple_sessions_bug">Bu uygulamada, birden çok aktif ses oturumu oluşturmayla ilgili bir hata var</string>
	<string name="hint_session_com_google_android_apps_youtube_music"><![CDATA[Bu hatayı önlemek için, YouTube Müzik ayarlarında "Müzik videoları oynatma"yı seçmeniz ve/veya parçanın ses/video sürümü arasında geçiş yapmanız gerekebilir]]></string>
	<string name="pref_report_bug_from_player">Lütfen hatayı oynatıcı uygulamasından bildirin!</string>
	<string name="pref_press_for_bug_desc">Hata açıklamasını kopyalamak için buraya basın</string>
	<string name="enable_vis">Görselleştirmeyi Etkinleştir</string>
	<string name="enable_vis_perm_required">Görselleştirmeyi etkinleştirmek için izin gerekiyor</string>
	<string name="enable_vis_perm_no_mic">Poweramp Ekolayzer, izin adına rağmen asla ses kaydetmez veya mikrofon kullanmaz</string>
	<string name="enable_vis_perm_later">Görselleştirmeyi daha sonra Ayarlar\'dan etkinleştirebilirsiniz</string>
	<string name="pref_enable_dvc_for_bt">Bluetooth için DVC\'yi etkinleştir</string>
	<string name="pref_summary_enable_dvc_for_bt">Bluetooth için DVC, sistem ayarlarında Mutlak Ses/Medya Sesi Eşitlemenin kapalı olmasını gerektirir</string>
	<string name="pref_summary_peq_equalizer">Ekolayzer ayarları, bilinen oynatıcılar, DVC</string>
	<string name="pref_summary_peq_look_and_feel">Tema, dil, bildirimler</string>
	<string name="pref_utils">Araçlar</string>
	<string name="pref_summary_utils">Kulaklık bağlandığında devam etme, ses tuşları kontrolleri, ince ayarlar</string>
	<string name="pref_volume_keys">Ses Tuşları</string>
	<string name="pref_peq_volume_keys_long_press_hint">Ses tuşlarına uzun basarak parçaları değiştirin. Bu seçenek, yalnızca bir ADB veya kabuk komutu ile etkinleştirilebilen yarı resmi bir Android 8+ API kullanır (bir satır, komutu kopyalamak için buraya dokunun):</string>
	<string name="pref_long_volume_resume">Ses Tuşuna Uzun Basarak da Devam Ettir</string>
	<string name="pref_summary_long_volume_resume">Son kullanılan oynatıcıda oynatmaya başlamak için ayrıca bir Devam Et komutu gönder</string>
	<string name="h_first_start_msg">Poweramp Ekolayzer\'in kurulumundan veya ilk başlatılmasından önce başlatılan bir oynatıcı için eşitlemeyi etkinleştirmek için, 
son uygulamalardan kaydırarak onu <b>duraklatmanız</b> ve <b>yeniden başlatmanız</b> gerekebilir</string>
	<string name="pref_notification_type_micro">Mikro</string>
	<string name="pref_summary_notification_type_micro">Mümkün olduğunca az yer kaplayan bildirim</string>
	<string name="pref_notification_type_standard">Standart</string>
	<string name="pref_summary_notification_type_standard">Standart boyutlu bildirim</string>
	<string name="pref_peq_notification_msg1">Poweramp Ekolayzer\'i canlı tutmak için bildirim gereklidir</string>
	<string name="pref_peq_notification_msg2">Bildirim özellikle uygulamaları çok agresif bir şekilde sonlandıran cihazlarda veya Poweramp Ekolayzer\'in her zaman canlı olması gerektiğinde, örneğin ses tuşlarına veya bir kulaklık bağlantısına yanıt vermek için önemlidir</string>
	<string name="pref_peq_notification_msg3"><![CDATA[Bildirimi gizlemeniz gerekiyorsa, bunu <a href="android_notif_settings">Android bildirim ayarları</a> üzerinden yapmanız önerilir]]></string>
	<string name="pref_summary_peq_keep_notification_always">Oynatıcı uygulaması oynatılmasa bile bildirim kalır ve Poweramp Ekolayzer\'i bir sonraki oynatma için hazır tutar</string>
	<string name="pref_summary_peq_keep_notification_always_msg">Devre dışıysa, bildirim oynatıcılar kapandıktan bir süre sonra kaldırılır ve bu nedenle artık eşitleme talep etmez</string>
	<string name="pref_summary_peq_no_keep_notif_on_dscn">Kulaklık/BT bağlantısı kesildiğinde bildirim kaldırılır</string>
	<string name="pref_peq_buy">Poweramp Ekolayzer\'i Satın Al</string>
	<string name="pref_peq_long_close_delay">Ekolayzer Oturumunu Sakla</string>
	<string name="pref_summary_peq_long_close_delay">Oynatıcı için aktif oturumu devam ettirir. Duraklatmada ekolayzer oturumunu kapatan ve bu nedenle devam ettirme sırasında ses bozukluklarına neden olan oynatıcılar için gereklidir</string>
	<string name="pref_peq_doesnt_increase_res_usage">Kaynak kullanımını artırmaz, ancak Poweramp Ekolayzer\'i daha uzun süre canlı tutar</string>
	<string name="pref_peq_increases_res_usage">Kaynak kullanımını artırır</string>
	<string name="pref_test_build">Test Yapısı</string>
	<string name="test_build_expired">Test Yapısının Süresi Doldu</string>
	<string name="update_app">Lütfen uygulamayı güncelleyin</string>
	<string name="thanks_for_testing">Test ettiğiniz için teşekkürler!</string>
	<string name="pref_peq_blocksize">Blok Boyutu</string>
	<string name="pref_summary_peq_blocksize">İşlenmiş bloktaki örnek sayısını tanımlar. Daha büyük blok boyutu, frekans çözünürlüğünü artırır, ancak aynı zamanda CPU kullanımını da artırır. Ses atlarsa azaltın</string>
	<string name="pref_peq_blocksize_hires">Hi-Res İçin Blok Boyutu</string>
	<string name="pref_summary_peq_blocksize_hires">Hi-Res ses için blok boyutu, örneğin Hi Res/LDAC oynatma için ses atlarsa azaltılabilir</string>
	<string name="pref_peq_blocksize_hires_msg">Çoğu akış oynatıcı 44,1 kHz/48 kHz kullandığından, ekstra yeniden örnekleme ve/veya artan CPU kullanımından kaçınmak üzere LDAC (veya diğer Hi-Res çıkışlar) için 44.1/48kHz ayarlanması önerilir</string>
	<string name="pref_peq_blocksize_msg_android_9">Android 9\'da, bas yükseltildiğinde basla ilişkili tıklamaları önlemek için daha büyük blok boyutu gerektiren bir hata var</string>
	<string name="pref_peq_multi_session">Çoklu oturum</string>
	<string name="pref_summary_peq_multi_session">Oynatıcı uygulaması birden fazla aktif ses oturumu oluşturduğunda ortaya çıkan bir hata için geçici çözüm</string>
	<!-- I.e. playback audio session -->
	<string name="audio_session">Ses Oturumu</string>
	<string name="samples_d">Örnekler: %d</string>
	<string name="compressor">Kompresör</string>
	<string name="h_compressor">Dinamik aralık sıkıştırma</string>
	<string name="pref_summary_peq_compressor">Ek kompresör parametreleri</string>
	<!-- %.1 is replaced to a number of milliseconds -->
	<string name="f1_ms">%.1fms</string>
	<!-- %.0 is replaced to a number of milliseconds -->
	<string name="f0_ms">%.0fms</string>
	<!-- (Compressor) Attack time -->
	<string name="compr_attack">Atak</string>
	<!-- (Compressor) Release time -->
	<string name="compr_release">Release</string>
	<!-- (Compressor) Ratio -->
	<string name="compr_ratio">Oran</string>
	<!-- (Compressor) Knee -->
	<string name="compr_knee">Knee</string>
	<!-- (Compressor) Threshold -->
	<string name="compr_thr">Eşik</string>
	<!-- (Compressor) Gain -->
	<string name="compr_gain">Gain</string>
	<!-- (Compressor) Frequency -->
	<string name="compr_freq">Frekans</string>
	<!-- (Compressor) Expand Ratio -->
	<string name="compr_expand_ratio">Genişletme Oranı</string>
	<!-- (Compressor) Noise Gate -->
	<string name="compr_noise_gate">Gürültü Kapısı</string>
	<!-- (Compressor) Pre-gain -->
	<string name="compr_pregain">Pre-gain</string>
	<string name="recently_rebooted">Son Yeniden Başlatılan</string>
	<string name="recently_rebooted_msg">Ekolayzer, işletim sistemi sınırlaması nedeniyle yeniden başlatmanın ardından birkaç dakika gecikmeyle başlayabilir</string>
	<string name="pref_peq_enable">Ses İşlemeyi Etkinleştir</string>
	<string name="pref_summary_peq_enable">Devre dışıysa, ses işlenmez</string>
	<string name="audio_processing_disabled">Ses İşleme Devre Dışı</string>
	<string name="peq_enable_press_to_reenable"><![CDATA[<a href="settings/peq_equ#peq_enable">Yeniden etkinleştirmek için buraya basın</a>]]></string>
	<!-- Icon -->
	<string name="black_equ">Siyah Ekolayzer</string>
	<!-- Icon -->
	<string name="white_equ">Beyaz Ekolayzer</string>
	<string name="active_players">Aktif Oynatıcılar</string>
	<string name="pref_about_peq">Poweramp Ekolayzer Hakkında</string>
	<string name="h_recognized_active_players">Tanınan aktif oynatıcılar</string>
	<string name="pref_advanced_player_tracking">Gelişmiş Oynatıcı Takibi</string>
	<string name="pref_summary_advanced_player_tracking">Hemen hemen her oynatıcıda dengeleyiciye izin verir, ancak ek izinler gerektirir</string>
	<!-- "DUMP" is probably shoud not be translated -->
	<string name="pref_dump_permission">DUMP İzni</string>
	<!-- "DUMP", "ADB" - probably shoud not be translated, "shell" - means shell command console -->
	<string name="pref_dump_permission_hint">DUMP izni, çalan tüm ses oturumlarının listesini almak için kullanılır. Bu yalnızca ADB (veya kabuk) komutuyla etkinleştirilebilir (tek satırlık komutu kopyalamak için burayı tıklayın):</string>
	<string name="pref_notification_listener_permission">Bildirim Dinleyici İzni</string>
	<string name="pref_notification_listener_permission_hint">Bildirim dinleyici izni, oynatıcıları bildirimlerini yayınladıklarında ve/veya oynatma/duraklatma durumlarını değiştirdiklerinde izlemek için kullanılır</string>
	<string name="pref_notification_listener_permission_hint2">Poweramp Ekolayzer yalnızca medya oynatıcı bildirimlerine erişir</string>
	<string name="pref_enable_player_tracking">Oynatıcı Takibini Etkinleştir</string>
	<string name="pref_requires_two_permissions">İki izin gerekli</string>
	<string name="pref_advanced_experimental_feature">Bu gelişmiş bir deneysel özelliktir</string>
</resources>
