<?xml version="1.0" encoding="utf-8"?>
<resources>
    <string name="paid_welcome_line1">Satın aldığınız için teşekkürler!</string>
    <string name="please_install_poweramp">Lütfen ana uygulama olan <b>Poweramp</b>\'i yükleyin.</string>
    <string name="install_trial_version_msg">Poweramp Unlocker, Poweramp\'i Tam Sürüme dönüştüren bir anahtardır.\n\nUnlocker başlatıcı simgesine ihtiyaç duymaz ve gizleyebilirsiniz.</string>
    <string name="unlocker_can_hide_icon">Unlocker\'ın bir başlatıcı simgesine ihtiyacı yoktur, gizleyebilirsiniz</string>
    <string name="unlocker_remove_msg">İsterseniz Unlocker\'ı satın alma/kurulumdan sonra <b>2 gün</b> içinde kaldırabilirsiniz</string>
    <string name="unlocker_free_reinstall_msg">Unlocker\'ı her zaman Play\'den ücretsiz olarak yeniden yükleyebilirsiniz</string>
    <string name="install">Poweramp\'i Yükle</string>
    <string name="hide_icon">Unlocker Simgesini Başlatıcıdan Gizle</string>
    <string name="start_poweramp">Poweramp\'i Başlat</string>
    <string name="icon_hidden">Simge yeniden başlatılıncaya kadar görünebilir</string>
    <string name="icon_shown">Simge yeniden başlatılıncaya kadar görünmeyebilir</string>
</resources>
