<?xml version="1.0" encoding="utf-8"?>
<resources>
    <string name="paid_welcome_line1">Дзякуй за вашу куплю!</string>
    <string name="please_install_poweramp">Усталюйце <b>Poweramp (Trial)</b> - гэта асноўная праграма.</string>
    <string name="install_trial_version_msg">Full Version Unlocker — ключ для Poweramp (Trial), які пераўтварае яго ў поўную версію.</string>
    <string name="unlocker_can_hide_icon">Unlocker не патрабуе значка для запуску, вы можаце схаваць яго</string>
    <string name="unlocker_remove_msg">Калі жадаеце, вы можаце выдаліць Unlocker <b>на працягу 2 дзён</b> пасля куплі/усталявання</string>
    <string name="unlocker_free_reinstall_msg">Вы заўсёды можаце бясплатна пераўсталяваць Unlocker з Крамы Play</string>
    <string name="install">Усталяваць Poweramp</string>
    <string name="hide_icon">Схаваць значок Unlocker са спіса праграм</string>
    <string name="start_poweramp">Запусціць Poweramp</string>
    <string name="icon_hidden">Значок можа заставацца да перазагрузкі</string>
    <string name="icon_shown">Значок можа быць нябачным да перазагрузкі</string>
</resources>
