<?xml version="1.0" encoding="utf-8"?>
<resources>
    <string name="paid_welcome_line1">Dank je wel voor je aankoop!</string>
    <string name="please_install_poweramp">Installeer alstublieft <b>Poweramp (Trial)</b> - dit is de hoofdapplicatie.</string>
    <string name="install_trial_version_msg">Full Version Unlocker is een plugin voor Poweramp (Trial) waarmee de volledige versie geactiveerd wordt.</string>
    <string name="unlocker_can_hide_icon">De unlocker heeft geen icon nodig. U kunt het verbergen</string>
    <string name="unlocker_remove_msg">Je kan de Unlocker de-installeren <b>2 dagen</b> na de aankoop/installatie indien gewenst</string>
    <string name="unlocker_free_reinstall_msg">Je kan altijd de Unlocker gratis herinstalleren van Play</string>
    <string name="install">Installeer Poweramp</string>
    <string name="hide_icon">Verberg Unlocker Pictogram Van De Launcher</string>
    <string name="start_poweramp">Start Poweramp</string>
    <string name="icon_hidden">Het pictogram verschijnt mogelijk pas tot opnieuw starten</string>
    <string name="icon_shown">Het pictogram verschijnt mogelijks pas na het opnieuw starten</string>
</resources>
