<?xml version="1.0" encoding="utf-8"?>
<resources>
    <string name="paid_welcome_line1">आपकी खरीदारी के लिए धन्यवाद!</string>
    <string name="please_install_poweramp">कृपया <b>Poweramp (ट्रायल)</b> को इंस्टॉल करें - यह मुख्य ऐप है</string>
    <string name="install_trial_version_msg">\'फुल वर्जन अनलॉकर\' Poweramp (ट्रायल) के लिए एक कुंजी है। \'अनलॉकर\' Poweramp को फुल वर्जन में बदल देता है।</string>
    <string name="unlocker_can_hide_icon">Unlocker को लॉन्चर आइकन की आवश्यकता नहीं है, आप इसे छिपा सकते हैं</string>
    <string name="unlocker_remove_msg">आप चाहें तो खरीदारी/ इंस्टॉल किए जाने के <b>2 दिन</b> बाद आप Unlocker को अनइंस्टॉल कर सकते हैं</string>
    <string name="unlocker_free_reinstall_msg">आप कभी भी मुफ्त में Play से Unlocker को रीइंस्टॉल कर सकते हैं</string>
    <string name="install">Poweramp इंस्टॉल करें</string>
    <string name="hide_icon">अनलॉकर आइकन को लॉन्चर से छुपाएँ</string>
    <string name="start_poweramp">Poweramp चालू करें</string>
    <string name="icon_hidden">हो सकता है कि रीबूट होने तक आइकन बना रहे</string>
    <string name="icon_shown">हो सकता है कि रीबूट होने तक आइकन न दिखे</string>
</resources>
