<?xml version="1.0" encoding="utf-8"?>
<resources xmlns:tools="http://schemas.android.com/tools">
	<string name="peq_app_name">Poweramp इक्वलाइज़र</string>
	<string name="pref_known_players">ज्ञात प्लेयर्स</string>
	<string name="pref_summary_known_players">प्लेयर ऐप के लिए इक्वलाइज़ेशन सक्षम/अक्षम करें</string>
	<string name="pref_known_players_hint">किसी भी प्लेयर ऐप में कुछ प्ले करें और (यदि इक्वलाइज़ेशन के लिए सपोर्ट है) तो ऐप यहाँ दिखाई देगा</string>
	<string name="pref_known_players_hint2">इक्वलाइज़ेशन शुरू करने के लिए, कुछ प्लेयर्स में नया ट्रैक चुनना या पॉज़ करना और रीस्टार्ट करना जरूरी हो सकता है</string>
	<string name="pref_known_players_hint3">रीबूट होने के बाद, इक्वलाइज़ेशन 1-2 मिनट की देरी से हो सकता है। Poweramp इक्वलाइजर को बूट होने पर ऑटोस्टार्ट होने का मौका देने से देरी कम हो जाती है</string>
	<string name="pref_known_players_hint4">Poweramp प्लेयर को MusicFX विकल्प के साथ और Poweramp ऐप में DVC को अक्षम करते हुए सक्षम किया जा सकता है</string>
	<string name="pref_enable_for_app">ऐप के लिए सक्षम करें</string>
	<string name="pref_last_time_seen">आखिरी बार देखा गया</string>
	<string name="pref_summary_eq_disable_dvc">इस ऐप के लिए प्रत्यक्ष ध्वनि नियंत्रण अक्षम करें</string>
	<string name="pref_summary_eq_opt_player_restart">प्लेयर के आधार पर, यह विकल्प अगले चुने गए ट्रैक, प्लेयर के रीस्टार्ट होने आदि पर लागू हो सकता है।</string>
	<string name="pref_summary_eq_player_fade">जब सेशन को ऑडियो आर्टिफ़ैक्ट से बचने के लिए रीक्रिएट किया जाता है, तो प्लेयर को अस्थाई रूप से फेड करें</string>
	<string name="pref_summary_eq_player_fade_msg">ऑडियो सेशन के लगातार रिक्रिएशन के साथ प्लेयर बग का असर कम करने में मदद करता है: ट्रैक बदलने पर, ऑन सीक आदि पर</string>
	<string name="volume_and_tweaks">वॉल्यूम और ट्वीक्स</string>
	<string name="pref_app_session_is_buggy_icon">इस ऐप में एक ज्ञात बग है</string>
	<string name="pref_app_session_is_buggy">इस ऐप में इक्वलाइज़र के लिए ऑडियो सेशन की ठीक तरह से रिपोर्टिंग नहीं करने का एक ज्ञात बग है</string>
	<string name="pref_app_multiple_sessions_bug">इस ऐप में कई एक्टिव ऑडियो सेशन बनाने का एक ज्ञात बग है</string>
	<string name="hint_session_com_google_android_apps_youtube_music"><![CDATA[इस बग से बचकर निकलने के लिए, YouTube Music सेटिंग्स में "म्यूजिक वीडियो न चलाएँ" को चुनने से मदद मिल सकती है और/या किसी ट्रैक के वीडियो/ऑडियो वर्ज़न के बीच स्विच करने से मदद मिल सकती है]]></string>
	<string name="pref_report_bug_from_player">कृपया प्लेयर ऐप के भीतर बग की रिपोर्ट करें!</string>
	<string name="pref_press_for_bug_desc">बग का विवरण कॉपी करने के लिए यहाँ दबाएँ</string>
	<string name="enable_vis">विज़ुअलाइजेशन सक्षम करें</string>
	<string name="enable_vis_perm_required">विजुअलाइज़ेशन सक्षम करने के लिए अनुमति चाहिए</string>
	<string name="enable_vis_perm_no_mic">Poweramp इक्वलाइज़र कभी भी ऑडियो को रिकॉर्ड नहीं करता या माइक्रोफ़ोन का उपयोग नहीं करता, चाहे अनुमति नाम मौजूद हो</string>
	<string name="enable_vis_perm_later">आप बाद में सेटिंग्स में विजुअलाइज़ेशन सक्षम कर सकते हैं</string>
	<string name="pref_enable_dvc_for_bt">ब्लूटूथ के लिए DVC सक्षम करें</string>
	<string name="pref_summary_enable_dvc_for_bt">ब्लूटूथ के लिए DVC के लिए, ऐब्सोल्यूट वॉल्यूम/मीडिया वॉल्यूम सिंक सिस्टम का विकल्प बंद होना जरूरी है</string>
	<string name="pref_summary_peq_equalizer">इक्वलाइज़र सेटिंग्स, ज्ञात प्लेयर, DVC</string>
	<string name="pref_summary_peq_look_and_feel">स्किन, भाषा, नोटिफिकेशन</string>
	<string name="pref_utils">यूटिल्स</string>
	<string name="pref_summary_utils">हेडसेट कनेक्शन पर फिर से शुरू करें, वॉल्यूम कीज़ कंट्रोल, ट्वीक</string>
	<string name="pref_volume_keys">वॉल्यूम कीज़</string>
	<string name="pref_peq_volume_keys_long_press_hint">वॉल्यूम की को देर तक दबाने से ट्रैक स्विच होते हैं। यह विकल्प सेमी-ऑफिशियल Android 8+ API का उपयोग करता है, जिसे केवल ADB या शेल कमांड के ज़रिए एक्टिवेट किया जा सकता है (एक लाइन, कमांड को कॉपी करने के लिए यहाँ टैप करें):</string>
	<string name="pref_long_volume_resume">वॉल्यूम की को देर तक दबाकर भी फिर से चालू होता है</string>
	<string name="pref_summary_long_volume_resume">हाल ही में उपयोग किए गए प्लेयर में चलाना शुरू करने के लिए रिज्यूम कमांड भेजें</string>
	<string name="h_first_start_msg">उस प्लेयर के लिए इक्वलाइज़ेशन सक्षम करने के लिए जो Poweramp इक्वलाइज़र इंस्टॉलेशन/पहली बार रन किए जाने से पहले शुरू हुआ है, 
आपको हाल के ऐप्स से इसे दूर रखकर एक बार <b>पॉज</b> और <b>रीस्टार्ट</b> करने की जरूरत पड़ सकती है</string>
	<string name="pref_notification_type_micro">माइक्रो</string>
	<string name="pref_summary_notification_type_micro">नोटिफिकेशन जो कम से कम स्पेस लेता है</string>
	<string name="pref_notification_type_standard">मानक</string>
	<string name="pref_summary_notification_type_standard">मानक आकार का नोटिफिकेशन</string>
	<string name="pref_peq_notification_msg1">Poweramp इक्वलाइज़र को अलाइव रखने के लिए नोटिफिकेशन जरूरी है</string>
	<string name="pref_peq_notification_msg2">नोटिफिकेशन उन डिवाइस पर खास तौर पर महत्वपूर्ण है जो ऐप्स को बहुत आक्रामक तरीके से समाप्त करते हैं या जब Poweramp इक्वलाइज़र हमेशा अलाइव होना चाहिए उदाहरण के लिए वॉल्यूम बटन या हेडसेट कनेक्शन पर प्रतिक्रिया देने के लिए</string>
	<string name="pref_peq_notification_msg3"><![CDATA[नोटिफिकेशन को छिपाने का सुझाया गया तरीका <a href="android_notif_settings">एंड्रॉयड नोटिफिकेशन सेटिंग्स</a>" के जरिए है]]></string>
	<string name="pref_summary_peq_keep_notification_always">नोटिफिकेशन उस समय भी दिखाई देता है जब प्लेयर ऐप चल नहीं रहा होता है, जिससे Poweramp इक्वलाइज़र अगले प्लेबैक के लिए तैयार रहता है</string>
	<string name="pref_summary_peq_keep_notification_always_msg">अक्षम किए जाने पर, नोटिफिकेशन को प्लेयर के बंद होने के कुछ समय बाद हटा दिया जाता है और इस तरह यह और इक्वलाइज़ेशन का अनुरोध नहीं करता है</string>
	<string name="pref_summary_peq_no_keep_notif_on_dscn">नोटिफिकेशन को हेडसेट/BT डिसकनेक्शन पर हटा दिया जाता है</string>
	<string name="pref_peq_buy">Poweramp इक्वलाइज़र खरीदें</string>
	<string name="pref_peq_long_close_delay">इक्वलाइज़र सेशन रखें</string>
	<string name="pref_summary_peq_long_close_delay">प्लेयर के लिए एक्टिव सेशन को रखता है। ऐसे प्लेयर्स के लिए जरूरी है जो पॉज होने पर इक्वलाइज़ेशन सेशन को बंद करता है, जिससे फिर से शुरू होने पर ऑडियो आर्टिफ़ैक्ट पैदा होता है</string>
	<string name="pref_peq_doesnt_increase_res_usage">संसाधनों के उपयोग को बढ़ाता नहीं है, लेकिन Poweramp इक्वलाइज़र को देर तक लाइव रखता है</string>
	<string name="pref_peq_increases_res_usage">संसाधनों के उपयोग को बढ़ाता है</string>
	<string name="pref_test_build">टेस्ट बिल्ड</string>
	<string name="test_build_expired">टेस्ट बिल्ड का समय समाप्त हुआ</string>
	<string name="update_app">कृपया ऐप को अपडेट करें</string>
	<string name="thanks_for_testing">टेस्टिंग के लिए धन्यवाद!</string>
	<string name="pref_peq_blocksize">ब्लॉक साइज</string>
	<string name="pref_summary_peq_blocksize">प्रोसेस्ड ब्लॉक में सैंपल की संख्या निर्धारित करता है। बड़े आकार के ब्लॉक से फ्रीक्वेंसी रिजोल्यूशन बढ़ता है लेकिन साथ में CPU उपयोग भी बढ़ता है। यदि ऑडियो स्किप होता है तो कम करें</string>
	<string name="pref_peq_blocksize_hires">Hi-Res के लिए ब्लॉक साइज</string>
	<string name="pref_summary_peq_blocksize_hires">Hi-Res ऑडियो के लिए ब्लॉक साइज को घटाया जा सकता है यदि ऑडियो स्किप होता है, उदाहरण के लिए Hi-Res/LDAC प्लेबैक के लिए</string>
	<string name="pref_peq_blocksize_hires_msg">चूँकि ज़्यादातर स्ट्रीमिंग प्लेयर्स 44.1kHz/48kHz का उपयोग करते हैं, इसलिए एक्स्ट्रा रीसैंपलिंग और/या बढ़े हुए CPU उपयोग से बचने के लिए भी LDAC के लिए 44.1/48kHz (या दूसरे Hi-Res आउटपुट) सेट करने का सुझाव दिया जाता है</string>
	<string name="pref_peq_blocksize_msg_android_9">Android 9 में एक बग है जिसमें बेस के ऐम्प्लीफ़ाइड होने पर बेस के साथ जुड़े क्लिक से बचने के लिए बड़ा ब्लॉक साइज आवश्यक होता है</string>
	<string name="pref_peq_multi_session">मल्टी-सेशन</string>
	<string name="pref_summary_peq_multi_session">बग से बचकर निकलने के लिए एक तरीका जिसमें प्लेयर ऐप कई एक्टिव ऑडियो सेशन बनाता है</string>
	<!-- I.e. playback audio session -->
	<string name="audio_session">ऑडियो सेशन</string>
	<string name="samples_d">सैंपल: %d</string>
	<string name="compressor">कम्प्रेसर</string>
	<string name="h_compressor">डायनैमिक रेंज कम्प्रेशन</string>
	<string name="pref_summary_peq_compressor">कम्प्रेसर के अतिरिक्त मापदंड</string>
	<!-- %.1 is replaced to a number of milliseconds -->
	<string name="f1_ms">%.1fms</string>
	<!-- %.0 is replaced to a number of milliseconds -->
	<string name="f0_ms">%.0fms</string>
	<!-- (Compressor) Attack time -->
	<string name="compr_attack">अटैक</string>
	<!-- (Compressor) Release time -->
	<string name="compr_release">रिलीज</string>
	<!-- (Compressor) Ratio -->
	<string name="compr_ratio">अनुपात</string>
	<!-- (Compressor) Knee -->
	<string name="compr_knee">नी</string>
	<!-- (Compressor) Threshold -->
	<string name="compr_thr">थ्रेशोल्ड</string>
	<!-- (Compressor) Gain -->
	<string name="compr_gain">गेन</string>
	<!-- (Compressor) Frequency -->
	<string name="compr_freq">फ्रीक्वेंसी</string>
	<!-- (Compressor) Expand Ratio -->
	<string name="compr_expand_ratio">एक्सपैंड रेशियो</string>
	<!-- (Compressor) Noise Gate -->
	<string name="compr_noise_gate">नॉइज़ गेट</string>
	<!-- (Compressor) Pre-gain -->
	<string name="compr_pregain">प्री-गेन</string>
	<string name="recently_rebooted">हाल में रीबूट किया गया</string>
	<string name="recently_rebooted_msg">OS सीमा के कारण रीबूट होने के बाद कुछ मिनटों तक की देरी के साथ इक्वलाइज़ेशन शुरू हो सकता है</string>
	<string name="pref_peq_enable">ऑडियो प्रोसेसिंग को सक्षम करें</string>
	<string name="pref_summary_peq_enable">यदि अक्षम किया गया है, तो कोई ऑडियो प्रोसेस नहीं होता है</string>
	<string name="audio_processing_disabled">ऑडियो प्रोसेसिंग अक्षम की गई</string>
	<string name="peq_enable_press_to_reenable"><![CDATA[<a href="settings/peq_equ#peq_enable">फिर से सक्षम करने के लिए यहाँ दबाएँ</a>]]></string>
	<!-- Icon -->
	<string name="black_equ">ब्लैक इक्वलाइज़र</string>
	<!-- Icon -->
	<string name="white_equ">व्हाइट इक्वलाइज़र</string>
	<string name="active_players">एक्टिव प्लेयर्स</string>
	<string name="pref_about_peq">Poweramp इक्वलाइज़र का परिचय</string>
	<string name="h_recognized_active_players">पहचाने गए एक्टिव प्लेयर्स</string>
	<string name="pref_advanced_player_tracking">एडवांस्ड प्लेयर ट्रैकिंग</string>
	<string name="pref_summary_advanced_player_tracking">तकरीबन हरेक प्लेयर में इक्वलाइज़ेशन की सुविधा देता है, मगर इसके लिए अतिरिक्त अनुमतियों की आवश्यकता होती है</string>
	<!-- "DUMP" is probably shoud not be translated -->
	<string name="pref_dump_permission">DUMP अनुमति</string>
	<!-- "DUMP", "ADB" - probably shoud not be translated, "shell" - means shell command console -->
	<string name="pref_dump_permission_hint">DUMP अनुमति का उपयोग सभी ऑडियो सत्रों की सूची पाने के लिए किया जाता है। इसे केवल ADB (या शेल) कमांड के जरिए एक्टिवेट किया जा सकता है (सिंगल-लाइन कमांड को कॉपी करने के लिए यहां क्लिक करें):</string>
	<string name="pref_notification_listener_permission">नोटिफिकेशन सुननेवाला अनुमति</string>
	<string name="pref_notification_listener_permission_hint">नोटिफिकेशन सुननेवाला की अनुमति का उपयोग प्लेयर्स को ट्रैक करने के लिए किया जाता है जब वे अपनी नोटिफिकेशन पोस्ट करते हैं और / या अपनी प्ले/पॉज स्थिति को बदलते हैं</string>
	<string name="pref_notification_listener_permission_hint2">पॉवरएम्प इक्वालाइज़र केवल मीडिया प्लेयर नोटिफिकेशन तक पहुँचता है</string>
	<string name="pref_enable_player_tracking">प्लेयर ट्रैकिंग सक्षम करें</string>
	<string name="pref_requires_two_permissions">दो अनुमतियों की आवश्यकता है</string>
	<string name="pref_advanced_experimental_feature">यह एक उन्नत आजमयशी फ़ीचर है</string>
</resources>
