<?xml version="1.0" encoding="utf-8"?>
<resources>
    <string name="paid_welcome_line1">ขอบคุณสำหรับการซื้อของคุณ!</string>
    <string name="please_install_poweramp">กรุณาติดตั้ง <b>Poweramp (Trial)</b> - ซึ่งเป็นแอปหลัก</string>
    <string name="install_trial_version_msg">Full Version Unlocker คือคีย์สำหรับ Poweramp (Trial) ตัว Unlocker จะเปลี่ยน Poweramp เป็น Full Version</string>
    <string name="unlocker_can_hide_icon">Unlocker ไม่จำเป็นต้องใช้ไอคอนเรียกใช้งาน คุณซ่อนเอาไว้ได้</string>
    <string name="unlocker_remove_msg">คุณสามารถถอนการติดตั้ง Unlocker ได้ <b>2 วัน</b> หลังจากการซื้อ/การติดตั้ง หากคุณประสงค์เช่นนั้น</string>
    <string name="unlocker_free_reinstall_msg">คุณสามารถติดตั้ง Unlocker ใหม่จาก Google Play ได้ฟรีเสมอ</string>
    <string name="install">ติดตั้ง Poweramp</string>
    <string name="hide_icon">ซ่อนไอคอน Unlocker จากตัวเรียกใช้งาน</string>
    <string name="start_poweramp">เรียกใช้ Poweramp</string>
    <string name="icon_hidden">ไอคอนอาจแสดงอยู่ จนกว่าจะรีบูต</string>
    <string name="icon_shown">ไอคอนอาจไม่ปรากฏ จนกว่าจะรีบูต</string>
</resources>
